Slow 1100mV 85C Model report for FFT
Wed Aug 26 19:14:17 2026
Quartus Prime Version 20.1.1 Build 720 11/11/2020 SJ Lite Edition


---------------------
; Table of Contents ;
---------------------
  1. Legal Notice
  2. Command Info
  3. Summary of Paths
  4. Path #1: Setup slack is -3.160 (VIOLATED)
  5. Path #2: Setup slack is -3.160 (VIOLATED)
  6. Path #3: Setup slack is -3.154 (VIOLATED)
  7. Path #4: Setup slack is -3.114 (VIOLATED)
  8. Path #5: Setup slack is -3.114 (VIOLATED)
  9. Path #6: Setup slack is -3.108 (VIOLATED)
 10. Path #7: Setup slack is -3.096 (VIOLATED)
 11. Path #8: Setup slack is -3.096 (VIOLATED)
 12. Path #9: Setup slack is -3.091 (VIOLATED)
 13. Path #10: Setup slack is -3.091 (VIOLATED)



----------------
; Legal Notice ;
----------------
Copyright (C) 2020  Intel Corporation. All rights reserved.
Your use of Intel Corporation's design tools, logic functions 
and other software and tools, and any partner logic 
functions, and any output files from any of the foregoing 
(including device programming or simulation files), and any 
associated documentation or information are expressly subject 
to the terms and conditions of the Intel Program License 
Subscription Agreement, the Intel Quartus Prime License Agreement,
the Intel FPGA IP License Agreement, or other applicable license
agreement, including, without limitation, that your use is for
the sole purpose of programming logic devices manufactured by
Intel and sold by Intel or its authorized distributors.  Please
refer to the applicable agreement for further details, at
https://fpgasoftware.intel.com/eula.



----------------
; Command Info ;
----------------
Report Timing: Found 10 setup paths (10 violated).  Worst case slack is -3.160 

Tcl Command:
    report_timing -setup -multi_corner -panel_name {Setup: clk} -from_clock [get_clocks { clk }] -to_clock [get_clocks { clk }] -npaths 10 -detail full_path

Options:
    -from_clock [get_clocks { clk }] 
    -to_clock [get_clocks { clk }] 
    -setup 
    -npaths 10 
    -detail full_path 
    -panel_name {Setup: clk} 
    -multi_corner 

Delay Model:
    Slow 1100mV 85C Model


+------------------------------------------------------------------------------------------------------------------------------------------------------------------------------------------------------------------------------------------------------------------------------------------------------------------------------------------------------------+
; Summary of Paths                                                                                                                                                                                                                                                                                                                                           ;
+--------+-------------------------------------------------------------------------------------------------------------------------------------+---------------------------------------------------------------------------------------------------------------------------------------+--------------+-------------+--------------+------------+------------+
; Slack  ; From Node                                                                                                                           ; To Node                                                                                                                               ; Launch Clock ; Latch Clock ; Relationship ; Clock Skew ; Data Delay ;
+--------+-------------------------------------------------------------------------------------------------------------------------------------+---------------------------------------------------------------------------------------------------------------------------------------+--------------+-------------+--------------+------------+------------+
; -3.160 ; preprocess_lms_fft_four_modes:pipeline|fir_decimator_32_dualmode:desired_decimator|fir_decimator_stage_dualmode:stage2|tap_index[0] ; preprocess_lms_fft_four_modes:pipeline|fir_decimator_32_dualmode:desired_decimator|fir_decimator_stage_dualmode:stage2|sample_out[8]  ; clk          ; clk         ; 20.000       ; -0.132     ; 22.928     ;
; -3.160 ; preprocess_lms_fft_four_modes:pipeline|fir_decimator_32_dualmode:desired_decimator|fir_decimator_stage_dualmode:stage2|tap_index[0] ; preprocess_lms_fft_four_modes:pipeline|fir_decimator_32_dualmode:desired_decimator|fir_decimator_stage_dualmode:stage2|sample_out[6]  ; clk          ; clk         ; 20.000       ; -0.132     ; 22.928     ;
; -3.154 ; preprocess_lms_fft_four_modes:pipeline|fir_decimator_32_dualmode:desired_decimator|fir_decimator_stage_dualmode:stage2|tap_index[0] ; preprocess_lms_fft_four_modes:pipeline|fir_decimator_32_dualmode:desired_decimator|fir_decimator_stage_dualmode:stage2|sample_out[5]  ; clk          ; clk         ; 20.000       ; -0.126     ; 22.928     ;
; -3.114 ; preprocess_lms_fft_four_modes:pipeline|fir_decimator_32_dualmode:desired_decimator|fir_decimator_stage_dualmode:stage2|tap_index[0] ; preprocess_lms_fft_four_modes:pipeline|fir_decimator_32_dualmode:desired_decimator|fir_decimator_stage_dualmode:stage2|sample_out[8]  ; clk          ; clk         ; 20.000       ; -0.132     ; 22.882     ;
; -3.114 ; preprocess_lms_fft_four_modes:pipeline|fir_decimator_32_dualmode:desired_decimator|fir_decimator_stage_dualmode:stage2|tap_index[0] ; preprocess_lms_fft_four_modes:pipeline|fir_decimator_32_dualmode:desired_decimator|fir_decimator_stage_dualmode:stage2|sample_out[6]  ; clk          ; clk         ; 20.000       ; -0.132     ; 22.882     ;
; -3.108 ; preprocess_lms_fft_four_modes:pipeline|fir_decimator_32_dualmode:desired_decimator|fir_decimator_stage_dualmode:stage2|tap_index[0] ; preprocess_lms_fft_four_modes:pipeline|fir_decimator_32_dualmode:desired_decimator|fir_decimator_stage_dualmode:stage2|sample_out[5]  ; clk          ; clk         ; 20.000       ; -0.126     ; 22.882     ;
; -3.096 ; preprocess_lms_fft_four_modes:pipeline|fir_decimator_32_dualmode:desired_decimator|fir_decimator_stage_dualmode:stage2|tap_index[0] ; preprocess_lms_fft_four_modes:pipeline|fir_decimator_32_dualmode:desired_decimator|fir_decimator_stage_dualmode:stage2|sample_out[8]  ; clk          ; clk         ; 20.000       ; -0.132     ; 22.864     ;
; -3.096 ; preprocess_lms_fft_four_modes:pipeline|fir_decimator_32_dualmode:desired_decimator|fir_decimator_stage_dualmode:stage2|tap_index[0] ; preprocess_lms_fft_four_modes:pipeline|fir_decimator_32_dualmode:desired_decimator|fir_decimator_stage_dualmode:stage2|sample_out[6]  ; clk          ; clk         ; 20.000       ; -0.132     ; 22.864     ;
; -3.091 ; preprocess_lms_fft_four_modes:pipeline|fir_decimator_32_dualmode:desired_decimator|fir_decimator_stage_dualmode:stage3|tap_index[1] ; preprocess_lms_fft_four_modes:pipeline|fir_decimator_32_dualmode:desired_decimator|fir_decimator_stage_dualmode:stage3|sample_out[10] ; clk          ; clk         ; 20.000       ; -0.131     ; 22.860     ;
; -3.091 ; preprocess_lms_fft_four_modes:pipeline|fir_decimator_32_dualmode:desired_decimator|fir_decimator_stage_dualmode:stage3|tap_index[1] ; preprocess_lms_fft_four_modes:pipeline|fir_decimator_32_dualmode:desired_decimator|fir_decimator_stage_dualmode:stage3|sample_out[8]  ; clk          ; clk         ; 20.000       ; -0.131     ; 22.860     ;
+--------+-------------------------------------------------------------------------------------------------------------------------------------+---------------------------------------------------------------------------------------------------------------------------------------+--------------+-------------+--------------+------------+------------+


Path #1: Setup slack is -3.160 (VIOLATED)
===============================================================================
+-----------------------------------------------------------------------------------------------------------------------------------------------------------+
; Path Summary                                                                                                                                              ;
+--------------------+--------------------------------------------------------------------------------------------------------------------------------------+
; Property           ; Value                                                                                                                                ;
+--------------------+--------------------------------------------------------------------------------------------------------------------------------------+
; From Node          ; preprocess_lms_fft_four_modes:pipeline|fir_decimator_32_dualmode:desired_decimator|fir_decimator_stage_dualmode:stage2|tap_index[0]  ;
; To Node            ; preprocess_lms_fft_four_modes:pipeline|fir_decimator_32_dualmode:desired_decimator|fir_decimator_stage_dualmode:stage2|sample_out[8] ;
; Launch Clock       ; clk                                                                                                                                  ;
; Latch Clock        ; clk                                                                                                                                  ;
; Data Arrival Time  ; 26.714                                                                                                                               ;
; Data Required Time ; 23.554                                                                                                                               ;
; Slack              ; -3.160 (VIOLATED)                                                                                                                    ;
+--------------------+--------------------------------------------------------------------------------------------------------------------------------------+

+------------------------------------------------------------------------------------+
; Statistics                                                                         ;
+------------------------+--------+-------+-------------+------------+-------+-------+
; Property               ; Value  ; Count ; Total Delay ; % of Total ; Min   ; Max   ;
+------------------------+--------+-------+-------------+------------+-------+-------+
; Setup Relationship     ; 20.000 ;       ;             ;            ;       ;       ;
; Clock Skew             ; -0.132 ;       ;             ;            ;       ;       ;
; Data Delay             ; 22.928 ;       ;             ;            ;       ;       ;
; Number of Logic Levels ;        ; 13    ;             ;            ;       ;       ;
; Physical Delays        ;        ;       ;             ;            ;       ;       ;
;  Arrival Path          ;        ;       ;             ;            ;       ;       ;
;   Clock                ;        ;       ;             ;            ;       ;       ;
;    IC                  ;        ; 3     ; 2.096       ; 55         ; 0.000 ; 1.727 ;
;    Cell                ;        ; 3     ; 1.690       ; 45         ; 0.443 ; 0.669 ;
;   Data                 ;        ;       ;             ;            ;       ;       ;
;    IC                  ;        ; 62    ; 10.641      ; 46         ; 0.000 ; 1.421 ;
;    Cell                ;        ; 63    ; 12.287      ; 54         ; 0.000 ; 3.778 ;
;    uTco                ;        ; 1     ; 0.000       ; 0          ; 0.000 ; 0.000 ;
;  Required Path         ;        ;       ;             ;            ;       ;       ;
;   Clock                ;        ;       ;             ;            ;       ;       ;
;    IC                  ;        ; 3     ; 2.000       ; 56         ; 0.000 ; 1.651 ;
;    Cell                ;        ; 3     ; 1.578       ; 44         ; 0.413 ; 0.669 ;
+------------------------+--------+-------+-------------+------------+-------+-------+
Note: Negative delays are omitted from totals when calculating percentages

+-------------------------------------------------------------------------------------------------------------------------------------------------------------------------------------------------------+
; Data Arrival Path                                                                                                                                                                                     ;
+----------+---------+----+------+--------+----------------------+--------------------------------------------------------------------------------------------------------------------------------------+
; Total    ; Incr    ; RF ; Type ; Fanout ; Location             ; Element                                                                                                                              ;
+----------+---------+----+------+--------+----------------------+--------------------------------------------------------------------------------------------------------------------------------------+
; 0.000    ; 0.000   ;    ;      ;        ;                      ; launch edge time                                                                                                                     ;
; 3.786    ; 3.786   ;    ;      ;        ;                      ; clock path                                                                                                                           ;
;   0.000  ;   0.000 ;    ;      ;        ;                      ; source latency                                                                                                                       ;
;   0.000  ;   0.000 ;    ;      ; 1      ; PIN_M16              ; clk                                                                                                                                  ;
;   0.000  ;   0.000 ; RR ; IC   ; 1      ; IOIBUF_X54_Y18_N61   ; clk~input|i                                                                                                                          ;
;   0.669  ;   0.669 ; RR ; CELL ; 1      ; IOIBUF_X54_Y18_N61   ; clk~input|o                                                                                                                          ;
;   1.038  ;   0.369 ; RR ; IC   ; 1      ; CLKCTRL_G10          ; clk~inputCLKENA0|inclk                                                                                                               ;
;   1.481  ;   0.443 ; RR ; CELL ; 11676  ; CLKCTRL_G10          ; clk~inputCLKENA0|outclk                                                                                                              ;
;   3.208  ;   1.727 ; RR ; IC   ; 1      ; FF_X43_Y37_N2        ; pipeline|desired_decimator|stage2|tap_index[0]|clk                                                                                   ;
;   3.786  ;   0.578 ; RR ; CELL ; 1      ; FF_X43_Y37_N2        ; preprocess_lms_fft_four_modes:pipeline|fir_decimator_32_dualmode:desired_decimator|fir_decimator_stage_dualmode:stage2|tap_index[0]  ;
; 26.714   ; 22.928  ;    ;      ;        ;                      ; data path                                                                                                                            ;
;   3.786  ;   0.000 ;    ; uTco ; 1      ; FF_X43_Y37_N2        ; preprocess_lms_fft_four_modes:pipeline|fir_decimator_32_dualmode:desired_decimator|fir_decimator_stage_dualmode:stage2|tap_index[0]  ;
;   3.786  ;   0.000 ; FF ; CELL ; 38     ; FF_X43_Y37_N2        ; pipeline|desired_decimator|stage2|tap_index[0]|q                                                                                     ;
;   4.467  ;   0.681 ; FF ; IC   ; 1      ; LABCELL_X41_Y37_N30  ; pipeline|desired_decimator|stage2|LessThan1~2|datad                                                                                  ;
;   4.981  ;   0.514 ; FF ; CELL ; 1      ; LABCELL_X41_Y37_N30  ; pipeline|desired_decimator|stage2|LessThan1~2|combout                                                                                ;
;   5.309  ;   0.328 ; FF ; IC   ; 1      ; MLABCELL_X42_Y37_N24 ; pipeline|desired_decimator|stage2|LessThan1~3|datac                                                                                  ;
;   5.821  ;   0.512 ; FF ; CELL ; 7      ; MLABCELL_X42_Y37_N24 ; pipeline|desired_decimator|stage2|LessThan1~3|combout                                                                                ;
;   6.124  ;   0.303 ; FF ; IC   ; 1      ; LABCELL_X43_Y37_N27  ; pipeline|desired_decimator|stage2|sample_history.raddr_a[0]~6|datac                                                                  ;
;   6.641  ;   0.517 ; FF ; CELL ; 216    ; LABCELL_X43_Y37_N27  ; pipeline|desired_decimator|stage2|sample_history.raddr_a[0]~6|combout                                                                ;
;   7.893  ;   1.252 ; FF ; IC   ; 1      ; LABCELL_X41_Y41_N6   ; pipeline|desired_decimator|stage2|sample_history~2609|datad                                                                          ;
;   8.407  ;   0.514 ; FF ; CELL ; 1      ; LABCELL_X41_Y41_N6   ; pipeline|desired_decimator|stage2|sample_history~2609|combout                                                                        ;
;   9.398  ;   0.991 ; FF ; IC   ; 1      ; LABCELL_X40_Y37_N42  ; pipeline|desired_decimator|stage2|sample_history~1777|dataf                                                                          ;
;   9.480  ;   0.082 ; FF ; CELL ; 1      ; LABCELL_X40_Y37_N42  ; pipeline|desired_decimator|stage2|sample_history~1777|combout                                                                        ;
;   9.693  ;   0.213 ; FF ; IC   ; 1      ; LABCELL_X40_Y37_N24  ; pipeline|desired_decimator|stage2|sample_history~1781|datad                                                                          ;
;   10.207 ;   0.514 ; FF ; CELL ; 1      ; LABCELL_X40_Y37_N24  ; pipeline|desired_decimator|stage2|sample_history~1781|combout                                                                        ;
;   11.193 ;   0.986 ; FF ; IC   ; 1      ; LABCELL_X39_Y33_N6   ; pipeline|desired_decimator|stage2|delayed_sample[4]~9|dataf                                                                          ;
;   11.274 ;   0.081 ; FF ; CELL ; 1      ; LABCELL_X39_Y33_N6   ; pipeline|desired_decimator|stage2|delayed_sample[4]~9|combout                                                                        ;
;   12.273 ;   0.999 ; FF ; IC   ; 42     ; DSP_X33_Y33_N0       ; pipeline|desired_decimator|stage2|Mult0~mac|ax[4]                                                                                    ;
;   16.051 ;   3.778 ; FF ; CELL ; 1      ; DSP_X33_Y33_N0       ; pipeline|desired_decimator|stage2|Mult0~mac|resulta[3]                                                                               ;
;   17.472 ;   1.421 ; FF ; IC   ; 2      ; LABCELL_X39_Y32_N39  ; pipeline|desired_decimator|stage2|Add3~245|datad                                                                                     ;
;   18.136 ;   0.664 ; FF ; CELL ; 1      ; LABCELL_X39_Y32_N39  ; pipeline|desired_decimator|stage2|Add3~245|cout                                                                                      ;
;   18.136 ;   0.000 ; FF ; IC   ; 2      ; LABCELL_X39_Y32_N42  ; pipeline|desired_decimator|stage2|Add3~241|cin                                                                                       ;
;   18.182 ;   0.046 ; FF ; CELL ; 1      ; LABCELL_X39_Y32_N42  ; pipeline|desired_decimator|stage2|Add3~241|cout                                                                                      ;
;   18.182 ;   0.000 ; FF ; IC   ; 2      ; LABCELL_X39_Y32_N45  ; pipeline|desired_decimator|stage2|Add3~237|cin                                                                                       ;
;   18.182 ;   0.000 ; FF ; CELL ; 1      ; LABCELL_X39_Y32_N45  ; pipeline|desired_decimator|stage2|Add3~237|cout                                                                                      ;
;   18.182 ;   0.000 ; FF ; IC   ; 2      ; LABCELL_X39_Y32_N48  ; pipeline|desired_decimator|stage2|Add3~233|cin                                                                                       ;
;   18.228 ;   0.046 ; FF ; CELL ; 1      ; LABCELL_X39_Y32_N48  ; pipeline|desired_decimator|stage2|Add3~233|cout                                                                                      ;
;   18.228 ;   0.000 ; FF ; IC   ; 2      ; LABCELL_X39_Y32_N51  ; pipeline|desired_decimator|stage2|Add3~229|cin                                                                                       ;
;   18.228 ;   0.000 ; FF ; CELL ; 1      ; LABCELL_X39_Y32_N51  ; pipeline|desired_decimator|stage2|Add3~229|cout                                                                                      ;
;   18.228 ;   0.000 ; FF ; IC   ; 2      ; LABCELL_X39_Y32_N54  ; pipeline|desired_decimator|stage2|Add3~225|cin                                                                                       ;
;   18.271 ;   0.043 ; FF ; CELL ; 1      ; LABCELL_X39_Y32_N54  ; pipeline|desired_decimator|stage2|Add3~225|cout                                                                                      ;
;   18.271 ;   0.000 ; FF ; IC   ; 2      ; LABCELL_X39_Y32_N57  ; pipeline|desired_decimator|stage2|Add3~221|cin                                                                                       ;
;   18.271 ;   0.000 ; FF ; CELL ; 1      ; LABCELL_X39_Y32_N57  ; pipeline|desired_decimator|stage2|Add3~221|cout                                                                                      ;
;   18.271 ;   0.000 ; FF ; IC   ; 2      ; LABCELL_X39_Y31_N0   ; pipeline|desired_decimator|stage2|Add3~217|cin                                                                                       ;
;   18.397 ;   0.126 ; FF ; CELL ; 1      ; LABCELL_X39_Y31_N0   ; pipeline|desired_decimator|stage2|Add3~217|cout                                                                                      ;
;   18.397 ;   0.000 ; FF ; IC   ; 2      ; LABCELL_X39_Y31_N3   ; pipeline|desired_decimator|stage2|Add3~213|cin                                                                                       ;
;   18.397 ;   0.000 ; FF ; CELL ; 1      ; LABCELL_X39_Y31_N3   ; pipeline|desired_decimator|stage2|Add3~213|cout                                                                                      ;
;   18.397 ;   0.000 ; FF ; IC   ; 2      ; LABCELL_X39_Y31_N6   ; pipeline|desired_decimator|stage2|Add3~209|cin                                                                                       ;
;   18.443 ;   0.046 ; FF ; CELL ; 1      ; LABCELL_X39_Y31_N6   ; pipeline|desired_decimator|stage2|Add3~209|cout                                                                                      ;
;   18.443 ;   0.000 ; FF ; IC   ; 2      ; LABCELL_X39_Y31_N9   ; pipeline|desired_decimator|stage2|Add3~205|cin                                                                                       ;
;   18.443 ;   0.000 ; FF ; CELL ; 1      ; LABCELL_X39_Y31_N9   ; pipeline|desired_decimator|stage2|Add3~205|cout                                                                                      ;
;   18.443 ;   0.000 ; FF ; IC   ; 2      ; LABCELL_X39_Y31_N12  ; pipeline|desired_decimator|stage2|Add3~201|cin                                                                                       ;
;   18.489 ;   0.046 ; FF ; CELL ; 1      ; LABCELL_X39_Y31_N12  ; pipeline|desired_decimator|stage2|Add3~201|cout                                                                                      ;
;   18.489 ;   0.000 ; FF ; IC   ; 2      ; LABCELL_X39_Y31_N15  ; pipeline|desired_decimator|stage2|Add3~197|cin                                                                                       ;
;   18.489 ;   0.000 ; FF ; CELL ; 1      ; LABCELL_X39_Y31_N15  ; pipeline|desired_decimator|stage2|Add3~197|cout                                                                                      ;
;   18.489 ;   0.000 ; FF ; IC   ; 2      ; LABCELL_X39_Y31_N18  ; pipeline|desired_decimator|stage2|Add3~189|cin                                                                                       ;
;   18.535 ;   0.046 ; FF ; CELL ; 1      ; LABCELL_X39_Y31_N18  ; pipeline|desired_decimator|stage2|Add3~189|cout                                                                                      ;
;   18.535 ;   0.000 ; FF ; IC   ; 2      ; LABCELL_X39_Y31_N21  ; pipeline|desired_decimator|stage2|Add3~97|cin                                                                                        ;
;   18.535 ;   0.000 ; FF ; CELL ; 1      ; LABCELL_X39_Y31_N21  ; pipeline|desired_decimator|stage2|Add3~97|cout                                                                                       ;
;   18.535 ;   0.000 ; FF ; IC   ; 2      ; LABCELL_X39_Y31_N24  ; pipeline|desired_decimator|stage2|Add3~101|cin                                                                                       ;
;   18.593 ;   0.058 ; FF ; CELL ; 1      ; LABCELL_X39_Y31_N24  ; pipeline|desired_decimator|stage2|Add3~101|cout                                                                                      ;
;   18.593 ;   0.000 ; FF ; IC   ; 2      ; LABCELL_X39_Y31_N27  ; pipeline|desired_decimator|stage2|Add3~105|cin                                                                                       ;
;   18.593 ;   0.000 ; FF ; CELL ; 1      ; LABCELL_X39_Y31_N27  ; pipeline|desired_decimator|stage2|Add3~105|cout                                                                                      ;
;   18.593 ;   0.000 ; FF ; IC   ; 2      ; LABCELL_X39_Y31_N30  ; pipeline|desired_decimator|stage2|Add3~109|cin                                                                                       ;
;   18.712 ;   0.119 ; FF ; CELL ; 1      ; LABCELL_X39_Y31_N30  ; pipeline|desired_decimator|stage2|Add3~109|cout                                                                                      ;
;   18.712 ;   0.000 ; FF ; IC   ; 2      ; LABCELL_X39_Y31_N33  ; pipeline|desired_decimator|stage2|Add3~113|cin                                                                                       ;
;   18.712 ;   0.000 ; FF ; CELL ; 1      ; LABCELL_X39_Y31_N33  ; pipeline|desired_decimator|stage2|Add3~113|cout                                                                                      ;
;   18.712 ;   0.000 ; FF ; IC   ; 2      ; LABCELL_X39_Y31_N36  ; pipeline|desired_decimator|stage2|Add3~117|cin                                                                                       ;
;   18.758 ;   0.046 ; FF ; CELL ; 1      ; LABCELL_X39_Y31_N36  ; pipeline|desired_decimator|stage2|Add3~117|cout                                                                                      ;
;   18.758 ;   0.000 ; FF ; IC   ; 2      ; LABCELL_X39_Y31_N39  ; pipeline|desired_decimator|stage2|Add3~121|cin                                                                                       ;
;   18.758 ;   0.000 ; FF ; CELL ; 1      ; LABCELL_X39_Y31_N39  ; pipeline|desired_decimator|stage2|Add3~121|cout                                                                                      ;
;   18.758 ;   0.000 ; FF ; IC   ; 2      ; LABCELL_X39_Y31_N42  ; pipeline|desired_decimator|stage2|Add3~125|cin                                                                                       ;
;   18.804 ;   0.046 ; FF ; CELL ; 1      ; LABCELL_X39_Y31_N42  ; pipeline|desired_decimator|stage2|Add3~125|cout                                                                                      ;
;   18.804 ;   0.000 ; FF ; IC   ; 2      ; LABCELL_X39_Y31_N45  ; pipeline|desired_decimator|stage2|Add3~129|cin                                                                                       ;
;   18.804 ;   0.000 ; FF ; CELL ; 1      ; LABCELL_X39_Y31_N45  ; pipeline|desired_decimator|stage2|Add3~129|cout                                                                                      ;
;   18.804 ;   0.000 ; FF ; IC   ; 2      ; LABCELL_X39_Y31_N48  ; pipeline|desired_decimator|stage2|Add3~133|cin                                                                                       ;
;   18.850 ;   0.046 ; FF ; CELL ; 1      ; LABCELL_X39_Y31_N48  ; pipeline|desired_decimator|stage2|Add3~133|cout                                                                                      ;
;   18.850 ;   0.000 ; FF ; IC   ; 2      ; LABCELL_X39_Y31_N51  ; pipeline|desired_decimator|stage2|Add3~137|cin                                                                                       ;
;   18.850 ;   0.000 ; FF ; CELL ; 1      ; LABCELL_X39_Y31_N51  ; pipeline|desired_decimator|stage2|Add3~137|cout                                                                                      ;
;   18.850 ;   0.000 ; FF ; IC   ; 2      ; LABCELL_X39_Y31_N54  ; pipeline|desired_decimator|stage2|Add3~141|cin                                                                                       ;
;   18.893 ;   0.043 ; FF ; CELL ; 1      ; LABCELL_X39_Y31_N54  ; pipeline|desired_decimator|stage2|Add3~141|cout                                                                                      ;
;   18.893 ;   0.000 ; FF ; IC   ; 2      ; LABCELL_X39_Y31_N57  ; pipeline|desired_decimator|stage2|Add3~145|cin                                                                                       ;
;   18.893 ;   0.000 ; FF ; CELL ; 1      ; LABCELL_X39_Y31_N57  ; pipeline|desired_decimator|stage2|Add3~145|cout                                                                                      ;
;   18.893 ;   0.000 ; FF ; IC   ; 2      ; LABCELL_X39_Y30_N0   ; pipeline|desired_decimator|stage2|Add3~149|cin                                                                                       ;
;   19.427 ;   0.534 ; FF ; CELL ; 3      ; LABCELL_X39_Y30_N0   ; pipeline|desired_decimator|stage2|Add3~149|sumout                                                                                    ;
;   20.297 ;   0.870 ; FF ; IC   ; 2      ; LABCELL_X40_Y31_N57  ; pipeline|desired_decimator|stage2|Add9~153|datac                                                                                     ;
;   21.097 ;   0.800 ; FF ; CELL ; 1      ; LABCELL_X40_Y31_N57  ; pipeline|desired_decimator|stage2|Add9~153|cout                                                                                      ;
;   21.097 ;   0.000 ; FF ; IC   ; 2      ; LABCELL_X40_Y30_N0   ; pipeline|desired_decimator|stage2|Add9~157|cin                                                                                       ;
;   21.223 ;   0.126 ; FF ; CELL ; 1      ; LABCELL_X40_Y30_N0   ; pipeline|desired_decimator|stage2|Add9~157|cout                                                                                      ;
;   21.223 ;   0.000 ; FF ; IC   ; 2      ; LABCELL_X40_Y30_N3   ; pipeline|desired_decimator|stage2|Add9~161|cin                                                                                       ;
;   21.223 ;   0.000 ; FF ; CELL ; 1      ; LABCELL_X40_Y30_N3   ; pipeline|desired_decimator|stage2|Add9~161|cout                                                                                      ;
;   21.223 ;   0.000 ; FF ; IC   ; 2      ; LABCELL_X40_Y30_N6   ; pipeline|desired_decimator|stage2|Add9~165|cin                                                                                       ;
;   21.269 ;   0.046 ; FF ; CELL ; 1      ; LABCELL_X40_Y30_N6   ; pipeline|desired_decimator|stage2|Add9~165|cout                                                                                      ;
;   21.269 ;   0.000 ; FF ; IC   ; 2      ; LABCELL_X40_Y30_N9   ; pipeline|desired_decimator|stage2|Add9~169|cin                                                                                       ;
;   21.269 ;   0.000 ; FF ; CELL ; 1      ; LABCELL_X40_Y30_N9   ; pipeline|desired_decimator|stage2|Add9~169|cout                                                                                      ;
;   21.269 ;   0.000 ; FF ; IC   ; 2      ; LABCELL_X40_Y30_N12  ; pipeline|desired_decimator|stage2|Add9~173|cin                                                                                       ;
;   21.315 ;   0.046 ; FF ; CELL ; 1      ; LABCELL_X40_Y30_N12  ; pipeline|desired_decimator|stage2|Add9~173|cout                                                                                      ;
;   21.315 ;   0.000 ; FF ; IC   ; 2      ; LABCELL_X40_Y30_N15  ; pipeline|desired_decimator|stage2|Add9~177|cin                                                                                       ;
;   21.315 ;   0.000 ; FF ; CELL ; 1      ; LABCELL_X40_Y30_N15  ; pipeline|desired_decimator|stage2|Add9~177|cout                                                                                      ;
;   21.315 ;   0.000 ; FF ; IC   ; 2      ; LABCELL_X40_Y30_N18  ; pipeline|desired_decimator|stage2|Add9~181|cin                                                                                       ;
;   21.361 ;   0.046 ; FF ; CELL ; 1      ; LABCELL_X40_Y30_N18  ; pipeline|desired_decimator|stage2|Add9~181|cout                                                                                      ;
;   21.361 ;   0.000 ; FF ; IC   ; 2      ; LABCELL_X40_Y30_N21  ; pipeline|desired_decimator|stage2|Add9~185|cin                                                                                       ;
;   21.361 ;   0.000 ; FF ; CELL ; 1      ; LABCELL_X40_Y30_N21  ; pipeline|desired_decimator|stage2|Add9~185|cout                                                                                      ;
;   21.361 ;   0.000 ; FF ; IC   ; 2      ; LABCELL_X40_Y30_N24  ; pipeline|desired_decimator|stage2|Add9~189|cin                                                                                       ;
;   21.419 ;   0.058 ; FF ; CELL ; 1      ; LABCELL_X40_Y30_N24  ; pipeline|desired_decimator|stage2|Add9~189|cout                                                                                      ;
;   21.419 ;   0.000 ; FF ; IC   ; 2      ; LABCELL_X40_Y30_N27  ; pipeline|desired_decimator|stage2|Add9~73|cin                                                                                        ;
;   21.419 ;   0.000 ; FF ; CELL ; 1      ; LABCELL_X40_Y30_N27  ; pipeline|desired_decimator|stage2|Add9~73|cout                                                                                       ;
;   21.419 ;   0.000 ; FF ; IC   ; 2      ; LABCELL_X40_Y30_N30  ; pipeline|desired_decimator|stage2|Add9~69|cin                                                                                        ;
;   21.538 ;   0.119 ; FF ; CELL ; 1      ; LABCELL_X40_Y30_N30  ; pipeline|desired_decimator|stage2|Add9~69|cout                                                                                       ;
;   21.538 ;   0.000 ; FF ; IC   ; 2      ; LABCELL_X40_Y30_N33  ; pipeline|desired_decimator|stage2|Add9~77|cin                                                                                        ;
;   21.538 ;   0.000 ; FF ; CELL ; 1      ; LABCELL_X40_Y30_N33  ; pipeline|desired_decimator|stage2|Add9~77|cout                                                                                       ;
;   21.538 ;   0.000 ; FF ; IC   ; 2      ; LABCELL_X40_Y30_N36  ; pipeline|desired_decimator|stage2|Add9~81|cin                                                                                        ;
;   21.584 ;   0.046 ; FF ; CELL ; 1      ; LABCELL_X40_Y30_N36  ; pipeline|desired_decimator|stage2|Add9~81|cout                                                                                       ;
;   21.584 ;   0.000 ; FF ; IC   ; 2      ; LABCELL_X40_Y30_N39  ; pipeline|desired_decimator|stage2|Add9~61|cin                                                                                        ;
;   21.584 ;   0.000 ; FF ; CELL ; 1      ; LABCELL_X40_Y30_N39  ; pipeline|desired_decimator|stage2|Add9~61|cout                                                                                       ;
;   21.584 ;   0.000 ; FF ; IC   ; 2      ; LABCELL_X40_Y30_N42  ; pipeline|desired_decimator|stage2|Add9~65|cin                                                                                        ;
;   21.630 ;   0.046 ; FF ; CELL ; 1      ; LABCELL_X40_Y30_N42  ; pipeline|desired_decimator|stage2|Add9~65|cout                                                                                       ;
;   21.630 ;   0.000 ; FF ; IC   ; 2      ; LABCELL_X40_Y30_N45  ; pipeline|desired_decimator|stage2|Add9~53|cin                                                                                        ;
;   21.630 ;   0.000 ; FF ; CELL ; 1      ; LABCELL_X40_Y30_N45  ; pipeline|desired_decimator|stage2|Add9~53|cout                                                                                       ;
;   21.630 ;   0.000 ; FF ; IC   ; 2      ; LABCELL_X40_Y30_N48  ; pipeline|desired_decimator|stage2|Add9~57|cin                                                                                        ;
;   21.676 ;   0.046 ; FF ; CELL ; 1      ; LABCELL_X40_Y30_N48  ; pipeline|desired_decimator|stage2|Add9~57|cout                                                                                       ;
;   21.676 ;   0.000 ; FF ; IC   ; 2      ; LABCELL_X40_Y30_N51  ; pipeline|desired_decimator|stage2|Add9~45|cin                                                                                        ;
;   21.676 ;   0.000 ; FF ; CELL ; 1      ; LABCELL_X40_Y30_N51  ; pipeline|desired_decimator|stage2|Add9~45|cout                                                                                       ;
;   21.676 ;   0.000 ; FF ; IC   ; 2      ; LABCELL_X40_Y30_N54  ; pipeline|desired_decimator|stage2|Add9~49|cin                                                                                        ;
;   21.719 ;   0.043 ; FF ; CELL ; 1      ; LABCELL_X40_Y30_N54  ; pipeline|desired_decimator|stage2|Add9~49|cout                                                                                       ;
;   21.719 ;   0.000 ; FF ; IC   ; 2      ; LABCELL_X40_Y30_N57  ; pipeline|desired_decimator|stage2|Add9~37|cin                                                                                        ;
;   21.719 ;   0.000 ; FF ; CELL ; 1      ; LABCELL_X40_Y30_N57  ; pipeline|desired_decimator|stage2|Add9~37|cout                                                                                       ;
;   21.719 ;   0.000 ; FF ; IC   ; 2      ; LABCELL_X40_Y29_N0   ; pipeline|desired_decimator|stage2|Add9~41|cin                                                                                        ;
;   22.245 ;   0.526 ; FR ; CELL ; 2      ; LABCELL_X40_Y29_N0   ; pipeline|desired_decimator|stage2|Add9~41|sumout                                                                                     ;
;   22.889 ;   0.644 ; RR ; IC   ; 1      ; LABCELL_X41_Y30_N21  ; pipeline|desired_decimator|stage2|sample_out[14]~5|datac                                                                             ;
;   23.304 ;   0.415 ; RR ; CELL ; 1      ; LABCELL_X41_Y30_N21  ; pipeline|desired_decimator|stage2|sample_out[14]~5|combout                                                                           ;
;   23.979 ;   0.675 ; RR ; IC   ; 1      ; LABCELL_X39_Y29_N42  ; pipeline|desired_decimator|stage2|sample_out[14]~11|dataf                                                                            ;
;   24.067 ;   0.088 ; RR ; CELL ; 1      ; LABCELL_X39_Y29_N42  ; pipeline|desired_decimator|stage2|sample_out[14]~11|combout                                                                          ;
;   24.300 ;   0.233 ; RR ; IC   ; 1      ; LABCELL_X39_Y29_N48  ; pipeline|desired_decimator|stage2|sample_out[14]~14|datad                                                                            ;
;   24.804 ;   0.504 ; RF ; CELL ; 23     ; LABCELL_X39_Y29_N48  ; pipeline|desired_decimator|stage2|sample_out[14]~14|combout                                                                          ;
;   25.849 ;   1.045 ; FF ; IC   ; 1      ; FF_X42_Y31_N2        ; pipeline|desired_decimator|stage2|sample_out[8]|sclr                                                                                 ;
;   26.714 ;   0.865 ; FR ; CELL ; 1      ; FF_X42_Y31_N2        ; preprocess_lms_fft_four_modes:pipeline|fir_decimator_32_dualmode:desired_decimator|fir_decimator_stage_dualmode:stage2|sample_out[8] ;
+----------+---------+----+------+--------+----------------------+--------------------------------------------------------------------------------------------------------------------------------------+

+-----------------------------------------------------------------------------------------------------------------------------------------------------------------------------------------------------+
; Data Required Path                                                                                                                                                                                  ;
+----------+---------+----+------+--------+--------------------+--------------------------------------------------------------------------------------------------------------------------------------+
; Total    ; Incr    ; RF ; Type ; Fanout ; Location           ; Element                                                                                                                              ;
+----------+---------+----+------+--------+--------------------+--------------------------------------------------------------------------------------------------------------------------------------+
; 20.000   ; 20.000  ;    ;      ;        ;                    ; latch edge time                                                                                                                      ;
; 23.654   ; 3.654   ;    ;      ;        ;                    ; clock path                                                                                                                           ;
;   20.000 ;   0.000 ;    ;      ;        ;                    ; source latency                                                                                                                       ;
;   20.000 ;   0.000 ;    ;      ; 1      ; PIN_M16            ; clk                                                                                                                                  ;
;   20.000 ;   0.000 ; RR ; IC   ; 1      ; IOIBUF_X54_Y18_N61 ; clk~input|i                                                                                                                          ;
;   20.669 ;   0.669 ; RR ; CELL ; 1      ; IOIBUF_X54_Y18_N61 ; clk~input|o                                                                                                                          ;
;   21.018 ;   0.349 ; RR ; IC   ; 1      ; CLKCTRL_G10        ; clk~inputCLKENA0|inclk                                                                                                               ;
;   21.431 ;   0.413 ; RR ; CELL ; 11676  ; CLKCTRL_G10        ; clk~inputCLKENA0|outclk                                                                                                              ;
;   23.082 ;   1.651 ; RR ; IC   ; 1      ; FF_X42_Y31_N2      ; pipeline|desired_decimator|stage2|sample_out[8]|clk                                                                                  ;
;   23.578 ;   0.496 ; RR ; CELL ; 1      ; FF_X42_Y31_N2      ; preprocess_lms_fft_four_modes:pipeline|fir_decimator_32_dualmode:desired_decimator|fir_decimator_stage_dualmode:stage2|sample_out[8] ;
;   23.654 ;   0.076 ;    ;      ;        ;                    ; clock pessimism removed                                                                                                              ;
; 23.554   ; -0.100  ;    ;      ;        ;                    ; clock uncertainty                                                                                                                    ;
; 23.554   ; 0.000   ;    ; uTsu ; 1      ; FF_X42_Y31_N2      ; preprocess_lms_fft_four_modes:pipeline|fir_decimator_32_dualmode:desired_decimator|fir_decimator_stage_dualmode:stage2|sample_out[8] ;
+----------+---------+----+------+--------+--------------------+--------------------------------------------------------------------------------------------------------------------------------------+

----------------------------
; Extra Fitter Information ;
----------------------------
HTML report is unavailable in plain text report export.



Path #2: Setup slack is -3.160 (VIOLATED)
===============================================================================
+-----------------------------------------------------------------------------------------------------------------------------------------------------------+
; Path Summary                                                                                                                                              ;
+--------------------+--------------------------------------------------------------------------------------------------------------------------------------+
; Property           ; Value                                                                                                                                ;
+--------------------+--------------------------------------------------------------------------------------------------------------------------------------+
; From Node          ; preprocess_lms_fft_four_modes:pipeline|fir_decimator_32_dualmode:desired_decimator|fir_decimator_stage_dualmode:stage2|tap_index[0]  ;
; To Node            ; preprocess_lms_fft_four_modes:pipeline|fir_decimator_32_dualmode:desired_decimator|fir_decimator_stage_dualmode:stage2|sample_out[6] ;
; Launch Clock       ; clk                                                                                                                                  ;
; Latch Clock        ; clk                                                                                                                                  ;
; Data Arrival Time  ; 26.714                                                                                                                               ;
; Data Required Time ; 23.554                                                                                                                               ;
; Slack              ; -3.160 (VIOLATED)                                                                                                                    ;
+--------------------+--------------------------------------------------------------------------------------------------------------------------------------+

+------------------------------------------------------------------------------------+
; Statistics                                                                         ;
+------------------------+--------+-------+-------------+------------+-------+-------+
; Property               ; Value  ; Count ; Total Delay ; % of Total ; Min   ; Max   ;
+------------------------+--------+-------+-------------+------------+-------+-------+
; Setup Relationship     ; 20.000 ;       ;             ;            ;       ;       ;
; Clock Skew             ; -0.132 ;       ;             ;            ;       ;       ;
; Data Delay             ; 22.928 ;       ;             ;            ;       ;       ;
; Number of Logic Levels ;        ; 13    ;             ;            ;       ;       ;
; Physical Delays        ;        ;       ;             ;            ;       ;       ;
;  Arrival Path          ;        ;       ;             ;            ;       ;       ;
;   Clock                ;        ;       ;             ;            ;       ;       ;
;    IC                  ;        ; 3     ; 2.096       ; 55         ; 0.000 ; 1.727 ;
;    Cell                ;        ; 3     ; 1.690       ; 45         ; 0.443 ; 0.669 ;
;   Data                 ;        ;       ;             ;            ;       ;       ;
;    IC                  ;        ; 62    ; 10.641      ; 46         ; 0.000 ; 1.421 ;
;    Cell                ;        ; 63    ; 12.287      ; 54         ; 0.000 ; 3.778 ;
;    uTco                ;        ; 1     ; 0.000       ; 0          ; 0.000 ; 0.000 ;
;  Required Path         ;        ;       ;             ;            ;       ;       ;
;   Clock                ;        ;       ;             ;            ;       ;       ;
;    IC                  ;        ; 3     ; 2.000       ; 56         ; 0.000 ; 1.651 ;
;    Cell                ;        ; 3     ; 1.578       ; 44         ; 0.413 ; 0.669 ;
+------------------------+--------+-------+-------------+------------+-------+-------+
Note: Negative delays are omitted from totals when calculating percentages

+-------------------------------------------------------------------------------------------------------------------------------------------------------------------------------------------------------+
; Data Arrival Path                                                                                                                                                                                     ;
+----------+---------+----+------+--------+----------------------+--------------------------------------------------------------------------------------------------------------------------------------+
; Total    ; Incr    ; RF ; Type ; Fanout ; Location             ; Element                                                                                                                              ;
+----------+---------+----+------+--------+----------------------+--------------------------------------------------------------------------------------------------------------------------------------+
; 0.000    ; 0.000   ;    ;      ;        ;                      ; launch edge time                                                                                                                     ;
; 3.786    ; 3.786   ;    ;      ;        ;                      ; clock path                                                                                                                           ;
;   0.000  ;   0.000 ;    ;      ;        ;                      ; source latency                                                                                                                       ;
;   0.000  ;   0.000 ;    ;      ; 1      ; PIN_M16              ; clk                                                                                                                                  ;
;   0.000  ;   0.000 ; RR ; IC   ; 1      ; IOIBUF_X54_Y18_N61   ; clk~input|i                                                                                                                          ;
;   0.669  ;   0.669 ; RR ; CELL ; 1      ; IOIBUF_X54_Y18_N61   ; clk~input|o                                                                                                                          ;
;   1.038  ;   0.369 ; RR ; IC   ; 1      ; CLKCTRL_G10          ; clk~inputCLKENA0|inclk                                                                                                               ;
;   1.481  ;   0.443 ; RR ; CELL ; 11676  ; CLKCTRL_G10          ; clk~inputCLKENA0|outclk                                                                                                              ;
;   3.208  ;   1.727 ; RR ; IC   ; 1      ; FF_X43_Y37_N2        ; pipeline|desired_decimator|stage2|tap_index[0]|clk                                                                                   ;
;   3.786  ;   0.578 ; RR ; CELL ; 1      ; FF_X43_Y37_N2        ; preprocess_lms_fft_four_modes:pipeline|fir_decimator_32_dualmode:desired_decimator|fir_decimator_stage_dualmode:stage2|tap_index[0]  ;
; 26.714   ; 22.928  ;    ;      ;        ;                      ; data path                                                                                                                            ;
;   3.786  ;   0.000 ;    ; uTco ; 1      ; FF_X43_Y37_N2        ; preprocess_lms_fft_four_modes:pipeline|fir_decimator_32_dualmode:desired_decimator|fir_decimator_stage_dualmode:stage2|tap_index[0]  ;
;   3.786  ;   0.000 ; FF ; CELL ; 38     ; FF_X43_Y37_N2        ; pipeline|desired_decimator|stage2|tap_index[0]|q                                                                                     ;
;   4.467  ;   0.681 ; FF ; IC   ; 1      ; LABCELL_X41_Y37_N30  ; pipeline|desired_decimator|stage2|LessThan1~2|datad                                                                                  ;
;   4.981  ;   0.514 ; FF ; CELL ; 1      ; LABCELL_X41_Y37_N30  ; pipeline|desired_decimator|stage2|LessThan1~2|combout                                                                                ;
;   5.309  ;   0.328 ; FF ; IC   ; 1      ; MLABCELL_X42_Y37_N24 ; pipeline|desired_decimator|stage2|LessThan1~3|datac                                                                                  ;
;   5.821  ;   0.512 ; FF ; CELL ; 7      ; MLABCELL_X42_Y37_N24 ; pipeline|desired_decimator|stage2|LessThan1~3|combout                                                                                ;
;   6.124  ;   0.303 ; FF ; IC   ; 1      ; LABCELL_X43_Y37_N27  ; pipeline|desired_decimator|stage2|sample_history.raddr_a[0]~6|datac                                                                  ;
;   6.641  ;   0.517 ; FF ; CELL ; 216    ; LABCELL_X43_Y37_N27  ; pipeline|desired_decimator|stage2|sample_history.raddr_a[0]~6|combout                                                                ;
;   7.893  ;   1.252 ; FF ; IC   ; 1      ; LABCELL_X41_Y41_N6   ; pipeline|desired_decimator|stage2|sample_history~2609|datad                                                                          ;
;   8.407  ;   0.514 ; FF ; CELL ; 1      ; LABCELL_X41_Y41_N6   ; pipeline|desired_decimator|stage2|sample_history~2609|combout                                                                        ;
;   9.398  ;   0.991 ; FF ; IC   ; 1      ; LABCELL_X40_Y37_N42  ; pipeline|desired_decimator|stage2|sample_history~1777|dataf                                                                          ;
;   9.480  ;   0.082 ; FF ; CELL ; 1      ; LABCELL_X40_Y37_N42  ; pipeline|desired_decimator|stage2|sample_history~1777|combout                                                                        ;
;   9.693  ;   0.213 ; FF ; IC   ; 1      ; LABCELL_X40_Y37_N24  ; pipeline|desired_decimator|stage2|sample_history~1781|datad                                                                          ;
;   10.207 ;   0.514 ; FF ; CELL ; 1      ; LABCELL_X40_Y37_N24  ; pipeline|desired_decimator|stage2|sample_history~1781|combout                                                                        ;
;   11.193 ;   0.986 ; FF ; IC   ; 1      ; LABCELL_X39_Y33_N6   ; pipeline|desired_decimator|stage2|delayed_sample[4]~9|dataf                                                                          ;
;   11.274 ;   0.081 ; FF ; CELL ; 1      ; LABCELL_X39_Y33_N6   ; pipeline|desired_decimator|stage2|delayed_sample[4]~9|combout                                                                        ;
;   12.273 ;   0.999 ; FF ; IC   ; 42     ; DSP_X33_Y33_N0       ; pipeline|desired_decimator|stage2|Mult0~mac|ax[4]                                                                                    ;
;   16.051 ;   3.778 ; FF ; CELL ; 1      ; DSP_X33_Y33_N0       ; pipeline|desired_decimator|stage2|Mult0~mac|resulta[3]                                                                               ;
;   17.472 ;   1.421 ; FF ; IC   ; 2      ; LABCELL_X39_Y32_N39  ; pipeline|desired_decimator|stage2|Add3~245|datad                                                                                     ;
;   18.136 ;   0.664 ; FF ; CELL ; 1      ; LABCELL_X39_Y32_N39  ; pipeline|desired_decimator|stage2|Add3~245|cout                                                                                      ;
;   18.136 ;   0.000 ; FF ; IC   ; 2      ; LABCELL_X39_Y32_N42  ; pipeline|desired_decimator|stage2|Add3~241|cin                                                                                       ;
;   18.182 ;   0.046 ; FF ; CELL ; 1      ; LABCELL_X39_Y32_N42  ; pipeline|desired_decimator|stage2|Add3~241|cout                                                                                      ;
;   18.182 ;   0.000 ; FF ; IC   ; 2      ; LABCELL_X39_Y32_N45  ; pipeline|desired_decimator|stage2|Add3~237|cin                                                                                       ;
;   18.182 ;   0.000 ; FF ; CELL ; 1      ; LABCELL_X39_Y32_N45  ; pipeline|desired_decimator|stage2|Add3~237|cout                                                                                      ;
;   18.182 ;   0.000 ; FF ; IC   ; 2      ; LABCELL_X39_Y32_N48  ; pipeline|desired_decimator|stage2|Add3~233|cin                                                                                       ;
;   18.228 ;   0.046 ; FF ; CELL ; 1      ; LABCELL_X39_Y32_N48  ; pipeline|desired_decimator|stage2|Add3~233|cout                                                                                      ;
;   18.228 ;   0.000 ; FF ; IC   ; 2      ; LABCELL_X39_Y32_N51  ; pipeline|desired_decimator|stage2|Add3~229|cin                                                                                       ;
;   18.228 ;   0.000 ; FF ; CELL ; 1      ; LABCELL_X39_Y32_N51  ; pipeline|desired_decimator|stage2|Add3~229|cout                                                                                      ;
;   18.228 ;   0.000 ; FF ; IC   ; 2      ; LABCELL_X39_Y32_N54  ; pipeline|desired_decimator|stage2|Add3~225|cin                                                                                       ;
;   18.271 ;   0.043 ; FF ; CELL ; 1      ; LABCELL_X39_Y32_N54  ; pipeline|desired_decimator|stage2|Add3~225|cout                                                                                      ;
;   18.271 ;   0.000 ; FF ; IC   ; 2      ; LABCELL_X39_Y32_N57  ; pipeline|desired_decimator|stage2|Add3~221|cin                                                                                       ;
;   18.271 ;   0.000 ; FF ; CELL ; 1      ; LABCELL_X39_Y32_N57  ; pipeline|desired_decimator|stage2|Add3~221|cout                                                                                      ;
;   18.271 ;   0.000 ; FF ; IC   ; 2      ; LABCELL_X39_Y31_N0   ; pipeline|desired_decimator|stage2|Add3~217|cin                                                                                       ;
;   18.397 ;   0.126 ; FF ; CELL ; 1      ; LABCELL_X39_Y31_N0   ; pipeline|desired_decimator|stage2|Add3~217|cout                                                                                      ;
;   18.397 ;   0.000 ; FF ; IC   ; 2      ; LABCELL_X39_Y31_N3   ; pipeline|desired_decimator|stage2|Add3~213|cin                                                                                       ;
;   18.397 ;   0.000 ; FF ; CELL ; 1      ; LABCELL_X39_Y31_N3   ; pipeline|desired_decimator|stage2|Add3~213|cout                                                                                      ;
;   18.397 ;   0.000 ; FF ; IC   ; 2      ; LABCELL_X39_Y31_N6   ; pipeline|desired_decimator|stage2|Add3~209|cin                                                                                       ;
;   18.443 ;   0.046 ; FF ; CELL ; 1      ; LABCELL_X39_Y31_N6   ; pipeline|desired_decimator|stage2|Add3~209|cout                                                                                      ;
;   18.443 ;   0.000 ; FF ; IC   ; 2      ; LABCELL_X39_Y31_N9   ; pipeline|desired_decimator|stage2|Add3~205|cin                                                                                       ;
;   18.443 ;   0.000 ; FF ; CELL ; 1      ; LABCELL_X39_Y31_N9   ; pipeline|desired_decimator|stage2|Add3~205|cout                                                                                      ;
;   18.443 ;   0.000 ; FF ; IC   ; 2      ; LABCELL_X39_Y31_N12  ; pipeline|desired_decimator|stage2|Add3~201|cin                                                                                       ;
;   18.489 ;   0.046 ; FF ; CELL ; 1      ; LABCELL_X39_Y31_N12  ; pipeline|desired_decimator|stage2|Add3~201|cout                                                                                      ;
;   18.489 ;   0.000 ; FF ; IC   ; 2      ; LABCELL_X39_Y31_N15  ; pipeline|desired_decimator|stage2|Add3~197|cin                                                                                       ;
;   18.489 ;   0.000 ; FF ; CELL ; 1      ; LABCELL_X39_Y31_N15  ; pipeline|desired_decimator|stage2|Add3~197|cout                                                                                      ;
;   18.489 ;   0.000 ; FF ; IC   ; 2      ; LABCELL_X39_Y31_N18  ; pipeline|desired_decimator|stage2|Add3~189|cin                                                                                       ;
;   18.535 ;   0.046 ; FF ; CELL ; 1      ; LABCELL_X39_Y31_N18  ; pipeline|desired_decimator|stage2|Add3~189|cout                                                                                      ;
;   18.535 ;   0.000 ; FF ; IC   ; 2      ; LABCELL_X39_Y31_N21  ; pipeline|desired_decimator|stage2|Add3~97|cin                                                                                        ;
;   18.535 ;   0.000 ; FF ; CELL ; 1      ; LABCELL_X39_Y31_N21  ; pipeline|desired_decimator|stage2|Add3~97|cout                                                                                       ;
;   18.535 ;   0.000 ; FF ; IC   ; 2      ; LABCELL_X39_Y31_N24  ; pipeline|desired_decimator|stage2|Add3~101|cin                                                                                       ;
;   18.593 ;   0.058 ; FF ; CELL ; 1      ; LABCELL_X39_Y31_N24  ; pipeline|desired_decimator|stage2|Add3~101|cout                                                                                      ;
;   18.593 ;   0.000 ; FF ; IC   ; 2      ; LABCELL_X39_Y31_N27  ; pipeline|desired_decimator|stage2|Add3~105|cin                                                                                       ;
;   18.593 ;   0.000 ; FF ; CELL ; 1      ; LABCELL_X39_Y31_N27  ; pipeline|desired_decimator|stage2|Add3~105|cout                                                                                      ;
;   18.593 ;   0.000 ; FF ; IC   ; 2      ; LABCELL_X39_Y31_N30  ; pipeline|desired_decimator|stage2|Add3~109|cin                                                                                       ;
;   18.712 ;   0.119 ; FF ; CELL ; 1      ; LABCELL_X39_Y31_N30  ; pipeline|desired_decimator|stage2|Add3~109|cout                                                                                      ;
;   18.712 ;   0.000 ; FF ; IC   ; 2      ; LABCELL_X39_Y31_N33  ; pipeline|desired_decimator|stage2|Add3~113|cin                                                                                       ;
;   18.712 ;   0.000 ; FF ; CELL ; 1      ; LABCELL_X39_Y31_N33  ; pipeline|desired_decimator|stage2|Add3~113|cout                                                                                      ;
;   18.712 ;   0.000 ; FF ; IC   ; 2      ; LABCELL_X39_Y31_N36  ; pipeline|desired_decimator|stage2|Add3~117|cin                                                                                       ;
;   18.758 ;   0.046 ; FF ; CELL ; 1      ; LABCELL_X39_Y31_N36  ; pipeline|desired_decimator|stage2|Add3~117|cout                                                                                      ;
;   18.758 ;   0.000 ; FF ; IC   ; 2      ; LABCELL_X39_Y31_N39  ; pipeline|desired_decimator|stage2|Add3~121|cin                                                                                       ;
;   18.758 ;   0.000 ; FF ; CELL ; 1      ; LABCELL_X39_Y31_N39  ; pipeline|desired_decimator|stage2|Add3~121|cout                                                                                      ;
;   18.758 ;   0.000 ; FF ; IC   ; 2      ; LABCELL_X39_Y31_N42  ; pipeline|desired_decimator|stage2|Add3~125|cin                                                                                       ;
;   18.804 ;   0.046 ; FF ; CELL ; 1      ; LABCELL_X39_Y31_N42  ; pipeline|desired_decimator|stage2|Add3~125|cout                                                                                      ;
;   18.804 ;   0.000 ; FF ; IC   ; 2      ; LABCELL_X39_Y31_N45  ; pipeline|desired_decimator|stage2|Add3~129|cin                                                                                       ;
;   18.804 ;   0.000 ; FF ; CELL ; 1      ; LABCELL_X39_Y31_N45  ; pipeline|desired_decimator|stage2|Add3~129|cout                                                                                      ;
;   18.804 ;   0.000 ; FF ; IC   ; 2      ; LABCELL_X39_Y31_N48  ; pipeline|desired_decimator|stage2|Add3~133|cin                                                                                       ;
;   18.850 ;   0.046 ; FF ; CELL ; 1      ; LABCELL_X39_Y31_N48  ; pipeline|desired_decimator|stage2|Add3~133|cout                                                                                      ;
;   18.850 ;   0.000 ; FF ; IC   ; 2      ; LABCELL_X39_Y31_N51  ; pipeline|desired_decimator|stage2|Add3~137|cin                                                                                       ;
;   18.850 ;   0.000 ; FF ; CELL ; 1      ; LABCELL_X39_Y31_N51  ; pipeline|desired_decimator|stage2|Add3~137|cout                                                                                      ;
;   18.850 ;   0.000 ; FF ; IC   ; 2      ; LABCELL_X39_Y31_N54  ; pipeline|desired_decimator|stage2|Add3~141|cin                                                                                       ;
;   18.893 ;   0.043 ; FF ; CELL ; 1      ; LABCELL_X39_Y31_N54  ; pipeline|desired_decimator|stage2|Add3~141|cout                                                                                      ;
;   18.893 ;   0.000 ; FF ; IC   ; 2      ; LABCELL_X39_Y31_N57  ; pipeline|desired_decimator|stage2|Add3~145|cin                                                                                       ;
;   18.893 ;   0.000 ; FF ; CELL ; 1      ; LABCELL_X39_Y31_N57  ; pipeline|desired_decimator|stage2|Add3~145|cout                                                                                      ;
;   18.893 ;   0.000 ; FF ; IC   ; 2      ; LABCELL_X39_Y30_N0   ; pipeline|desired_decimator|stage2|Add3~149|cin                                                                                       ;
;   19.427 ;   0.534 ; FF ; CELL ; 3      ; LABCELL_X39_Y30_N0   ; pipeline|desired_decimator|stage2|Add3~149|sumout                                                                                    ;
;   20.297 ;   0.870 ; FF ; IC   ; 2      ; LABCELL_X40_Y31_N57  ; pipeline|desired_decimator|stage2|Add9~153|datac                                                                                     ;
;   21.097 ;   0.800 ; FF ; CELL ; 1      ; LABCELL_X40_Y31_N57  ; pipeline|desired_decimator|stage2|Add9~153|cout                                                                                      ;
;   21.097 ;   0.000 ; FF ; IC   ; 2      ; LABCELL_X40_Y30_N0   ; pipeline|desired_decimator|stage2|Add9~157|cin                                                                                       ;
;   21.223 ;   0.126 ; FF ; CELL ; 1      ; LABCELL_X40_Y30_N0   ; pipeline|desired_decimator|stage2|Add9~157|cout                                                                                      ;
;   21.223 ;   0.000 ; FF ; IC   ; 2      ; LABCELL_X40_Y30_N3   ; pipeline|desired_decimator|stage2|Add9~161|cin                                                                                       ;
;   21.223 ;   0.000 ; FF ; CELL ; 1      ; LABCELL_X40_Y30_N3   ; pipeline|desired_decimator|stage2|Add9~161|cout                                                                                      ;
;   21.223 ;   0.000 ; FF ; IC   ; 2      ; LABCELL_X40_Y30_N6   ; pipeline|desired_decimator|stage2|Add9~165|cin                                                                                       ;
;   21.269 ;   0.046 ; FF ; CELL ; 1      ; LABCELL_X40_Y30_N6   ; pipeline|desired_decimator|stage2|Add9~165|cout                                                                                      ;
;   21.269 ;   0.000 ; FF ; IC   ; 2      ; LABCELL_X40_Y30_N9   ; pipeline|desired_decimator|stage2|Add9~169|cin                                                                                       ;
;   21.269 ;   0.000 ; FF ; CELL ; 1      ; LABCELL_X40_Y30_N9   ; pipeline|desired_decimator|stage2|Add9~169|cout                                                                                      ;
;   21.269 ;   0.000 ; FF ; IC   ; 2      ; LABCELL_X40_Y30_N12  ; pipeline|desired_decimator|stage2|Add9~173|cin                                                                                       ;
;   21.315 ;   0.046 ; FF ; CELL ; 1      ; LABCELL_X40_Y30_N12  ; pipeline|desired_decimator|stage2|Add9~173|cout                                                                                      ;
;   21.315 ;   0.000 ; FF ; IC   ; 2      ; LABCELL_X40_Y30_N15  ; pipeline|desired_decimator|stage2|Add9~177|cin                                                                                       ;
;   21.315 ;   0.000 ; FF ; CELL ; 1      ; LABCELL_X40_Y30_N15  ; pipeline|desired_decimator|stage2|Add9~177|cout                                                                                      ;
;   21.315 ;   0.000 ; FF ; IC   ; 2      ; LABCELL_X40_Y30_N18  ; pipeline|desired_decimator|stage2|Add9~181|cin                                                                                       ;
;   21.361 ;   0.046 ; FF ; CELL ; 1      ; LABCELL_X40_Y30_N18  ; pipeline|desired_decimator|stage2|Add9~181|cout                                                                                      ;
;   21.361 ;   0.000 ; FF ; IC   ; 2      ; LABCELL_X40_Y30_N21  ; pipeline|desired_decimator|stage2|Add9~185|cin                                                                                       ;
;   21.361 ;   0.000 ; FF ; CELL ; 1      ; LABCELL_X40_Y30_N21  ; pipeline|desired_decimator|stage2|Add9~185|cout                                                                                      ;
;   21.361 ;   0.000 ; FF ; IC   ; 2      ; LABCELL_X40_Y30_N24  ; pipeline|desired_decimator|stage2|Add9~189|cin                                                                                       ;
;   21.419 ;   0.058 ; FF ; CELL ; 1      ; LABCELL_X40_Y30_N24  ; pipeline|desired_decimator|stage2|Add9~189|cout                                                                                      ;
;   21.419 ;   0.000 ; FF ; IC   ; 2      ; LABCELL_X40_Y30_N27  ; pipeline|desired_decimator|stage2|Add9~73|cin                                                                                        ;
;   21.419 ;   0.000 ; FF ; CELL ; 1      ; LABCELL_X40_Y30_N27  ; pipeline|desired_decimator|stage2|Add9~73|cout                                                                                       ;
;   21.419 ;   0.000 ; FF ; IC   ; 2      ; LABCELL_X40_Y30_N30  ; pipeline|desired_decimator|stage2|Add9~69|cin                                                                                        ;
;   21.538 ;   0.119 ; FF ; CELL ; 1      ; LABCELL_X40_Y30_N30  ; pipeline|desired_decimator|stage2|Add9~69|cout                                                                                       ;
;   21.538 ;   0.000 ; FF ; IC   ; 2      ; LABCELL_X40_Y30_N33  ; pipeline|desired_decimator|stage2|Add9~77|cin                                                                                        ;
;   21.538 ;   0.000 ; FF ; CELL ; 1      ; LABCELL_X40_Y30_N33  ; pipeline|desired_decimator|stage2|Add9~77|cout                                                                                       ;
;   21.538 ;   0.000 ; FF ; IC   ; 2      ; LABCELL_X40_Y30_N36  ; pipeline|desired_decimator|stage2|Add9~81|cin                                                                                        ;
;   21.584 ;   0.046 ; FF ; CELL ; 1      ; LABCELL_X40_Y30_N36  ; pipeline|desired_decimator|stage2|Add9~81|cout                                                                                       ;
;   21.584 ;   0.000 ; FF ; IC   ; 2      ; LABCELL_X40_Y30_N39  ; pipeline|desired_decimator|stage2|Add9~61|cin                                                                                        ;
;   21.584 ;   0.000 ; FF ; CELL ; 1      ; LABCELL_X40_Y30_N39  ; pipeline|desired_decimator|stage2|Add9~61|cout                                                                                       ;
;   21.584 ;   0.000 ; FF ; IC   ; 2      ; LABCELL_X40_Y30_N42  ; pipeline|desired_decimator|stage2|Add9~65|cin                                                                                        ;
;   21.630 ;   0.046 ; FF ; CELL ; 1      ; LABCELL_X40_Y30_N42  ; pipeline|desired_decimator|stage2|Add9~65|cout                                                                                       ;
;   21.630 ;   0.000 ; FF ; IC   ; 2      ; LABCELL_X40_Y30_N45  ; pipeline|desired_decimator|stage2|Add9~53|cin                                                                                        ;
;   21.630 ;   0.000 ; FF ; CELL ; 1      ; LABCELL_X40_Y30_N45  ; pipeline|desired_decimator|stage2|Add9~53|cout                                                                                       ;
;   21.630 ;   0.000 ; FF ; IC   ; 2      ; LABCELL_X40_Y30_N48  ; pipeline|desired_decimator|stage2|Add9~57|cin                                                                                        ;
;   21.676 ;   0.046 ; FF ; CELL ; 1      ; LABCELL_X40_Y30_N48  ; pipeline|desired_decimator|stage2|Add9~57|cout                                                                                       ;
;   21.676 ;   0.000 ; FF ; IC   ; 2      ; LABCELL_X40_Y30_N51  ; pipeline|desired_decimator|stage2|Add9~45|cin                                                                                        ;
;   21.676 ;   0.000 ; FF ; CELL ; 1      ; LABCELL_X40_Y30_N51  ; pipeline|desired_decimator|stage2|Add9~45|cout                                                                                       ;
;   21.676 ;   0.000 ; FF ; IC   ; 2      ; LABCELL_X40_Y30_N54  ; pipeline|desired_decimator|stage2|Add9~49|cin                                                                                        ;
;   21.719 ;   0.043 ; FF ; CELL ; 1      ; LABCELL_X40_Y30_N54  ; pipeline|desired_decimator|stage2|Add9~49|cout                                                                                       ;
;   21.719 ;   0.000 ; FF ; IC   ; 2      ; LABCELL_X40_Y30_N57  ; pipeline|desired_decimator|stage2|Add9~37|cin                                                                                        ;
;   21.719 ;   0.000 ; FF ; CELL ; 1      ; LABCELL_X40_Y30_N57  ; pipeline|desired_decimator|stage2|Add9~37|cout                                                                                       ;
;   21.719 ;   0.000 ; FF ; IC   ; 2      ; LABCELL_X40_Y29_N0   ; pipeline|desired_decimator|stage2|Add9~41|cin                                                                                        ;
;   22.245 ;   0.526 ; FR ; CELL ; 2      ; LABCELL_X40_Y29_N0   ; pipeline|desired_decimator|stage2|Add9~41|sumout                                                                                     ;
;   22.889 ;   0.644 ; RR ; IC   ; 1      ; LABCELL_X41_Y30_N21  ; pipeline|desired_decimator|stage2|sample_out[14]~5|datac                                                                             ;
;   23.304 ;   0.415 ; RR ; CELL ; 1      ; LABCELL_X41_Y30_N21  ; pipeline|desired_decimator|stage2|sample_out[14]~5|combout                                                                           ;
;   23.979 ;   0.675 ; RR ; IC   ; 1      ; LABCELL_X39_Y29_N42  ; pipeline|desired_decimator|stage2|sample_out[14]~11|dataf                                                                            ;
;   24.067 ;   0.088 ; RR ; CELL ; 1      ; LABCELL_X39_Y29_N42  ; pipeline|desired_decimator|stage2|sample_out[14]~11|combout                                                                          ;
;   24.300 ;   0.233 ; RR ; IC   ; 1      ; LABCELL_X39_Y29_N48  ; pipeline|desired_decimator|stage2|sample_out[14]~14|datad                                                                            ;
;   24.804 ;   0.504 ; RF ; CELL ; 23     ; LABCELL_X39_Y29_N48  ; pipeline|desired_decimator|stage2|sample_out[14]~14|combout                                                                          ;
;   25.849 ;   1.045 ; FF ; IC   ; 1      ; FF_X42_Y31_N26       ; pipeline|desired_decimator|stage2|sample_out[6]|sclr                                                                                 ;
;   26.714 ;   0.865 ; FR ; CELL ; 1      ; FF_X42_Y31_N26       ; preprocess_lms_fft_four_modes:pipeline|fir_decimator_32_dualmode:desired_decimator|fir_decimator_stage_dualmode:stage2|sample_out[6] ;
+----------+---------+----+------+--------+----------------------+--------------------------------------------------------------------------------------------------------------------------------------+

+-----------------------------------------------------------------------------------------------------------------------------------------------------------------------------------------------------+
; Data Required Path                                                                                                                                                                                  ;
+----------+---------+----+------+--------+--------------------+--------------------------------------------------------------------------------------------------------------------------------------+
; Total    ; Incr    ; RF ; Type ; Fanout ; Location           ; Element                                                                                                                              ;
+----------+---------+----+------+--------+--------------------+--------------------------------------------------------------------------------------------------------------------------------------+
; 20.000   ; 20.000  ;    ;      ;        ;                    ; latch edge time                                                                                                                      ;
; 23.654   ; 3.654   ;    ;      ;        ;                    ; clock path                                                                                                                           ;
;   20.000 ;   0.000 ;    ;      ;        ;                    ; source latency                                                                                                                       ;
;   20.000 ;   0.000 ;    ;      ; 1      ; PIN_M16            ; clk                                                                                                                                  ;
;   20.000 ;   0.000 ; RR ; IC   ; 1      ; IOIBUF_X54_Y18_N61 ; clk~input|i                                                                                                                          ;
;   20.669 ;   0.669 ; RR ; CELL ; 1      ; IOIBUF_X54_Y18_N61 ; clk~input|o                                                                                                                          ;
;   21.018 ;   0.349 ; RR ; IC   ; 1      ; CLKCTRL_G10        ; clk~inputCLKENA0|inclk                                                                                                               ;
;   21.431 ;   0.413 ; RR ; CELL ; 11676  ; CLKCTRL_G10        ; clk~inputCLKENA0|outclk                                                                                                              ;
;   23.082 ;   1.651 ; RR ; IC   ; 1      ; FF_X42_Y31_N26     ; pipeline|desired_decimator|stage2|sample_out[6]|clk                                                                                  ;
;   23.578 ;   0.496 ; RR ; CELL ; 1      ; FF_X42_Y31_N26     ; preprocess_lms_fft_four_modes:pipeline|fir_decimator_32_dualmode:desired_decimator|fir_decimator_stage_dualmode:stage2|sample_out[6] ;
;   23.654 ;   0.076 ;    ;      ;        ;                    ; clock pessimism removed                                                                                                              ;
; 23.554   ; -0.100  ;    ;      ;        ;                    ; clock uncertainty                                                                                                                    ;
; 23.554   ; 0.000   ;    ; uTsu ; 1      ; FF_X42_Y31_N26     ; preprocess_lms_fft_four_modes:pipeline|fir_decimator_32_dualmode:desired_decimator|fir_decimator_stage_dualmode:stage2|sample_out[6] ;
+----------+---------+----+------+--------+--------------------+--------------------------------------------------------------------------------------------------------------------------------------+

----------------------------
; Extra Fitter Information ;
----------------------------
HTML report is unavailable in plain text report export.



Path #3: Setup slack is -3.154 (VIOLATED)
===============================================================================
+-----------------------------------------------------------------------------------------------------------------------------------------------------------+
; Path Summary                                                                                                                                              ;
+--------------------+--------------------------------------------------------------------------------------------------------------------------------------+
; Property           ; Value                                                                                                                                ;
+--------------------+--------------------------------------------------------------------------------------------------------------------------------------+
; From Node          ; preprocess_lms_fft_four_modes:pipeline|fir_decimator_32_dualmode:desired_decimator|fir_decimator_stage_dualmode:stage2|tap_index[0]  ;
; To Node            ; preprocess_lms_fft_four_modes:pipeline|fir_decimator_32_dualmode:desired_decimator|fir_decimator_stage_dualmode:stage2|sample_out[5] ;
; Launch Clock       ; clk                                                                                                                                  ;
; Latch Clock        ; clk                                                                                                                                  ;
; Data Arrival Time  ; 26.714                                                                                                                               ;
; Data Required Time ; 23.560                                                                                                                               ;
; Slack              ; -3.154 (VIOLATED)                                                                                                                    ;
+--------------------+--------------------------------------------------------------------------------------------------------------------------------------+

+------------------------------------------------------------------------------------+
; Statistics                                                                         ;
+------------------------+--------+-------+-------------+------------+-------+-------+
; Property               ; Value  ; Count ; Total Delay ; % of Total ; Min   ; Max   ;
+------------------------+--------+-------+-------------+------------+-------+-------+
; Setup Relationship     ; 20.000 ;       ;             ;            ;       ;       ;
; Clock Skew             ; -0.126 ;       ;             ;            ;       ;       ;
; Data Delay             ; 22.928 ;       ;             ;            ;       ;       ;
; Number of Logic Levels ;        ; 13    ;             ;            ;       ;       ;
; Physical Delays        ;        ;       ;             ;            ;       ;       ;
;  Arrival Path          ;        ;       ;             ;            ;       ;       ;
;   Clock                ;        ;       ;             ;            ;       ;       ;
;    IC                  ;        ; 3     ; 2.096       ; 55         ; 0.000 ; 1.727 ;
;    Cell                ;        ; 3     ; 1.690       ; 45         ; 0.443 ; 0.669 ;
;   Data                 ;        ;       ;             ;            ;       ;       ;
;    IC                  ;        ; 62    ; 10.641      ; 46         ; 0.000 ; 1.421 ;
;    Cell                ;        ; 63    ; 12.287      ; 54         ; 0.000 ; 3.778 ;
;    uTco                ;        ; 1     ; 0.000       ; 0          ; 0.000 ; 0.000 ;
;  Required Path         ;        ;       ;             ;            ;       ;       ;
;   Clock                ;        ;       ;             ;            ;       ;       ;
;    IC                  ;        ; 3     ; 2.000       ; 56         ; 0.000 ; 1.651 ;
;    Cell                ;        ; 3     ; 1.584       ; 44         ; 0.413 ; 0.669 ;
+------------------------+--------+-------+-------------+------------+-------+-------+
Note: Negative delays are omitted from totals when calculating percentages

+-------------------------------------------------------------------------------------------------------------------------------------------------------------------------------------------------------+
; Data Arrival Path                                                                                                                                                                                     ;
+----------+---------+----+------+--------+----------------------+--------------------------------------------------------------------------------------------------------------------------------------+
; Total    ; Incr    ; RF ; Type ; Fanout ; Location             ; Element                                                                                                                              ;
+----------+---------+----+------+--------+----------------------+--------------------------------------------------------------------------------------------------------------------------------------+
; 0.000    ; 0.000   ;    ;      ;        ;                      ; launch edge time                                                                                                                     ;
; 3.786    ; 3.786   ;    ;      ;        ;                      ; clock path                                                                                                                           ;
;   0.000  ;   0.000 ;    ;      ;        ;                      ; source latency                                                                                                                       ;
;   0.000  ;   0.000 ;    ;      ; 1      ; PIN_M16              ; clk                                                                                                                                  ;
;   0.000  ;   0.000 ; RR ; IC   ; 1      ; IOIBUF_X54_Y18_N61   ; clk~input|i                                                                                                                          ;
;   0.669  ;   0.669 ; RR ; CELL ; 1      ; IOIBUF_X54_Y18_N61   ; clk~input|o                                                                                                                          ;
;   1.038  ;   0.369 ; RR ; IC   ; 1      ; CLKCTRL_G10          ; clk~inputCLKENA0|inclk                                                                                                               ;
;   1.481  ;   0.443 ; RR ; CELL ; 11676  ; CLKCTRL_G10          ; clk~inputCLKENA0|outclk                                                                                                              ;
;   3.208  ;   1.727 ; RR ; IC   ; 1      ; FF_X43_Y37_N2        ; pipeline|desired_decimator|stage2|tap_index[0]|clk                                                                                   ;
;   3.786  ;   0.578 ; RR ; CELL ; 1      ; FF_X43_Y37_N2        ; preprocess_lms_fft_four_modes:pipeline|fir_decimator_32_dualmode:desired_decimator|fir_decimator_stage_dualmode:stage2|tap_index[0]  ;
; 26.714   ; 22.928  ;    ;      ;        ;                      ; data path                                                                                                                            ;
;   3.786  ;   0.000 ;    ; uTco ; 1      ; FF_X43_Y37_N2        ; preprocess_lms_fft_four_modes:pipeline|fir_decimator_32_dualmode:desired_decimator|fir_decimator_stage_dualmode:stage2|tap_index[0]  ;
;   3.786  ;   0.000 ; FF ; CELL ; 38     ; FF_X43_Y37_N2        ; pipeline|desired_decimator|stage2|tap_index[0]|q                                                                                     ;
;   4.467  ;   0.681 ; FF ; IC   ; 1      ; LABCELL_X41_Y37_N30  ; pipeline|desired_decimator|stage2|LessThan1~2|datad                                                                                  ;
;   4.981  ;   0.514 ; FF ; CELL ; 1      ; LABCELL_X41_Y37_N30  ; pipeline|desired_decimator|stage2|LessThan1~2|combout                                                                                ;
;   5.309  ;   0.328 ; FF ; IC   ; 1      ; MLABCELL_X42_Y37_N24 ; pipeline|desired_decimator|stage2|LessThan1~3|datac                                                                                  ;
;   5.821  ;   0.512 ; FF ; CELL ; 7      ; MLABCELL_X42_Y37_N24 ; pipeline|desired_decimator|stage2|LessThan1~3|combout                                                                                ;
;   6.124  ;   0.303 ; FF ; IC   ; 1      ; LABCELL_X43_Y37_N27  ; pipeline|desired_decimator|stage2|sample_history.raddr_a[0]~6|datac                                                                  ;
;   6.641  ;   0.517 ; FF ; CELL ; 216    ; LABCELL_X43_Y37_N27  ; pipeline|desired_decimator|stage2|sample_history.raddr_a[0]~6|combout                                                                ;
;   7.893  ;   1.252 ; FF ; IC   ; 1      ; LABCELL_X41_Y41_N6   ; pipeline|desired_decimator|stage2|sample_history~2609|datad                                                                          ;
;   8.407  ;   0.514 ; FF ; CELL ; 1      ; LABCELL_X41_Y41_N6   ; pipeline|desired_decimator|stage2|sample_history~2609|combout                                                                        ;
;   9.398  ;   0.991 ; FF ; IC   ; 1      ; LABCELL_X40_Y37_N42  ; pipeline|desired_decimator|stage2|sample_history~1777|dataf                                                                          ;
;   9.480  ;   0.082 ; FF ; CELL ; 1      ; LABCELL_X40_Y37_N42  ; pipeline|desired_decimator|stage2|sample_history~1777|combout                                                                        ;
;   9.693  ;   0.213 ; FF ; IC   ; 1      ; LABCELL_X40_Y37_N24  ; pipeline|desired_decimator|stage2|sample_history~1781|datad                                                                          ;
;   10.207 ;   0.514 ; FF ; CELL ; 1      ; LABCELL_X40_Y37_N24  ; pipeline|desired_decimator|stage2|sample_history~1781|combout                                                                        ;
;   11.193 ;   0.986 ; FF ; IC   ; 1      ; LABCELL_X39_Y33_N6   ; pipeline|desired_decimator|stage2|delayed_sample[4]~9|dataf                                                                          ;
;   11.274 ;   0.081 ; FF ; CELL ; 1      ; LABCELL_X39_Y33_N6   ; pipeline|desired_decimator|stage2|delayed_sample[4]~9|combout                                                                        ;
;   12.273 ;   0.999 ; FF ; IC   ; 42     ; DSP_X33_Y33_N0       ; pipeline|desired_decimator|stage2|Mult0~mac|ax[4]                                                                                    ;
;   16.051 ;   3.778 ; FF ; CELL ; 1      ; DSP_X33_Y33_N0       ; pipeline|desired_decimator|stage2|Mult0~mac|resulta[3]                                                                               ;
;   17.472 ;   1.421 ; FF ; IC   ; 2      ; LABCELL_X39_Y32_N39  ; pipeline|desired_decimator|stage2|Add3~245|datad                                                                                     ;
;   18.136 ;   0.664 ; FF ; CELL ; 1      ; LABCELL_X39_Y32_N39  ; pipeline|desired_decimator|stage2|Add3~245|cout                                                                                      ;
;   18.136 ;   0.000 ; FF ; IC   ; 2      ; LABCELL_X39_Y32_N42  ; pipeline|desired_decimator|stage2|Add3~241|cin                                                                                       ;
;   18.182 ;   0.046 ; FF ; CELL ; 1      ; LABCELL_X39_Y32_N42  ; pipeline|desired_decimator|stage2|Add3~241|cout                                                                                      ;
;   18.182 ;   0.000 ; FF ; IC   ; 2      ; LABCELL_X39_Y32_N45  ; pipeline|desired_decimator|stage2|Add3~237|cin                                                                                       ;
;   18.182 ;   0.000 ; FF ; CELL ; 1      ; LABCELL_X39_Y32_N45  ; pipeline|desired_decimator|stage2|Add3~237|cout                                                                                      ;
;   18.182 ;   0.000 ; FF ; IC   ; 2      ; LABCELL_X39_Y32_N48  ; pipeline|desired_decimator|stage2|Add3~233|cin                                                                                       ;
;   18.228 ;   0.046 ; FF ; CELL ; 1      ; LABCELL_X39_Y32_N48  ; pipeline|desired_decimator|stage2|Add3~233|cout                                                                                      ;
;   18.228 ;   0.000 ; FF ; IC   ; 2      ; LABCELL_X39_Y32_N51  ; pipeline|desired_decimator|stage2|Add3~229|cin                                                                                       ;
;   18.228 ;   0.000 ; FF ; CELL ; 1      ; LABCELL_X39_Y32_N51  ; pipeline|desired_decimator|stage2|Add3~229|cout                                                                                      ;
;   18.228 ;   0.000 ; FF ; IC   ; 2      ; LABCELL_X39_Y32_N54  ; pipeline|desired_decimator|stage2|Add3~225|cin                                                                                       ;
;   18.271 ;   0.043 ; FF ; CELL ; 1      ; LABCELL_X39_Y32_N54  ; pipeline|desired_decimator|stage2|Add3~225|cout                                                                                      ;
;   18.271 ;   0.000 ; FF ; IC   ; 2      ; LABCELL_X39_Y32_N57  ; pipeline|desired_decimator|stage2|Add3~221|cin                                                                                       ;
;   18.271 ;   0.000 ; FF ; CELL ; 1      ; LABCELL_X39_Y32_N57  ; pipeline|desired_decimator|stage2|Add3~221|cout                                                                                      ;
;   18.271 ;   0.000 ; FF ; IC   ; 2      ; LABCELL_X39_Y31_N0   ; pipeline|desired_decimator|stage2|Add3~217|cin                                                                                       ;
;   18.397 ;   0.126 ; FF ; CELL ; 1      ; LABCELL_X39_Y31_N0   ; pipeline|desired_decimator|stage2|Add3~217|cout                                                                                      ;
;   18.397 ;   0.000 ; FF ; IC   ; 2      ; LABCELL_X39_Y31_N3   ; pipeline|desired_decimator|stage2|Add3~213|cin                                                                                       ;
;   18.397 ;   0.000 ; FF ; CELL ; 1      ; LABCELL_X39_Y31_N3   ; pipeline|desired_decimator|stage2|Add3~213|cout                                                                                      ;
;   18.397 ;   0.000 ; FF ; IC   ; 2      ; LABCELL_X39_Y31_N6   ; pipeline|desired_decimator|stage2|Add3~209|cin                                                                                       ;
;   18.443 ;   0.046 ; FF ; CELL ; 1      ; LABCELL_X39_Y31_N6   ; pipeline|desired_decimator|stage2|Add3~209|cout                                                                                      ;
;   18.443 ;   0.000 ; FF ; IC   ; 2      ; LABCELL_X39_Y31_N9   ; pipeline|desired_decimator|stage2|Add3~205|cin                                                                                       ;
;   18.443 ;   0.000 ; FF ; CELL ; 1      ; LABCELL_X39_Y31_N9   ; pipeline|desired_decimator|stage2|Add3~205|cout                                                                                      ;
;   18.443 ;   0.000 ; FF ; IC   ; 2      ; LABCELL_X39_Y31_N12  ; pipeline|desired_decimator|stage2|Add3~201|cin                                                                                       ;
;   18.489 ;   0.046 ; FF ; CELL ; 1      ; LABCELL_X39_Y31_N12  ; pipeline|desired_decimator|stage2|Add3~201|cout                                                                                      ;
;   18.489 ;   0.000 ; FF ; IC   ; 2      ; LABCELL_X39_Y31_N15  ; pipeline|desired_decimator|stage2|Add3~197|cin                                                                                       ;
;   18.489 ;   0.000 ; FF ; CELL ; 1      ; LABCELL_X39_Y31_N15  ; pipeline|desired_decimator|stage2|Add3~197|cout                                                                                      ;
;   18.489 ;   0.000 ; FF ; IC   ; 2      ; LABCELL_X39_Y31_N18  ; pipeline|desired_decimator|stage2|Add3~189|cin                                                                                       ;
;   18.535 ;   0.046 ; FF ; CELL ; 1      ; LABCELL_X39_Y31_N18  ; pipeline|desired_decimator|stage2|Add3~189|cout                                                                                      ;
;   18.535 ;   0.000 ; FF ; IC   ; 2      ; LABCELL_X39_Y31_N21  ; pipeline|desired_decimator|stage2|Add3~97|cin                                                                                        ;
;   18.535 ;   0.000 ; FF ; CELL ; 1      ; LABCELL_X39_Y31_N21  ; pipeline|desired_decimator|stage2|Add3~97|cout                                                                                       ;
;   18.535 ;   0.000 ; FF ; IC   ; 2      ; LABCELL_X39_Y31_N24  ; pipeline|desired_decimator|stage2|Add3~101|cin                                                                                       ;
;   18.593 ;   0.058 ; FF ; CELL ; 1      ; LABCELL_X39_Y31_N24  ; pipeline|desired_decimator|stage2|Add3~101|cout                                                                                      ;
;   18.593 ;   0.000 ; FF ; IC   ; 2      ; LABCELL_X39_Y31_N27  ; pipeline|desired_decimator|stage2|Add3~105|cin                                                                                       ;
;   18.593 ;   0.000 ; FF ; CELL ; 1      ; LABCELL_X39_Y31_N27  ; pipeline|desired_decimator|stage2|Add3~105|cout                                                                                      ;
;   18.593 ;   0.000 ; FF ; IC   ; 2      ; LABCELL_X39_Y31_N30  ; pipeline|desired_decimator|stage2|Add3~109|cin                                                                                       ;
;   18.712 ;   0.119 ; FF ; CELL ; 1      ; LABCELL_X39_Y31_N30  ; pipeline|desired_decimator|stage2|Add3~109|cout                                                                                      ;
;   18.712 ;   0.000 ; FF ; IC   ; 2      ; LABCELL_X39_Y31_N33  ; pipeline|desired_decimator|stage2|Add3~113|cin                                                                                       ;
;   18.712 ;   0.000 ; FF ; CELL ; 1      ; LABCELL_X39_Y31_N33  ; pipeline|desired_decimator|stage2|Add3~113|cout                                                                                      ;
;   18.712 ;   0.000 ; FF ; IC   ; 2      ; LABCELL_X39_Y31_N36  ; pipeline|desired_decimator|stage2|Add3~117|cin                                                                                       ;
;   18.758 ;   0.046 ; FF ; CELL ; 1      ; LABCELL_X39_Y31_N36  ; pipeline|desired_decimator|stage2|Add3~117|cout                                                                                      ;
;   18.758 ;   0.000 ; FF ; IC   ; 2      ; LABCELL_X39_Y31_N39  ; pipeline|desired_decimator|stage2|Add3~121|cin                                                                                       ;
;   18.758 ;   0.000 ; FF ; CELL ; 1      ; LABCELL_X39_Y31_N39  ; pipeline|desired_decimator|stage2|Add3~121|cout                                                                                      ;
;   18.758 ;   0.000 ; FF ; IC   ; 2      ; LABCELL_X39_Y31_N42  ; pipeline|desired_decimator|stage2|Add3~125|cin                                                                                       ;
;   18.804 ;   0.046 ; FF ; CELL ; 1      ; LABCELL_X39_Y31_N42  ; pipeline|desired_decimator|stage2|Add3~125|cout                                                                                      ;
;   18.804 ;   0.000 ; FF ; IC   ; 2      ; LABCELL_X39_Y31_N45  ; pipeline|desired_decimator|stage2|Add3~129|cin                                                                                       ;
;   18.804 ;   0.000 ; FF ; CELL ; 1      ; LABCELL_X39_Y31_N45  ; pipeline|desired_decimator|stage2|Add3~129|cout                                                                                      ;
;   18.804 ;   0.000 ; FF ; IC   ; 2      ; LABCELL_X39_Y31_N48  ; pipeline|desired_decimator|stage2|Add3~133|cin                                                                                       ;
;   18.850 ;   0.046 ; FF ; CELL ; 1      ; LABCELL_X39_Y31_N48  ; pipeline|desired_decimator|stage2|Add3~133|cout                                                                                      ;
;   18.850 ;   0.000 ; FF ; IC   ; 2      ; LABCELL_X39_Y31_N51  ; pipeline|desired_decimator|stage2|Add3~137|cin                                                                                       ;
;   18.850 ;   0.000 ; FF ; CELL ; 1      ; LABCELL_X39_Y31_N51  ; pipeline|desired_decimator|stage2|Add3~137|cout                                                                                      ;
;   18.850 ;   0.000 ; FF ; IC   ; 2      ; LABCELL_X39_Y31_N54  ; pipeline|desired_decimator|stage2|Add3~141|cin                                                                                       ;
;   18.893 ;   0.043 ; FF ; CELL ; 1      ; LABCELL_X39_Y31_N54  ; pipeline|desired_decimator|stage2|Add3~141|cout                                                                                      ;
;   18.893 ;   0.000 ; FF ; IC   ; 2      ; LABCELL_X39_Y31_N57  ; pipeline|desired_decimator|stage2|Add3~145|cin                                                                                       ;
;   18.893 ;   0.000 ; FF ; CELL ; 1      ; LABCELL_X39_Y31_N57  ; pipeline|desired_decimator|stage2|Add3~145|cout                                                                                      ;
;   18.893 ;   0.000 ; FF ; IC   ; 2      ; LABCELL_X39_Y30_N0   ; pipeline|desired_decimator|stage2|Add3~149|cin                                                                                       ;
;   19.427 ;   0.534 ; FF ; CELL ; 3      ; LABCELL_X39_Y30_N0   ; pipeline|desired_decimator|stage2|Add3~149|sumout                                                                                    ;
;   20.297 ;   0.870 ; FF ; IC   ; 2      ; LABCELL_X40_Y31_N57  ; pipeline|desired_decimator|stage2|Add9~153|datac                                                                                     ;
;   21.097 ;   0.800 ; FF ; CELL ; 1      ; LABCELL_X40_Y31_N57  ; pipeline|desired_decimator|stage2|Add9~153|cout                                                                                      ;
;   21.097 ;   0.000 ; FF ; IC   ; 2      ; LABCELL_X40_Y30_N0   ; pipeline|desired_decimator|stage2|Add9~157|cin                                                                                       ;
;   21.223 ;   0.126 ; FF ; CELL ; 1      ; LABCELL_X40_Y30_N0   ; pipeline|desired_decimator|stage2|Add9~157|cout                                                                                      ;
;   21.223 ;   0.000 ; FF ; IC   ; 2      ; LABCELL_X40_Y30_N3   ; pipeline|desired_decimator|stage2|Add9~161|cin                                                                                       ;
;   21.223 ;   0.000 ; FF ; CELL ; 1      ; LABCELL_X40_Y30_N3   ; pipeline|desired_decimator|stage2|Add9~161|cout                                                                                      ;
;   21.223 ;   0.000 ; FF ; IC   ; 2      ; LABCELL_X40_Y30_N6   ; pipeline|desired_decimator|stage2|Add9~165|cin                                                                                       ;
;   21.269 ;   0.046 ; FF ; CELL ; 1      ; LABCELL_X40_Y30_N6   ; pipeline|desired_decimator|stage2|Add9~165|cout                                                                                      ;
;   21.269 ;   0.000 ; FF ; IC   ; 2      ; LABCELL_X40_Y30_N9   ; pipeline|desired_decimator|stage2|Add9~169|cin                                                                                       ;
;   21.269 ;   0.000 ; FF ; CELL ; 1      ; LABCELL_X40_Y30_N9   ; pipeline|desired_decimator|stage2|Add9~169|cout                                                                                      ;
;   21.269 ;   0.000 ; FF ; IC   ; 2      ; LABCELL_X40_Y30_N12  ; pipeline|desired_decimator|stage2|Add9~173|cin                                                                                       ;
;   21.315 ;   0.046 ; FF ; CELL ; 1      ; LABCELL_X40_Y30_N12  ; pipeline|desired_decimator|stage2|Add9~173|cout                                                                                      ;
;   21.315 ;   0.000 ; FF ; IC   ; 2      ; LABCELL_X40_Y30_N15  ; pipeline|desired_decimator|stage2|Add9~177|cin                                                                                       ;
;   21.315 ;   0.000 ; FF ; CELL ; 1      ; LABCELL_X40_Y30_N15  ; pipeline|desired_decimator|stage2|Add9~177|cout                                                                                      ;
;   21.315 ;   0.000 ; FF ; IC   ; 2      ; LABCELL_X40_Y30_N18  ; pipeline|desired_decimator|stage2|Add9~181|cin                                                                                       ;
;   21.361 ;   0.046 ; FF ; CELL ; 1      ; LABCELL_X40_Y30_N18  ; pipeline|desired_decimator|stage2|Add9~181|cout                                                                                      ;
;   21.361 ;   0.000 ; FF ; IC   ; 2      ; LABCELL_X40_Y30_N21  ; pipeline|desired_decimator|stage2|Add9~185|cin                                                                                       ;
;   21.361 ;   0.000 ; FF ; CELL ; 1      ; LABCELL_X40_Y30_N21  ; pipeline|desired_decimator|stage2|Add9~185|cout                                                                                      ;
;   21.361 ;   0.000 ; FF ; IC   ; 2      ; LABCELL_X40_Y30_N24  ; pipeline|desired_decimator|stage2|Add9~189|cin                                                                                       ;
;   21.419 ;   0.058 ; FF ; CELL ; 1      ; LABCELL_X40_Y30_N24  ; pipeline|desired_decimator|stage2|Add9~189|cout                                                                                      ;
;   21.419 ;   0.000 ; FF ; IC   ; 2      ; LABCELL_X40_Y30_N27  ; pipeline|desired_decimator|stage2|Add9~73|cin                                                                                        ;
;   21.419 ;   0.000 ; FF ; CELL ; 1      ; LABCELL_X40_Y30_N27  ; pipeline|desired_decimator|stage2|Add9~73|cout                                                                                       ;
;   21.419 ;   0.000 ; FF ; IC   ; 2      ; LABCELL_X40_Y30_N30  ; pipeline|desired_decimator|stage2|Add9~69|cin                                                                                        ;
;   21.538 ;   0.119 ; FF ; CELL ; 1      ; LABCELL_X40_Y30_N30  ; pipeline|desired_decimator|stage2|Add9~69|cout                                                                                       ;
;   21.538 ;   0.000 ; FF ; IC   ; 2      ; LABCELL_X40_Y30_N33  ; pipeline|desired_decimator|stage2|Add9~77|cin                                                                                        ;
;   21.538 ;   0.000 ; FF ; CELL ; 1      ; LABCELL_X40_Y30_N33  ; pipeline|desired_decimator|stage2|Add9~77|cout                                                                                       ;
;   21.538 ;   0.000 ; FF ; IC   ; 2      ; LABCELL_X40_Y30_N36  ; pipeline|desired_decimator|stage2|Add9~81|cin                                                                                        ;
;   21.584 ;   0.046 ; FF ; CELL ; 1      ; LABCELL_X40_Y30_N36  ; pipeline|desired_decimator|stage2|Add9~81|cout                                                                                       ;
;   21.584 ;   0.000 ; FF ; IC   ; 2      ; LABCELL_X40_Y30_N39  ; pipeline|desired_decimator|stage2|Add9~61|cin                                                                                        ;
;   21.584 ;   0.000 ; FF ; CELL ; 1      ; LABCELL_X40_Y30_N39  ; pipeline|desired_decimator|stage2|Add9~61|cout                                                                                       ;
;   21.584 ;   0.000 ; FF ; IC   ; 2      ; LABCELL_X40_Y30_N42  ; pipeline|desired_decimator|stage2|Add9~65|cin                                                                                        ;
;   21.630 ;   0.046 ; FF ; CELL ; 1      ; LABCELL_X40_Y30_N42  ; pipeline|desired_decimator|stage2|Add9~65|cout                                                                                       ;
;   21.630 ;   0.000 ; FF ; IC   ; 2      ; LABCELL_X40_Y30_N45  ; pipeline|desired_decimator|stage2|Add9~53|cin                                                                                        ;
;   21.630 ;   0.000 ; FF ; CELL ; 1      ; LABCELL_X40_Y30_N45  ; pipeline|desired_decimator|stage2|Add9~53|cout                                                                                       ;
;   21.630 ;   0.000 ; FF ; IC   ; 2      ; LABCELL_X40_Y30_N48  ; pipeline|desired_decimator|stage2|Add9~57|cin                                                                                        ;
;   21.676 ;   0.046 ; FF ; CELL ; 1      ; LABCELL_X40_Y30_N48  ; pipeline|desired_decimator|stage2|Add9~57|cout                                                                                       ;
;   21.676 ;   0.000 ; FF ; IC   ; 2      ; LABCELL_X40_Y30_N51  ; pipeline|desired_decimator|stage2|Add9~45|cin                                                                                        ;
;   21.676 ;   0.000 ; FF ; CELL ; 1      ; LABCELL_X40_Y30_N51  ; pipeline|desired_decimator|stage2|Add9~45|cout                                                                                       ;
;   21.676 ;   0.000 ; FF ; IC   ; 2      ; LABCELL_X40_Y30_N54  ; pipeline|desired_decimator|stage2|Add9~49|cin                                                                                        ;
;   21.719 ;   0.043 ; FF ; CELL ; 1      ; LABCELL_X40_Y30_N54  ; pipeline|desired_decimator|stage2|Add9~49|cout                                                                                       ;
;   21.719 ;   0.000 ; FF ; IC   ; 2      ; LABCELL_X40_Y30_N57  ; pipeline|desired_decimator|stage2|Add9~37|cin                                                                                        ;
;   21.719 ;   0.000 ; FF ; CELL ; 1      ; LABCELL_X40_Y30_N57  ; pipeline|desired_decimator|stage2|Add9~37|cout                                                                                       ;
;   21.719 ;   0.000 ; FF ; IC   ; 2      ; LABCELL_X40_Y29_N0   ; pipeline|desired_decimator|stage2|Add9~41|cin                                                                                        ;
;   22.245 ;   0.526 ; FR ; CELL ; 2      ; LABCELL_X40_Y29_N0   ; pipeline|desired_decimator|stage2|Add9~41|sumout                                                                                     ;
;   22.889 ;   0.644 ; RR ; IC   ; 1      ; LABCELL_X41_Y30_N21  ; pipeline|desired_decimator|stage2|sample_out[14]~5|datac                                                                             ;
;   23.304 ;   0.415 ; RR ; CELL ; 1      ; LABCELL_X41_Y30_N21  ; pipeline|desired_decimator|stage2|sample_out[14]~5|combout                                                                           ;
;   23.979 ;   0.675 ; RR ; IC   ; 1      ; LABCELL_X39_Y29_N42  ; pipeline|desired_decimator|stage2|sample_out[14]~11|dataf                                                                            ;
;   24.067 ;   0.088 ; RR ; CELL ; 1      ; LABCELL_X39_Y29_N42  ; pipeline|desired_decimator|stage2|sample_out[14]~11|combout                                                                          ;
;   24.300 ;   0.233 ; RR ; IC   ; 1      ; LABCELL_X39_Y29_N48  ; pipeline|desired_decimator|stage2|sample_out[14]~14|datad                                                                            ;
;   24.804 ;   0.504 ; RF ; CELL ; 23     ; LABCELL_X39_Y29_N48  ; pipeline|desired_decimator|stage2|sample_out[14]~14|combout                                                                          ;
;   25.849 ;   1.045 ; FF ; IC   ; 1      ; FF_X42_Y31_N17       ; pipeline|desired_decimator|stage2|sample_out[5]|sclr                                                                                 ;
;   26.714 ;   0.865 ; FR ; CELL ; 1      ; FF_X42_Y31_N17       ; preprocess_lms_fft_four_modes:pipeline|fir_decimator_32_dualmode:desired_decimator|fir_decimator_stage_dualmode:stage2|sample_out[5] ;
+----------+---------+----+------+--------+----------------------+--------------------------------------------------------------------------------------------------------------------------------------+

+-----------------------------------------------------------------------------------------------------------------------------------------------------------------------------------------------------+
; Data Required Path                                                                                                                                                                                  ;
+----------+---------+----+------+--------+--------------------+--------------------------------------------------------------------------------------------------------------------------------------+
; Total    ; Incr    ; RF ; Type ; Fanout ; Location           ; Element                                                                                                                              ;
+----------+---------+----+------+--------+--------------------+--------------------------------------------------------------------------------------------------------------------------------------+
; 20.000   ; 20.000  ;    ;      ;        ;                    ; latch edge time                                                                                                                      ;
; 23.660   ; 3.660   ;    ;      ;        ;                    ; clock path                                                                                                                           ;
;   20.000 ;   0.000 ;    ;      ;        ;                    ; source latency                                                                                                                       ;
;   20.000 ;   0.000 ;    ;      ; 1      ; PIN_M16            ; clk                                                                                                                                  ;
;   20.000 ;   0.000 ; RR ; IC   ; 1      ; IOIBUF_X54_Y18_N61 ; clk~input|i                                                                                                                          ;
;   20.669 ;   0.669 ; RR ; CELL ; 1      ; IOIBUF_X54_Y18_N61 ; clk~input|o                                                                                                                          ;
;   21.018 ;   0.349 ; RR ; IC   ; 1      ; CLKCTRL_G10        ; clk~inputCLKENA0|inclk                                                                                                               ;
;   21.431 ;   0.413 ; RR ; CELL ; 11676  ; CLKCTRL_G10        ; clk~inputCLKENA0|outclk                                                                                                              ;
;   23.082 ;   1.651 ; RR ; IC   ; 1      ; FF_X42_Y31_N17     ; pipeline|desired_decimator|stage2|sample_out[5]|clk                                                                                  ;
;   23.584 ;   0.502 ; RR ; CELL ; 1      ; FF_X42_Y31_N17     ; preprocess_lms_fft_four_modes:pipeline|fir_decimator_32_dualmode:desired_decimator|fir_decimator_stage_dualmode:stage2|sample_out[5] ;
;   23.660 ;   0.076 ;    ;      ;        ;                    ; clock pessimism removed                                                                                                              ;
; 23.560   ; -0.100  ;    ;      ;        ;                    ; clock uncertainty                                                                                                                    ;
; 23.560   ; 0.000   ;    ; uTsu ; 1      ; FF_X42_Y31_N17     ; preprocess_lms_fft_four_modes:pipeline|fir_decimator_32_dualmode:desired_decimator|fir_decimator_stage_dualmode:stage2|sample_out[5] ;
+----------+---------+----+------+--------+--------------------+--------------------------------------------------------------------------------------------------------------------------------------+

----------------------------
; Extra Fitter Information ;
----------------------------
HTML report is unavailable in plain text report export.



Path #4: Setup slack is -3.114 (VIOLATED)
===============================================================================
+-----------------------------------------------------------------------------------------------------------------------------------------------------------+
; Path Summary                                                                                                                                              ;
+--------------------+--------------------------------------------------------------------------------------------------------------------------------------+
; Property           ; Value                                                                                                                                ;
+--------------------+--------------------------------------------------------------------------------------------------------------------------------------+
; From Node          ; preprocess_lms_fft_four_modes:pipeline|fir_decimator_32_dualmode:desired_decimator|fir_decimator_stage_dualmode:stage2|tap_index[0]  ;
; To Node            ; preprocess_lms_fft_four_modes:pipeline|fir_decimator_32_dualmode:desired_decimator|fir_decimator_stage_dualmode:stage2|sample_out[8] ;
; Launch Clock       ; clk                                                                                                                                  ;
; Latch Clock        ; clk                                                                                                                                  ;
; Data Arrival Time  ; 26.668                                                                                                                               ;
; Data Required Time ; 23.554                                                                                                                               ;
; Slack              ; -3.114 (VIOLATED)                                                                                                                    ;
+--------------------+--------------------------------------------------------------------------------------------------------------------------------------+

+------------------------------------------------------------------------------------+
; Statistics                                                                         ;
+------------------------+--------+-------+-------------+------------+-------+-------+
; Property               ; Value  ; Count ; Total Delay ; % of Total ; Min   ; Max   ;
+------------------------+--------+-------+-------------+------------+-------+-------+
; Setup Relationship     ; 20.000 ;       ;             ;            ;       ;       ;
; Clock Skew             ; -0.132 ;       ;             ;            ;       ;       ;
; Data Delay             ; 22.882 ;       ;             ;            ;       ;       ;
; Number of Logic Levels ;        ; 13    ;             ;            ;       ;       ;
; Physical Delays        ;        ;       ;             ;            ;       ;       ;
;  Arrival Path          ;        ;       ;             ;            ;       ;       ;
;   Clock                ;        ;       ;             ;            ;       ;       ;
;    IC                  ;        ; 3     ; 2.096       ; 55         ; 0.000 ; 1.727 ;
;    Cell                ;        ; 3     ; 1.690       ; 45         ; 0.443 ; 0.669 ;
;   Data                 ;        ;       ;             ;            ;       ;       ;
;    IC                  ;        ; 60    ; 10.498      ; 46         ; 0.000 ; 1.278 ;
;    Cell                ;        ; 61    ; 12.384      ; 54         ; 0.000 ; 3.778 ;
;    uTco                ;        ; 1     ; 0.000       ; 0          ; 0.000 ; 0.000 ;
;  Required Path         ;        ;       ;             ;            ;       ;       ;
;   Clock                ;        ;       ;             ;            ;       ;       ;
;    IC                  ;        ; 3     ; 2.000       ; 56         ; 0.000 ; 1.651 ;
;    Cell                ;        ; 3     ; 1.578       ; 44         ; 0.413 ; 0.669 ;
+------------------------+--------+-------+-------------+------------+-------+-------+
Note: Negative delays are omitted from totals when calculating percentages

+-------------------------------------------------------------------------------------------------------------------------------------------------------------------------------------------------------+
; Data Arrival Path                                                                                                                                                                                     ;
+----------+---------+----+------+--------+----------------------+--------------------------------------------------------------------------------------------------------------------------------------+
; Total    ; Incr    ; RF ; Type ; Fanout ; Location             ; Element                                                                                                                              ;
+----------+---------+----+------+--------+----------------------+--------------------------------------------------------------------------------------------------------------------------------------+
; 0.000    ; 0.000   ;    ;      ;        ;                      ; launch edge time                                                                                                                     ;
; 3.786    ; 3.786   ;    ;      ;        ;                      ; clock path                                                                                                                           ;
;   0.000  ;   0.000 ;    ;      ;        ;                      ; source latency                                                                                                                       ;
;   0.000  ;   0.000 ;    ;      ; 1      ; PIN_M16              ; clk                                                                                                                                  ;
;   0.000  ;   0.000 ; RR ; IC   ; 1      ; IOIBUF_X54_Y18_N61   ; clk~input|i                                                                                                                          ;
;   0.669  ;   0.669 ; RR ; CELL ; 1      ; IOIBUF_X54_Y18_N61   ; clk~input|o                                                                                                                          ;
;   1.038  ;   0.369 ; RR ; IC   ; 1      ; CLKCTRL_G10          ; clk~inputCLKENA0|inclk                                                                                                               ;
;   1.481  ;   0.443 ; RR ; CELL ; 11676  ; CLKCTRL_G10          ; clk~inputCLKENA0|outclk                                                                                                              ;
;   3.208  ;   1.727 ; RR ; IC   ; 1      ; FF_X43_Y37_N2        ; pipeline|desired_decimator|stage2|tap_index[0]|clk                                                                                   ;
;   3.786  ;   0.578 ; RR ; CELL ; 1      ; FF_X43_Y37_N2        ; preprocess_lms_fft_four_modes:pipeline|fir_decimator_32_dualmode:desired_decimator|fir_decimator_stage_dualmode:stage2|tap_index[0]  ;
; 26.668   ; 22.882  ;    ;      ;        ;                      ; data path                                                                                                                            ;
;   3.786  ;   0.000 ;    ; uTco ; 1      ; FF_X43_Y37_N2        ; preprocess_lms_fft_four_modes:pipeline|fir_decimator_32_dualmode:desired_decimator|fir_decimator_stage_dualmode:stage2|tap_index[0]  ;
;   3.786  ;   0.000 ; FF ; CELL ; 38     ; FF_X43_Y37_N2        ; pipeline|desired_decimator|stage2|tap_index[0]|q                                                                                     ;
;   4.467  ;   0.681 ; FF ; IC   ; 1      ; LABCELL_X41_Y37_N30  ; pipeline|desired_decimator|stage2|LessThan1~2|datad                                                                                  ;
;   4.981  ;   0.514 ; FF ; CELL ; 1      ; LABCELL_X41_Y37_N30  ; pipeline|desired_decimator|stage2|LessThan1~2|combout                                                                                ;
;   5.309  ;   0.328 ; FF ; IC   ; 1      ; MLABCELL_X42_Y37_N24 ; pipeline|desired_decimator|stage2|LessThan1~3|datac                                                                                  ;
;   5.821  ;   0.512 ; FF ; CELL ; 7      ; MLABCELL_X42_Y37_N24 ; pipeline|desired_decimator|stage2|LessThan1~3|combout                                                                                ;
;   6.124  ;   0.303 ; FF ; IC   ; 1      ; LABCELL_X43_Y37_N27  ; pipeline|desired_decimator|stage2|sample_history.raddr_a[0]~6|datac                                                                  ;
;   6.641  ;   0.517 ; FF ; CELL ; 216    ; LABCELL_X43_Y37_N27  ; pipeline|desired_decimator|stage2|sample_history.raddr_a[0]~6|combout                                                                ;
;   7.893  ;   1.252 ; FF ; IC   ; 1      ; LABCELL_X41_Y41_N6   ; pipeline|desired_decimator|stage2|sample_history~2609|datad                                                                          ;
;   8.407  ;   0.514 ; FF ; CELL ; 1      ; LABCELL_X41_Y41_N6   ; pipeline|desired_decimator|stage2|sample_history~2609|combout                                                                        ;
;   9.398  ;   0.991 ; FF ; IC   ; 1      ; LABCELL_X40_Y37_N42  ; pipeline|desired_decimator|stage2|sample_history~1777|dataf                                                                          ;
;   9.480  ;   0.082 ; FF ; CELL ; 1      ; LABCELL_X40_Y37_N42  ; pipeline|desired_decimator|stage2|sample_history~1777|combout                                                                        ;
;   9.693  ;   0.213 ; FF ; IC   ; 1      ; LABCELL_X40_Y37_N24  ; pipeline|desired_decimator|stage2|sample_history~1781|datad                                                                          ;
;   10.207 ;   0.514 ; FF ; CELL ; 1      ; LABCELL_X40_Y37_N24  ; pipeline|desired_decimator|stage2|sample_history~1781|combout                                                                        ;
;   11.193 ;   0.986 ; FF ; IC   ; 1      ; LABCELL_X39_Y33_N6   ; pipeline|desired_decimator|stage2|delayed_sample[4]~9|dataf                                                                          ;
;   11.274 ;   0.081 ; FF ; CELL ; 1      ; LABCELL_X39_Y33_N6   ; pipeline|desired_decimator|stage2|delayed_sample[4]~9|combout                                                                        ;
;   12.273 ;   0.999 ; FF ; IC   ; 42     ; DSP_X33_Y33_N0       ; pipeline|desired_decimator|stage2|Mult0~mac|ax[4]                                                                                    ;
;   16.051 ;   3.778 ; FF ; CELL ; 1      ; DSP_X33_Y33_N0       ; pipeline|desired_decimator|stage2|Mult0~mac|resulta[5]                                                                               ;
;   17.329 ;   1.278 ; FF ; IC   ; 2      ; LABCELL_X39_Y32_N45  ; pipeline|desired_decimator|stage2|Add3~237|datac                                                                                     ;
;   18.136 ;   0.807 ; FF ; CELL ; 1      ; LABCELL_X39_Y32_N45  ; pipeline|desired_decimator|stage2|Add3~237|cout                                                                                      ;
;   18.136 ;   0.000 ; FF ; IC   ; 2      ; LABCELL_X39_Y32_N48  ; pipeline|desired_decimator|stage2|Add3~233|cin                                                                                       ;
;   18.182 ;   0.046 ; FF ; CELL ; 1      ; LABCELL_X39_Y32_N48  ; pipeline|desired_decimator|stage2|Add3~233|cout                                                                                      ;
;   18.182 ;   0.000 ; FF ; IC   ; 2      ; LABCELL_X39_Y32_N51  ; pipeline|desired_decimator|stage2|Add3~229|cin                                                                                       ;
;   18.182 ;   0.000 ; FF ; CELL ; 1      ; LABCELL_X39_Y32_N51  ; pipeline|desired_decimator|stage2|Add3~229|cout                                                                                      ;
;   18.182 ;   0.000 ; FF ; IC   ; 2      ; LABCELL_X39_Y32_N54  ; pipeline|desired_decimator|stage2|Add3~225|cin                                                                                       ;
;   18.225 ;   0.043 ; FF ; CELL ; 1      ; LABCELL_X39_Y32_N54  ; pipeline|desired_decimator|stage2|Add3~225|cout                                                                                      ;
;   18.225 ;   0.000 ; FF ; IC   ; 2      ; LABCELL_X39_Y32_N57  ; pipeline|desired_decimator|stage2|Add3~221|cin                                                                                       ;
;   18.225 ;   0.000 ; FF ; CELL ; 1      ; LABCELL_X39_Y32_N57  ; pipeline|desired_decimator|stage2|Add3~221|cout                                                                                      ;
;   18.225 ;   0.000 ; FF ; IC   ; 2      ; LABCELL_X39_Y31_N0   ; pipeline|desired_decimator|stage2|Add3~217|cin                                                                                       ;
;   18.351 ;   0.126 ; FF ; CELL ; 1      ; LABCELL_X39_Y31_N0   ; pipeline|desired_decimator|stage2|Add3~217|cout                                                                                      ;
;   18.351 ;   0.000 ; FF ; IC   ; 2      ; LABCELL_X39_Y31_N3   ; pipeline|desired_decimator|stage2|Add3~213|cin                                                                                       ;
;   18.351 ;   0.000 ; FF ; CELL ; 1      ; LABCELL_X39_Y31_N3   ; pipeline|desired_decimator|stage2|Add3~213|cout                                                                                      ;
;   18.351 ;   0.000 ; FF ; IC   ; 2      ; LABCELL_X39_Y31_N6   ; pipeline|desired_decimator|stage2|Add3~209|cin                                                                                       ;
;   18.397 ;   0.046 ; FF ; CELL ; 1      ; LABCELL_X39_Y31_N6   ; pipeline|desired_decimator|stage2|Add3~209|cout                                                                                      ;
;   18.397 ;   0.000 ; FF ; IC   ; 2      ; LABCELL_X39_Y31_N9   ; pipeline|desired_decimator|stage2|Add3~205|cin                                                                                       ;
;   18.397 ;   0.000 ; FF ; CELL ; 1      ; LABCELL_X39_Y31_N9   ; pipeline|desired_decimator|stage2|Add3~205|cout                                                                                      ;
;   18.397 ;   0.000 ; FF ; IC   ; 2      ; LABCELL_X39_Y31_N12  ; pipeline|desired_decimator|stage2|Add3~201|cin                                                                                       ;
;   18.443 ;   0.046 ; FF ; CELL ; 1      ; LABCELL_X39_Y31_N12  ; pipeline|desired_decimator|stage2|Add3~201|cout                                                                                      ;
;   18.443 ;   0.000 ; FF ; IC   ; 2      ; LABCELL_X39_Y31_N15  ; pipeline|desired_decimator|stage2|Add3~197|cin                                                                                       ;
;   18.443 ;   0.000 ; FF ; CELL ; 1      ; LABCELL_X39_Y31_N15  ; pipeline|desired_decimator|stage2|Add3~197|cout                                                                                      ;
;   18.443 ;   0.000 ; FF ; IC   ; 2      ; LABCELL_X39_Y31_N18  ; pipeline|desired_decimator|stage2|Add3~189|cin                                                                                       ;
;   18.489 ;   0.046 ; FF ; CELL ; 1      ; LABCELL_X39_Y31_N18  ; pipeline|desired_decimator|stage2|Add3~189|cout                                                                                      ;
;   18.489 ;   0.000 ; FF ; IC   ; 2      ; LABCELL_X39_Y31_N21  ; pipeline|desired_decimator|stage2|Add3~97|cin                                                                                        ;
;   18.489 ;   0.000 ; FF ; CELL ; 1      ; LABCELL_X39_Y31_N21  ; pipeline|desired_decimator|stage2|Add3~97|cout                                                                                       ;
;   18.489 ;   0.000 ; FF ; IC   ; 2      ; LABCELL_X39_Y31_N24  ; pipeline|desired_decimator|stage2|Add3~101|cin                                                                                       ;
;   18.547 ;   0.058 ; FF ; CELL ; 1      ; LABCELL_X39_Y31_N24  ; pipeline|desired_decimator|stage2|Add3~101|cout                                                                                      ;
;   18.547 ;   0.000 ; FF ; IC   ; 2      ; LABCELL_X39_Y31_N27  ; pipeline|desired_decimator|stage2|Add3~105|cin                                                                                       ;
;   18.547 ;   0.000 ; FF ; CELL ; 1      ; LABCELL_X39_Y31_N27  ; pipeline|desired_decimator|stage2|Add3~105|cout                                                                                      ;
;   18.547 ;   0.000 ; FF ; IC   ; 2      ; LABCELL_X39_Y31_N30  ; pipeline|desired_decimator|stage2|Add3~109|cin                                                                                       ;
;   18.666 ;   0.119 ; FF ; CELL ; 1      ; LABCELL_X39_Y31_N30  ; pipeline|desired_decimator|stage2|Add3~109|cout                                                                                      ;
;   18.666 ;   0.000 ; FF ; IC   ; 2      ; LABCELL_X39_Y31_N33  ; pipeline|desired_decimator|stage2|Add3~113|cin                                                                                       ;
;   18.666 ;   0.000 ; FF ; CELL ; 1      ; LABCELL_X39_Y31_N33  ; pipeline|desired_decimator|stage2|Add3~113|cout                                                                                      ;
;   18.666 ;   0.000 ; FF ; IC   ; 2      ; LABCELL_X39_Y31_N36  ; pipeline|desired_decimator|stage2|Add3~117|cin                                                                                       ;
;   18.712 ;   0.046 ; FF ; CELL ; 1      ; LABCELL_X39_Y31_N36  ; pipeline|desired_decimator|stage2|Add3~117|cout                                                                                      ;
;   18.712 ;   0.000 ; FF ; IC   ; 2      ; LABCELL_X39_Y31_N39  ; pipeline|desired_decimator|stage2|Add3~121|cin                                                                                       ;
;   18.712 ;   0.000 ; FF ; CELL ; 1      ; LABCELL_X39_Y31_N39  ; pipeline|desired_decimator|stage2|Add3~121|cout                                                                                      ;
;   18.712 ;   0.000 ; FF ; IC   ; 2      ; LABCELL_X39_Y31_N42  ; pipeline|desired_decimator|stage2|Add3~125|cin                                                                                       ;
;   18.758 ;   0.046 ; FF ; CELL ; 1      ; LABCELL_X39_Y31_N42  ; pipeline|desired_decimator|stage2|Add3~125|cout                                                                                      ;
;   18.758 ;   0.000 ; FF ; IC   ; 2      ; LABCELL_X39_Y31_N45  ; pipeline|desired_decimator|stage2|Add3~129|cin                                                                                       ;
;   18.758 ;   0.000 ; FF ; CELL ; 1      ; LABCELL_X39_Y31_N45  ; pipeline|desired_decimator|stage2|Add3~129|cout                                                                                      ;
;   18.758 ;   0.000 ; FF ; IC   ; 2      ; LABCELL_X39_Y31_N48  ; pipeline|desired_decimator|stage2|Add3~133|cin                                                                                       ;
;   18.804 ;   0.046 ; FF ; CELL ; 1      ; LABCELL_X39_Y31_N48  ; pipeline|desired_decimator|stage2|Add3~133|cout                                                                                      ;
;   18.804 ;   0.000 ; FF ; IC   ; 2      ; LABCELL_X39_Y31_N51  ; pipeline|desired_decimator|stage2|Add3~137|cin                                                                                       ;
;   18.804 ;   0.000 ; FF ; CELL ; 1      ; LABCELL_X39_Y31_N51  ; pipeline|desired_decimator|stage2|Add3~137|cout                                                                                      ;
;   18.804 ;   0.000 ; FF ; IC   ; 2      ; LABCELL_X39_Y31_N54  ; pipeline|desired_decimator|stage2|Add3~141|cin                                                                                       ;
;   18.847 ;   0.043 ; FF ; CELL ; 1      ; LABCELL_X39_Y31_N54  ; pipeline|desired_decimator|stage2|Add3~141|cout                                                                                      ;
;   18.847 ;   0.000 ; FF ; IC   ; 2      ; LABCELL_X39_Y31_N57  ; pipeline|desired_decimator|stage2|Add3~145|cin                                                                                       ;
;   18.847 ;   0.000 ; FF ; CELL ; 1      ; LABCELL_X39_Y31_N57  ; pipeline|desired_decimator|stage2|Add3~145|cout                                                                                      ;
;   18.847 ;   0.000 ; FF ; IC   ; 2      ; LABCELL_X39_Y30_N0   ; pipeline|desired_decimator|stage2|Add3~149|cin                                                                                       ;
;   19.381 ;   0.534 ; FF ; CELL ; 3      ; LABCELL_X39_Y30_N0   ; pipeline|desired_decimator|stage2|Add3~149|sumout                                                                                    ;
;   20.251 ;   0.870 ; FF ; IC   ; 2      ; LABCELL_X40_Y31_N57  ; pipeline|desired_decimator|stage2|Add9~153|datac                                                                                     ;
;   21.051 ;   0.800 ; FF ; CELL ; 1      ; LABCELL_X40_Y31_N57  ; pipeline|desired_decimator|stage2|Add9~153|cout                                                                                      ;
;   21.051 ;   0.000 ; FF ; IC   ; 2      ; LABCELL_X40_Y30_N0   ; pipeline|desired_decimator|stage2|Add9~157|cin                                                                                       ;
;   21.177 ;   0.126 ; FF ; CELL ; 1      ; LABCELL_X40_Y30_N0   ; pipeline|desired_decimator|stage2|Add9~157|cout                                                                                      ;
;   21.177 ;   0.000 ; FF ; IC   ; 2      ; LABCELL_X40_Y30_N3   ; pipeline|desired_decimator|stage2|Add9~161|cin                                                                                       ;
;   21.177 ;   0.000 ; FF ; CELL ; 1      ; LABCELL_X40_Y30_N3   ; pipeline|desired_decimator|stage2|Add9~161|cout                                                                                      ;
;   21.177 ;   0.000 ; FF ; IC   ; 2      ; LABCELL_X40_Y30_N6   ; pipeline|desired_decimator|stage2|Add9~165|cin                                                                                       ;
;   21.223 ;   0.046 ; FF ; CELL ; 1      ; LABCELL_X40_Y30_N6   ; pipeline|desired_decimator|stage2|Add9~165|cout                                                                                      ;
;   21.223 ;   0.000 ; FF ; IC   ; 2      ; LABCELL_X40_Y30_N9   ; pipeline|desired_decimator|stage2|Add9~169|cin                                                                                       ;
;   21.223 ;   0.000 ; FF ; CELL ; 1      ; LABCELL_X40_Y30_N9   ; pipeline|desired_decimator|stage2|Add9~169|cout                                                                                      ;
;   21.223 ;   0.000 ; FF ; IC   ; 2      ; LABCELL_X40_Y30_N12  ; pipeline|desired_decimator|stage2|Add9~173|cin                                                                                       ;
;   21.269 ;   0.046 ; FF ; CELL ; 1      ; LABCELL_X40_Y30_N12  ; pipeline|desired_decimator|stage2|Add9~173|cout                                                                                      ;
;   21.269 ;   0.000 ; FF ; IC   ; 2      ; LABCELL_X40_Y30_N15  ; pipeline|desired_decimator|stage2|Add9~177|cin                                                                                       ;
;   21.269 ;   0.000 ; FF ; CELL ; 1      ; LABCELL_X40_Y30_N15  ; pipeline|desired_decimator|stage2|Add9~177|cout                                                                                      ;
;   21.269 ;   0.000 ; FF ; IC   ; 2      ; LABCELL_X40_Y30_N18  ; pipeline|desired_decimator|stage2|Add9~181|cin                                                                                       ;
;   21.315 ;   0.046 ; FF ; CELL ; 1      ; LABCELL_X40_Y30_N18  ; pipeline|desired_decimator|stage2|Add9~181|cout                                                                                      ;
;   21.315 ;   0.000 ; FF ; IC   ; 2      ; LABCELL_X40_Y30_N21  ; pipeline|desired_decimator|stage2|Add9~185|cin                                                                                       ;
;   21.315 ;   0.000 ; FF ; CELL ; 1      ; LABCELL_X40_Y30_N21  ; pipeline|desired_decimator|stage2|Add9~185|cout                                                                                      ;
;   21.315 ;   0.000 ; FF ; IC   ; 2      ; LABCELL_X40_Y30_N24  ; pipeline|desired_decimator|stage2|Add9~189|cin                                                                                       ;
;   21.373 ;   0.058 ; FF ; CELL ; 1      ; LABCELL_X40_Y30_N24  ; pipeline|desired_decimator|stage2|Add9~189|cout                                                                                      ;
;   21.373 ;   0.000 ; FF ; IC   ; 2      ; LABCELL_X40_Y30_N27  ; pipeline|desired_decimator|stage2|Add9~73|cin                                                                                        ;
;   21.373 ;   0.000 ; FF ; CELL ; 1      ; LABCELL_X40_Y30_N27  ; pipeline|desired_decimator|stage2|Add9~73|cout                                                                                       ;
;   21.373 ;   0.000 ; FF ; IC   ; 2      ; LABCELL_X40_Y30_N30  ; pipeline|desired_decimator|stage2|Add9~69|cin                                                                                        ;
;   21.492 ;   0.119 ; FF ; CELL ; 1      ; LABCELL_X40_Y30_N30  ; pipeline|desired_decimator|stage2|Add9~69|cout                                                                                       ;
;   21.492 ;   0.000 ; FF ; IC   ; 2      ; LABCELL_X40_Y30_N33  ; pipeline|desired_decimator|stage2|Add9~77|cin                                                                                        ;
;   21.492 ;   0.000 ; FF ; CELL ; 1      ; LABCELL_X40_Y30_N33  ; pipeline|desired_decimator|stage2|Add9~77|cout                                                                                       ;
;   21.492 ;   0.000 ; FF ; IC   ; 2      ; LABCELL_X40_Y30_N36  ; pipeline|desired_decimator|stage2|Add9~81|cin                                                                                        ;
;   21.538 ;   0.046 ; FF ; CELL ; 1      ; LABCELL_X40_Y30_N36  ; pipeline|desired_decimator|stage2|Add9~81|cout                                                                                       ;
;   21.538 ;   0.000 ; FF ; IC   ; 2      ; LABCELL_X40_Y30_N39  ; pipeline|desired_decimator|stage2|Add9~61|cin                                                                                        ;
;   21.538 ;   0.000 ; FF ; CELL ; 1      ; LABCELL_X40_Y30_N39  ; pipeline|desired_decimator|stage2|Add9~61|cout                                                                                       ;
;   21.538 ;   0.000 ; FF ; IC   ; 2      ; LABCELL_X40_Y30_N42  ; pipeline|desired_decimator|stage2|Add9~65|cin                                                                                        ;
;   21.584 ;   0.046 ; FF ; CELL ; 1      ; LABCELL_X40_Y30_N42  ; pipeline|desired_decimator|stage2|Add9~65|cout                                                                                       ;
;   21.584 ;   0.000 ; FF ; IC   ; 2      ; LABCELL_X40_Y30_N45  ; pipeline|desired_decimator|stage2|Add9~53|cin                                                                                        ;
;   21.584 ;   0.000 ; FF ; CELL ; 1      ; LABCELL_X40_Y30_N45  ; pipeline|desired_decimator|stage2|Add9~53|cout                                                                                       ;
;   21.584 ;   0.000 ; FF ; IC   ; 2      ; LABCELL_X40_Y30_N48  ; pipeline|desired_decimator|stage2|Add9~57|cin                                                                                        ;
;   21.630 ;   0.046 ; FF ; CELL ; 1      ; LABCELL_X40_Y30_N48  ; pipeline|desired_decimator|stage2|Add9~57|cout                                                                                       ;
;   21.630 ;   0.000 ; FF ; IC   ; 2      ; LABCELL_X40_Y30_N51  ; pipeline|desired_decimator|stage2|Add9~45|cin                                                                                        ;
;   21.630 ;   0.000 ; FF ; CELL ; 1      ; LABCELL_X40_Y30_N51  ; pipeline|desired_decimator|stage2|Add9~45|cout                                                                                       ;
;   21.630 ;   0.000 ; FF ; IC   ; 2      ; LABCELL_X40_Y30_N54  ; pipeline|desired_decimator|stage2|Add9~49|cin                                                                                        ;
;   21.673 ;   0.043 ; FF ; CELL ; 1      ; LABCELL_X40_Y30_N54  ; pipeline|desired_decimator|stage2|Add9~49|cout                                                                                       ;
;   21.673 ;   0.000 ; FF ; IC   ; 2      ; LABCELL_X40_Y30_N57  ; pipeline|desired_decimator|stage2|Add9~37|cin                                                                                        ;
;   21.673 ;   0.000 ; FF ; CELL ; 1      ; LABCELL_X40_Y30_N57  ; pipeline|desired_decimator|stage2|Add9~37|cout                                                                                       ;
;   21.673 ;   0.000 ; FF ; IC   ; 2      ; LABCELL_X40_Y29_N0   ; pipeline|desired_decimator|stage2|Add9~41|cin                                                                                        ;
;   22.199 ;   0.526 ; FR ; CELL ; 2      ; LABCELL_X40_Y29_N0   ; pipeline|desired_decimator|stage2|Add9~41|sumout                                                                                     ;
;   22.843 ;   0.644 ; RR ; IC   ; 1      ; LABCELL_X41_Y30_N21  ; pipeline|desired_decimator|stage2|sample_out[14]~5|datac                                                                             ;
;   23.258 ;   0.415 ; RR ; CELL ; 1      ; LABCELL_X41_Y30_N21  ; pipeline|desired_decimator|stage2|sample_out[14]~5|combout                                                                           ;
;   23.933 ;   0.675 ; RR ; IC   ; 1      ; LABCELL_X39_Y29_N42  ; pipeline|desired_decimator|stage2|sample_out[14]~11|dataf                                                                            ;
;   24.021 ;   0.088 ; RR ; CELL ; 1      ; LABCELL_X39_Y29_N42  ; pipeline|desired_decimator|stage2|sample_out[14]~11|combout                                                                          ;
;   24.254 ;   0.233 ; RR ; IC   ; 1      ; LABCELL_X39_Y29_N48  ; pipeline|desired_decimator|stage2|sample_out[14]~14|datad                                                                            ;
;   24.758 ;   0.504 ; RF ; CELL ; 23     ; LABCELL_X39_Y29_N48  ; pipeline|desired_decimator|stage2|sample_out[14]~14|combout                                                                          ;
;   25.803 ;   1.045 ; FF ; IC   ; 1      ; FF_X42_Y31_N2        ; pipeline|desired_decimator|stage2|sample_out[8]|sclr                                                                                 ;
;   26.668 ;   0.865 ; FR ; CELL ; 1      ; FF_X42_Y31_N2        ; preprocess_lms_fft_four_modes:pipeline|fir_decimator_32_dualmode:desired_decimator|fir_decimator_stage_dualmode:stage2|sample_out[8] ;
+----------+---------+----+------+--------+----------------------+--------------------------------------------------------------------------------------------------------------------------------------+

+-----------------------------------------------------------------------------------------------------------------------------------------------------------------------------------------------------+
; Data Required Path                                                                                                                                                                                  ;
+----------+---------+----+------+--------+--------------------+--------------------------------------------------------------------------------------------------------------------------------------+
; Total    ; Incr    ; RF ; Type ; Fanout ; Location           ; Element                                                                                                                              ;
+----------+---------+----+------+--------+--------------------+--------------------------------------------------------------------------------------------------------------------------------------+
; 20.000   ; 20.000  ;    ;      ;        ;                    ; latch edge time                                                                                                                      ;
; 23.654   ; 3.654   ;    ;      ;        ;                    ; clock path                                                                                                                           ;
;   20.000 ;   0.000 ;    ;      ;        ;                    ; source latency                                                                                                                       ;
;   20.000 ;   0.000 ;    ;      ; 1      ; PIN_M16            ; clk                                                                                                                                  ;
;   20.000 ;   0.000 ; RR ; IC   ; 1      ; IOIBUF_X54_Y18_N61 ; clk~input|i                                                                                                                          ;
;   20.669 ;   0.669 ; RR ; CELL ; 1      ; IOIBUF_X54_Y18_N61 ; clk~input|o                                                                                                                          ;
;   21.018 ;   0.349 ; RR ; IC   ; 1      ; CLKCTRL_G10        ; clk~inputCLKENA0|inclk                                                                                                               ;
;   21.431 ;   0.413 ; RR ; CELL ; 11676  ; CLKCTRL_G10        ; clk~inputCLKENA0|outclk                                                                                                              ;
;   23.082 ;   1.651 ; RR ; IC   ; 1      ; FF_X42_Y31_N2      ; pipeline|desired_decimator|stage2|sample_out[8]|clk                                                                                  ;
;   23.578 ;   0.496 ; RR ; CELL ; 1      ; FF_X42_Y31_N2      ; preprocess_lms_fft_four_modes:pipeline|fir_decimator_32_dualmode:desired_decimator|fir_decimator_stage_dualmode:stage2|sample_out[8] ;
;   23.654 ;   0.076 ;    ;      ;        ;                    ; clock pessimism removed                                                                                                              ;
; 23.554   ; -0.100  ;    ;      ;        ;                    ; clock uncertainty                                                                                                                    ;
; 23.554   ; 0.000   ;    ; uTsu ; 1      ; FF_X42_Y31_N2      ; preprocess_lms_fft_four_modes:pipeline|fir_decimator_32_dualmode:desired_decimator|fir_decimator_stage_dualmode:stage2|sample_out[8] ;
+----------+---------+----+------+--------+--------------------+--------------------------------------------------------------------------------------------------------------------------------------+

----------------------------
; Extra Fitter Information ;
----------------------------
HTML report is unavailable in plain text report export.



Path #5: Setup slack is -3.114 (VIOLATED)
===============================================================================
+-----------------------------------------------------------------------------------------------------------------------------------------------------------+
; Path Summary                                                                                                                                              ;
+--------------------+--------------------------------------------------------------------------------------------------------------------------------------+
; Property           ; Value                                                                                                                                ;
+--------------------+--------------------------------------------------------------------------------------------------------------------------------------+
; From Node          ; preprocess_lms_fft_four_modes:pipeline|fir_decimator_32_dualmode:desired_decimator|fir_decimator_stage_dualmode:stage2|tap_index[0]  ;
; To Node            ; preprocess_lms_fft_four_modes:pipeline|fir_decimator_32_dualmode:desired_decimator|fir_decimator_stage_dualmode:stage2|sample_out[6] ;
; Launch Clock       ; clk                                                                                                                                  ;
; Latch Clock        ; clk                                                                                                                                  ;
; Data Arrival Time  ; 26.668                                                                                                                               ;
; Data Required Time ; 23.554                                                                                                                               ;
; Slack              ; -3.114 (VIOLATED)                                                                                                                    ;
+--------------------+--------------------------------------------------------------------------------------------------------------------------------------+

+------------------------------------------------------------------------------------+
; Statistics                                                                         ;
+------------------------+--------+-------+-------------+------------+-------+-------+
; Property               ; Value  ; Count ; Total Delay ; % of Total ; Min   ; Max   ;
+------------------------+--------+-------+-------------+------------+-------+-------+
; Setup Relationship     ; 20.000 ;       ;             ;            ;       ;       ;
; Clock Skew             ; -0.132 ;       ;             ;            ;       ;       ;
; Data Delay             ; 22.882 ;       ;             ;            ;       ;       ;
; Number of Logic Levels ;        ; 13    ;             ;            ;       ;       ;
; Physical Delays        ;        ;       ;             ;            ;       ;       ;
;  Arrival Path          ;        ;       ;             ;            ;       ;       ;
;   Clock                ;        ;       ;             ;            ;       ;       ;
;    IC                  ;        ; 3     ; 2.096       ; 55         ; 0.000 ; 1.727 ;
;    Cell                ;        ; 3     ; 1.690       ; 45         ; 0.443 ; 0.669 ;
;   Data                 ;        ;       ;             ;            ;       ;       ;
;    IC                  ;        ; 60    ; 10.498      ; 46         ; 0.000 ; 1.278 ;
;    Cell                ;        ; 61    ; 12.384      ; 54         ; 0.000 ; 3.778 ;
;    uTco                ;        ; 1     ; 0.000       ; 0          ; 0.000 ; 0.000 ;
;  Required Path         ;        ;       ;             ;            ;       ;       ;
;   Clock                ;        ;       ;             ;            ;       ;       ;
;    IC                  ;        ; 3     ; 2.000       ; 56         ; 0.000 ; 1.651 ;
;    Cell                ;        ; 3     ; 1.578       ; 44         ; 0.413 ; 0.669 ;
+------------------------+--------+-------+-------------+------------+-------+-------+
Note: Negative delays are omitted from totals when calculating percentages

+-------------------------------------------------------------------------------------------------------------------------------------------------------------------------------------------------------+
; Data Arrival Path                                                                                                                                                                                     ;
+----------+---------+----+------+--------+----------------------+--------------------------------------------------------------------------------------------------------------------------------------+
; Total    ; Incr    ; RF ; Type ; Fanout ; Location             ; Element                                                                                                                              ;
+----------+---------+----+------+--------+----------------------+--------------------------------------------------------------------------------------------------------------------------------------+
; 0.000    ; 0.000   ;    ;      ;        ;                      ; launch edge time                                                                                                                     ;
; 3.786    ; 3.786   ;    ;      ;        ;                      ; clock path                                                                                                                           ;
;   0.000  ;   0.000 ;    ;      ;        ;                      ; source latency                                                                                                                       ;
;   0.000  ;   0.000 ;    ;      ; 1      ; PIN_M16              ; clk                                                                                                                                  ;
;   0.000  ;   0.000 ; RR ; IC   ; 1      ; IOIBUF_X54_Y18_N61   ; clk~input|i                                                                                                                          ;
;   0.669  ;   0.669 ; RR ; CELL ; 1      ; IOIBUF_X54_Y18_N61   ; clk~input|o                                                                                                                          ;
;   1.038  ;   0.369 ; RR ; IC   ; 1      ; CLKCTRL_G10          ; clk~inputCLKENA0|inclk                                                                                                               ;
;   1.481  ;   0.443 ; RR ; CELL ; 11676  ; CLKCTRL_G10          ; clk~inputCLKENA0|outclk                                                                                                              ;
;   3.208  ;   1.727 ; RR ; IC   ; 1      ; FF_X43_Y37_N2        ; pipeline|desired_decimator|stage2|tap_index[0]|clk                                                                                   ;
;   3.786  ;   0.578 ; RR ; CELL ; 1      ; FF_X43_Y37_N2        ; preprocess_lms_fft_four_modes:pipeline|fir_decimator_32_dualmode:desired_decimator|fir_decimator_stage_dualmode:stage2|tap_index[0]  ;
; 26.668   ; 22.882  ;    ;      ;        ;                      ; data path                                                                                                                            ;
;   3.786  ;   0.000 ;    ; uTco ; 1      ; FF_X43_Y37_N2        ; preprocess_lms_fft_four_modes:pipeline|fir_decimator_32_dualmode:desired_decimator|fir_decimator_stage_dualmode:stage2|tap_index[0]  ;
;   3.786  ;   0.000 ; FF ; CELL ; 38     ; FF_X43_Y37_N2        ; pipeline|desired_decimator|stage2|tap_index[0]|q                                                                                     ;
;   4.467  ;   0.681 ; FF ; IC   ; 1      ; LABCELL_X41_Y37_N30  ; pipeline|desired_decimator|stage2|LessThan1~2|datad                                                                                  ;
;   4.981  ;   0.514 ; FF ; CELL ; 1      ; LABCELL_X41_Y37_N30  ; pipeline|desired_decimator|stage2|LessThan1~2|combout                                                                                ;
;   5.309  ;   0.328 ; FF ; IC   ; 1      ; MLABCELL_X42_Y37_N24 ; pipeline|desired_decimator|stage2|LessThan1~3|datac                                                                                  ;
;   5.821  ;   0.512 ; FF ; CELL ; 7      ; MLABCELL_X42_Y37_N24 ; pipeline|desired_decimator|stage2|LessThan1~3|combout                                                                                ;
;   6.124  ;   0.303 ; FF ; IC   ; 1      ; LABCELL_X43_Y37_N27  ; pipeline|desired_decimator|stage2|sample_history.raddr_a[0]~6|datac                                                                  ;
;   6.641  ;   0.517 ; FF ; CELL ; 216    ; LABCELL_X43_Y37_N27  ; pipeline|desired_decimator|stage2|sample_history.raddr_a[0]~6|combout                                                                ;
;   7.893  ;   1.252 ; FF ; IC   ; 1      ; LABCELL_X41_Y41_N6   ; pipeline|desired_decimator|stage2|sample_history~2609|datad                                                                          ;
;   8.407  ;   0.514 ; FF ; CELL ; 1      ; LABCELL_X41_Y41_N6   ; pipeline|desired_decimator|stage2|sample_history~2609|combout                                                                        ;
;   9.398  ;   0.991 ; FF ; IC   ; 1      ; LABCELL_X40_Y37_N42  ; pipeline|desired_decimator|stage2|sample_history~1777|dataf                                                                          ;
;   9.480  ;   0.082 ; FF ; CELL ; 1      ; LABCELL_X40_Y37_N42  ; pipeline|desired_decimator|stage2|sample_history~1777|combout                                                                        ;
;   9.693  ;   0.213 ; FF ; IC   ; 1      ; LABCELL_X40_Y37_N24  ; pipeline|desired_decimator|stage2|sample_history~1781|datad                                                                          ;
;   10.207 ;   0.514 ; FF ; CELL ; 1      ; LABCELL_X40_Y37_N24  ; pipeline|desired_decimator|stage2|sample_history~1781|combout                                                                        ;
;   11.193 ;   0.986 ; FF ; IC   ; 1      ; LABCELL_X39_Y33_N6   ; pipeline|desired_decimator|stage2|delayed_sample[4]~9|dataf                                                                          ;
;   11.274 ;   0.081 ; FF ; CELL ; 1      ; LABCELL_X39_Y33_N6   ; pipeline|desired_decimator|stage2|delayed_sample[4]~9|combout                                                                        ;
;   12.273 ;   0.999 ; FF ; IC   ; 42     ; DSP_X33_Y33_N0       ; pipeline|desired_decimator|stage2|Mult0~mac|ax[4]                                                                                    ;
;   16.051 ;   3.778 ; FF ; CELL ; 1      ; DSP_X33_Y33_N0       ; pipeline|desired_decimator|stage2|Mult0~mac|resulta[5]                                                                               ;
;   17.329 ;   1.278 ; FF ; IC   ; 2      ; LABCELL_X39_Y32_N45  ; pipeline|desired_decimator|stage2|Add3~237|datac                                                                                     ;
;   18.136 ;   0.807 ; FF ; CELL ; 1      ; LABCELL_X39_Y32_N45  ; pipeline|desired_decimator|stage2|Add3~237|cout                                                                                      ;
;   18.136 ;   0.000 ; FF ; IC   ; 2      ; LABCELL_X39_Y32_N48  ; pipeline|desired_decimator|stage2|Add3~233|cin                                                                                       ;
;   18.182 ;   0.046 ; FF ; CELL ; 1      ; LABCELL_X39_Y32_N48  ; pipeline|desired_decimator|stage2|Add3~233|cout                                                                                      ;
;   18.182 ;   0.000 ; FF ; IC   ; 2      ; LABCELL_X39_Y32_N51  ; pipeline|desired_decimator|stage2|Add3~229|cin                                                                                       ;
;   18.182 ;   0.000 ; FF ; CELL ; 1      ; LABCELL_X39_Y32_N51  ; pipeline|desired_decimator|stage2|Add3~229|cout                                                                                      ;
;   18.182 ;   0.000 ; FF ; IC   ; 2      ; LABCELL_X39_Y32_N54  ; pipeline|desired_decimator|stage2|Add3~225|cin                                                                                       ;
;   18.225 ;   0.043 ; FF ; CELL ; 1      ; LABCELL_X39_Y32_N54  ; pipeline|desired_decimator|stage2|Add3~225|cout                                                                                      ;
;   18.225 ;   0.000 ; FF ; IC   ; 2      ; LABCELL_X39_Y32_N57  ; pipeline|desired_decimator|stage2|Add3~221|cin                                                                                       ;
;   18.225 ;   0.000 ; FF ; CELL ; 1      ; LABCELL_X39_Y32_N57  ; pipeline|desired_decimator|stage2|Add3~221|cout                                                                                      ;
;   18.225 ;   0.000 ; FF ; IC   ; 2      ; LABCELL_X39_Y31_N0   ; pipeline|desired_decimator|stage2|Add3~217|cin                                                                                       ;
;   18.351 ;   0.126 ; FF ; CELL ; 1      ; LABCELL_X39_Y31_N0   ; pipeline|desired_decimator|stage2|Add3~217|cout                                                                                      ;
;   18.351 ;   0.000 ; FF ; IC   ; 2      ; LABCELL_X39_Y31_N3   ; pipeline|desired_decimator|stage2|Add3~213|cin                                                                                       ;
;   18.351 ;   0.000 ; FF ; CELL ; 1      ; LABCELL_X39_Y31_N3   ; pipeline|desired_decimator|stage2|Add3~213|cout                                                                                      ;
;   18.351 ;   0.000 ; FF ; IC   ; 2      ; LABCELL_X39_Y31_N6   ; pipeline|desired_decimator|stage2|Add3~209|cin                                                                                       ;
;   18.397 ;   0.046 ; FF ; CELL ; 1      ; LABCELL_X39_Y31_N6   ; pipeline|desired_decimator|stage2|Add3~209|cout                                                                                      ;
;   18.397 ;   0.000 ; FF ; IC   ; 2      ; LABCELL_X39_Y31_N9   ; pipeline|desired_decimator|stage2|Add3~205|cin                                                                                       ;
;   18.397 ;   0.000 ; FF ; CELL ; 1      ; LABCELL_X39_Y31_N9   ; pipeline|desired_decimator|stage2|Add3~205|cout                                                                                      ;
;   18.397 ;   0.000 ; FF ; IC   ; 2      ; LABCELL_X39_Y31_N12  ; pipeline|desired_decimator|stage2|Add3~201|cin                                                                                       ;
;   18.443 ;   0.046 ; FF ; CELL ; 1      ; LABCELL_X39_Y31_N12  ; pipeline|desired_decimator|stage2|Add3~201|cout                                                                                      ;
;   18.443 ;   0.000 ; FF ; IC   ; 2      ; LABCELL_X39_Y31_N15  ; pipeline|desired_decimator|stage2|Add3~197|cin                                                                                       ;
;   18.443 ;   0.000 ; FF ; CELL ; 1      ; LABCELL_X39_Y31_N15  ; pipeline|desired_decimator|stage2|Add3~197|cout                                                                                      ;
;   18.443 ;   0.000 ; FF ; IC   ; 2      ; LABCELL_X39_Y31_N18  ; pipeline|desired_decimator|stage2|Add3~189|cin                                                                                       ;
;   18.489 ;   0.046 ; FF ; CELL ; 1      ; LABCELL_X39_Y31_N18  ; pipeline|desired_decimator|stage2|Add3~189|cout                                                                                      ;
;   18.489 ;   0.000 ; FF ; IC   ; 2      ; LABCELL_X39_Y31_N21  ; pipeline|desired_decimator|stage2|Add3~97|cin                                                                                        ;
;   18.489 ;   0.000 ; FF ; CELL ; 1      ; LABCELL_X39_Y31_N21  ; pipeline|desired_decimator|stage2|Add3~97|cout                                                                                       ;
;   18.489 ;   0.000 ; FF ; IC   ; 2      ; LABCELL_X39_Y31_N24  ; pipeline|desired_decimator|stage2|Add3~101|cin                                                                                       ;
;   18.547 ;   0.058 ; FF ; CELL ; 1      ; LABCELL_X39_Y31_N24  ; pipeline|desired_decimator|stage2|Add3~101|cout                                                                                      ;
;   18.547 ;   0.000 ; FF ; IC   ; 2      ; LABCELL_X39_Y31_N27  ; pipeline|desired_decimator|stage2|Add3~105|cin                                                                                       ;
;   18.547 ;   0.000 ; FF ; CELL ; 1      ; LABCELL_X39_Y31_N27  ; pipeline|desired_decimator|stage2|Add3~105|cout                                                                                      ;
;   18.547 ;   0.000 ; FF ; IC   ; 2      ; LABCELL_X39_Y31_N30  ; pipeline|desired_decimator|stage2|Add3~109|cin                                                                                       ;
;   18.666 ;   0.119 ; FF ; CELL ; 1      ; LABCELL_X39_Y31_N30  ; pipeline|desired_decimator|stage2|Add3~109|cout                                                                                      ;
;   18.666 ;   0.000 ; FF ; IC   ; 2      ; LABCELL_X39_Y31_N33  ; pipeline|desired_decimator|stage2|Add3~113|cin                                                                                       ;
;   18.666 ;   0.000 ; FF ; CELL ; 1      ; LABCELL_X39_Y31_N33  ; pipeline|desired_decimator|stage2|Add3~113|cout                                                                                      ;
;   18.666 ;   0.000 ; FF ; IC   ; 2      ; LABCELL_X39_Y31_N36  ; pipeline|desired_decimator|stage2|Add3~117|cin                                                                                       ;
;   18.712 ;   0.046 ; FF ; CELL ; 1      ; LABCELL_X39_Y31_N36  ; pipeline|desired_decimator|stage2|Add3~117|cout                                                                                      ;
;   18.712 ;   0.000 ; FF ; IC   ; 2      ; LABCELL_X39_Y31_N39  ; pipeline|desired_decimator|stage2|Add3~121|cin                                                                                       ;
;   18.712 ;   0.000 ; FF ; CELL ; 1      ; LABCELL_X39_Y31_N39  ; pipeline|desired_decimator|stage2|Add3~121|cout                                                                                      ;
;   18.712 ;   0.000 ; FF ; IC   ; 2      ; LABCELL_X39_Y31_N42  ; pipeline|desired_decimator|stage2|Add3~125|cin                                                                                       ;
;   18.758 ;   0.046 ; FF ; CELL ; 1      ; LABCELL_X39_Y31_N42  ; pipeline|desired_decimator|stage2|Add3~125|cout                                                                                      ;
;   18.758 ;   0.000 ; FF ; IC   ; 2      ; LABCELL_X39_Y31_N45  ; pipeline|desired_decimator|stage2|Add3~129|cin                                                                                       ;
;   18.758 ;   0.000 ; FF ; CELL ; 1      ; LABCELL_X39_Y31_N45  ; pipeline|desired_decimator|stage2|Add3~129|cout                                                                                      ;
;   18.758 ;   0.000 ; FF ; IC   ; 2      ; LABCELL_X39_Y31_N48  ; pipeline|desired_decimator|stage2|Add3~133|cin                                                                                       ;
;   18.804 ;   0.046 ; FF ; CELL ; 1      ; LABCELL_X39_Y31_N48  ; pipeline|desired_decimator|stage2|Add3~133|cout                                                                                      ;
;   18.804 ;   0.000 ; FF ; IC   ; 2      ; LABCELL_X39_Y31_N51  ; pipeline|desired_decimator|stage2|Add3~137|cin                                                                                       ;
;   18.804 ;   0.000 ; FF ; CELL ; 1      ; LABCELL_X39_Y31_N51  ; pipeline|desired_decimator|stage2|Add3~137|cout                                                                                      ;
;   18.804 ;   0.000 ; FF ; IC   ; 2      ; LABCELL_X39_Y31_N54  ; pipeline|desired_decimator|stage2|Add3~141|cin                                                                                       ;
;   18.847 ;   0.043 ; FF ; CELL ; 1      ; LABCELL_X39_Y31_N54  ; pipeline|desired_decimator|stage2|Add3~141|cout                                                                                      ;
;   18.847 ;   0.000 ; FF ; IC   ; 2      ; LABCELL_X39_Y31_N57  ; pipeline|desired_decimator|stage2|Add3~145|cin                                                                                       ;
;   18.847 ;   0.000 ; FF ; CELL ; 1      ; LABCELL_X39_Y31_N57  ; pipeline|desired_decimator|stage2|Add3~145|cout                                                                                      ;
;   18.847 ;   0.000 ; FF ; IC   ; 2      ; LABCELL_X39_Y30_N0   ; pipeline|desired_decimator|stage2|Add3~149|cin                                                                                       ;
;   19.381 ;   0.534 ; FF ; CELL ; 3      ; LABCELL_X39_Y30_N0   ; pipeline|desired_decimator|stage2|Add3~149|sumout                                                                                    ;
;   20.251 ;   0.870 ; FF ; IC   ; 2      ; LABCELL_X40_Y31_N57  ; pipeline|desired_decimator|stage2|Add9~153|datac                                                                                     ;
;   21.051 ;   0.800 ; FF ; CELL ; 1      ; LABCELL_X40_Y31_N57  ; pipeline|desired_decimator|stage2|Add9~153|cout                                                                                      ;
;   21.051 ;   0.000 ; FF ; IC   ; 2      ; LABCELL_X40_Y30_N0   ; pipeline|desired_decimator|stage2|Add9~157|cin                                                                                       ;
;   21.177 ;   0.126 ; FF ; CELL ; 1      ; LABCELL_X40_Y30_N0   ; pipeline|desired_decimator|stage2|Add9~157|cout                                                                                      ;
;   21.177 ;   0.000 ; FF ; IC   ; 2      ; LABCELL_X40_Y30_N3   ; pipeline|desired_decimator|stage2|Add9~161|cin                                                                                       ;
;   21.177 ;   0.000 ; FF ; CELL ; 1      ; LABCELL_X40_Y30_N3   ; pipeline|desired_decimator|stage2|Add9~161|cout                                                                                      ;
;   21.177 ;   0.000 ; FF ; IC   ; 2      ; LABCELL_X40_Y30_N6   ; pipeline|desired_decimator|stage2|Add9~165|cin                                                                                       ;
;   21.223 ;   0.046 ; FF ; CELL ; 1      ; LABCELL_X40_Y30_N6   ; pipeline|desired_decimator|stage2|Add9~165|cout                                                                                      ;
;   21.223 ;   0.000 ; FF ; IC   ; 2      ; LABCELL_X40_Y30_N9   ; pipeline|desired_decimator|stage2|Add9~169|cin                                                                                       ;
;   21.223 ;   0.000 ; FF ; CELL ; 1      ; LABCELL_X40_Y30_N9   ; pipeline|desired_decimator|stage2|Add9~169|cout                                                                                      ;
;   21.223 ;   0.000 ; FF ; IC   ; 2      ; LABCELL_X40_Y30_N12  ; pipeline|desired_decimator|stage2|Add9~173|cin                                                                                       ;
;   21.269 ;   0.046 ; FF ; CELL ; 1      ; LABCELL_X40_Y30_N12  ; pipeline|desired_decimator|stage2|Add9~173|cout                                                                                      ;
;   21.269 ;   0.000 ; FF ; IC   ; 2      ; LABCELL_X40_Y30_N15  ; pipeline|desired_decimator|stage2|Add9~177|cin                                                                                       ;
;   21.269 ;   0.000 ; FF ; CELL ; 1      ; LABCELL_X40_Y30_N15  ; pipeline|desired_decimator|stage2|Add9~177|cout                                                                                      ;
;   21.269 ;   0.000 ; FF ; IC   ; 2      ; LABCELL_X40_Y30_N18  ; pipeline|desired_decimator|stage2|Add9~181|cin                                                                                       ;
;   21.315 ;   0.046 ; FF ; CELL ; 1      ; LABCELL_X40_Y30_N18  ; pipeline|desired_decimator|stage2|Add9~181|cout                                                                                      ;
;   21.315 ;   0.000 ; FF ; IC   ; 2      ; LABCELL_X40_Y30_N21  ; pipeline|desired_decimator|stage2|Add9~185|cin                                                                                       ;
;   21.315 ;   0.000 ; FF ; CELL ; 1      ; LABCELL_X40_Y30_N21  ; pipeline|desired_decimator|stage2|Add9~185|cout                                                                                      ;
;   21.315 ;   0.000 ; FF ; IC   ; 2      ; LABCELL_X40_Y30_N24  ; pipeline|desired_decimator|stage2|Add9~189|cin                                                                                       ;
;   21.373 ;   0.058 ; FF ; CELL ; 1      ; LABCELL_X40_Y30_N24  ; pipeline|desired_decimator|stage2|Add9~189|cout                                                                                      ;
;   21.373 ;   0.000 ; FF ; IC   ; 2      ; LABCELL_X40_Y30_N27  ; pipeline|desired_decimator|stage2|Add9~73|cin                                                                                        ;
;   21.373 ;   0.000 ; FF ; CELL ; 1      ; LABCELL_X40_Y30_N27  ; pipeline|desired_decimator|stage2|Add9~73|cout                                                                                       ;
;   21.373 ;   0.000 ; FF ; IC   ; 2      ; LABCELL_X40_Y30_N30  ; pipeline|desired_decimator|stage2|Add9~69|cin                                                                                        ;
;   21.492 ;   0.119 ; FF ; CELL ; 1      ; LABCELL_X40_Y30_N30  ; pipeline|desired_decimator|stage2|Add9~69|cout                                                                                       ;
;   21.492 ;   0.000 ; FF ; IC   ; 2      ; LABCELL_X40_Y30_N33  ; pipeline|desired_decimator|stage2|Add9~77|cin                                                                                        ;
;   21.492 ;   0.000 ; FF ; CELL ; 1      ; LABCELL_X40_Y30_N33  ; pipeline|desired_decimator|stage2|Add9~77|cout                                                                                       ;
;   21.492 ;   0.000 ; FF ; IC   ; 2      ; LABCELL_X40_Y30_N36  ; pipeline|desired_decimator|stage2|Add9~81|cin                                                                                        ;
;   21.538 ;   0.046 ; FF ; CELL ; 1      ; LABCELL_X40_Y30_N36  ; pipeline|desired_decimator|stage2|Add9~81|cout                                                                                       ;
;   21.538 ;   0.000 ; FF ; IC   ; 2      ; LABCELL_X40_Y30_N39  ; pipeline|desired_decimator|stage2|Add9~61|cin                                                                                        ;
;   21.538 ;   0.000 ; FF ; CELL ; 1      ; LABCELL_X40_Y30_N39  ; pipeline|desired_decimator|stage2|Add9~61|cout                                                                                       ;
;   21.538 ;   0.000 ; FF ; IC   ; 2      ; LABCELL_X40_Y30_N42  ; pipeline|desired_decimator|stage2|Add9~65|cin                                                                                        ;
;   21.584 ;   0.046 ; FF ; CELL ; 1      ; LABCELL_X40_Y30_N42  ; pipeline|desired_decimator|stage2|Add9~65|cout                                                                                       ;
;   21.584 ;   0.000 ; FF ; IC   ; 2      ; LABCELL_X40_Y30_N45  ; pipeline|desired_decimator|stage2|Add9~53|cin                                                                                        ;
;   21.584 ;   0.000 ; FF ; CELL ; 1      ; LABCELL_X40_Y30_N45  ; pipeline|desired_decimator|stage2|Add9~53|cout                                                                                       ;
;   21.584 ;   0.000 ; FF ; IC   ; 2      ; LABCELL_X40_Y30_N48  ; pipeline|desired_decimator|stage2|Add9~57|cin                                                                                        ;
;   21.630 ;   0.046 ; FF ; CELL ; 1      ; LABCELL_X40_Y30_N48  ; pipeline|desired_decimator|stage2|Add9~57|cout                                                                                       ;
;   21.630 ;   0.000 ; FF ; IC   ; 2      ; LABCELL_X40_Y30_N51  ; pipeline|desired_decimator|stage2|Add9~45|cin                                                                                        ;
;   21.630 ;   0.000 ; FF ; CELL ; 1      ; LABCELL_X40_Y30_N51  ; pipeline|desired_decimator|stage2|Add9~45|cout                                                                                       ;
;   21.630 ;   0.000 ; FF ; IC   ; 2      ; LABCELL_X40_Y30_N54  ; pipeline|desired_decimator|stage2|Add9~49|cin                                                                                        ;
;   21.673 ;   0.043 ; FF ; CELL ; 1      ; LABCELL_X40_Y30_N54  ; pipeline|desired_decimator|stage2|Add9~49|cout                                                                                       ;
;   21.673 ;   0.000 ; FF ; IC   ; 2      ; LABCELL_X40_Y30_N57  ; pipeline|desired_decimator|stage2|Add9~37|cin                                                                                        ;
;   21.673 ;   0.000 ; FF ; CELL ; 1      ; LABCELL_X40_Y30_N57  ; pipeline|desired_decimator|stage2|Add9~37|cout                                                                                       ;
;   21.673 ;   0.000 ; FF ; IC   ; 2      ; LABCELL_X40_Y29_N0   ; pipeline|desired_decimator|stage2|Add9~41|cin                                                                                        ;
;   22.199 ;   0.526 ; FR ; CELL ; 2      ; LABCELL_X40_Y29_N0   ; pipeline|desired_decimator|stage2|Add9~41|sumout                                                                                     ;
;   22.843 ;   0.644 ; RR ; IC   ; 1      ; LABCELL_X41_Y30_N21  ; pipeline|desired_decimator|stage2|sample_out[14]~5|datac                                                                             ;
;   23.258 ;   0.415 ; RR ; CELL ; 1      ; LABCELL_X41_Y30_N21  ; pipeline|desired_decimator|stage2|sample_out[14]~5|combout                                                                           ;
;   23.933 ;   0.675 ; RR ; IC   ; 1      ; LABCELL_X39_Y29_N42  ; pipeline|desired_decimator|stage2|sample_out[14]~11|dataf                                                                            ;
;   24.021 ;   0.088 ; RR ; CELL ; 1      ; LABCELL_X39_Y29_N42  ; pipeline|desired_decimator|stage2|sample_out[14]~11|combout                                                                          ;
;   24.254 ;   0.233 ; RR ; IC   ; 1      ; LABCELL_X39_Y29_N48  ; pipeline|desired_decimator|stage2|sample_out[14]~14|datad                                                                            ;
;   24.758 ;   0.504 ; RF ; CELL ; 23     ; LABCELL_X39_Y29_N48  ; pipeline|desired_decimator|stage2|sample_out[14]~14|combout                                                                          ;
;   25.803 ;   1.045 ; FF ; IC   ; 1      ; FF_X42_Y31_N26       ; pipeline|desired_decimator|stage2|sample_out[6]|sclr                                                                                 ;
;   26.668 ;   0.865 ; FR ; CELL ; 1      ; FF_X42_Y31_N26       ; preprocess_lms_fft_four_modes:pipeline|fir_decimator_32_dualmode:desired_decimator|fir_decimator_stage_dualmode:stage2|sample_out[6] ;
+----------+---------+----+------+--------+----------------------+--------------------------------------------------------------------------------------------------------------------------------------+

+-----------------------------------------------------------------------------------------------------------------------------------------------------------------------------------------------------+
; Data Required Path                                                                                                                                                                                  ;
+----------+---------+----+------+--------+--------------------+--------------------------------------------------------------------------------------------------------------------------------------+
; Total    ; Incr    ; RF ; Type ; Fanout ; Location           ; Element                                                                                                                              ;
+----------+---------+----+------+--------+--------------------+--------------------------------------------------------------------------------------------------------------------------------------+
; 20.000   ; 20.000  ;    ;      ;        ;                    ; latch edge time                                                                                                                      ;
; 23.654   ; 3.654   ;    ;      ;        ;                    ; clock path                                                                                                                           ;
;   20.000 ;   0.000 ;    ;      ;        ;                    ; source latency                                                                                                                       ;
;   20.000 ;   0.000 ;    ;      ; 1      ; PIN_M16            ; clk                                                                                                                                  ;
;   20.000 ;   0.000 ; RR ; IC   ; 1      ; IOIBUF_X54_Y18_N61 ; clk~input|i                                                                                                                          ;
;   20.669 ;   0.669 ; RR ; CELL ; 1      ; IOIBUF_X54_Y18_N61 ; clk~input|o                                                                                                                          ;
;   21.018 ;   0.349 ; RR ; IC   ; 1      ; CLKCTRL_G10        ; clk~inputCLKENA0|inclk                                                                                                               ;
;   21.431 ;   0.413 ; RR ; CELL ; 11676  ; CLKCTRL_G10        ; clk~inputCLKENA0|outclk                                                                                                              ;
;   23.082 ;   1.651 ; RR ; IC   ; 1      ; FF_X42_Y31_N26     ; pipeline|desired_decimator|stage2|sample_out[6]|clk                                                                                  ;
;   23.578 ;   0.496 ; RR ; CELL ; 1      ; FF_X42_Y31_N26     ; preprocess_lms_fft_four_modes:pipeline|fir_decimator_32_dualmode:desired_decimator|fir_decimator_stage_dualmode:stage2|sample_out[6] ;
;   23.654 ;   0.076 ;    ;      ;        ;                    ; clock pessimism removed                                                                                                              ;
; 23.554   ; -0.100  ;    ;      ;        ;                    ; clock uncertainty                                                                                                                    ;
; 23.554   ; 0.000   ;    ; uTsu ; 1      ; FF_X42_Y31_N26     ; preprocess_lms_fft_four_modes:pipeline|fir_decimator_32_dualmode:desired_decimator|fir_decimator_stage_dualmode:stage2|sample_out[6] ;
+----------+---------+----+------+--------+--------------------+--------------------------------------------------------------------------------------------------------------------------------------+

----------------------------
; Extra Fitter Information ;
----------------------------
HTML report is unavailable in plain text report export.



Path #6: Setup slack is -3.108 (VIOLATED)
===============================================================================
+-----------------------------------------------------------------------------------------------------------------------------------------------------------+
; Path Summary                                                                                                                                              ;
+--------------------+--------------------------------------------------------------------------------------------------------------------------------------+
; Property           ; Value                                                                                                                                ;
+--------------------+--------------------------------------------------------------------------------------------------------------------------------------+
; From Node          ; preprocess_lms_fft_four_modes:pipeline|fir_decimator_32_dualmode:desired_decimator|fir_decimator_stage_dualmode:stage2|tap_index[0]  ;
; To Node            ; preprocess_lms_fft_four_modes:pipeline|fir_decimator_32_dualmode:desired_decimator|fir_decimator_stage_dualmode:stage2|sample_out[5] ;
; Launch Clock       ; clk                                                                                                                                  ;
; Latch Clock        ; clk                                                                                                                                  ;
; Data Arrival Time  ; 26.668                                                                                                                               ;
; Data Required Time ; 23.560                                                                                                                               ;
; Slack              ; -3.108 (VIOLATED)                                                                                                                    ;
+--------------------+--------------------------------------------------------------------------------------------------------------------------------------+

+------------------------------------------------------------------------------------+
; Statistics                                                                         ;
+------------------------+--------+-------+-------------+------------+-------+-------+
; Property               ; Value  ; Count ; Total Delay ; % of Total ; Min   ; Max   ;
+------------------------+--------+-------+-------------+------------+-------+-------+
; Setup Relationship     ; 20.000 ;       ;             ;            ;       ;       ;
; Clock Skew             ; -0.126 ;       ;             ;            ;       ;       ;
; Data Delay             ; 22.882 ;       ;             ;            ;       ;       ;
; Number of Logic Levels ;        ; 13    ;             ;            ;       ;       ;
; Physical Delays        ;        ;       ;             ;            ;       ;       ;
;  Arrival Path          ;        ;       ;             ;            ;       ;       ;
;   Clock                ;        ;       ;             ;            ;       ;       ;
;    IC                  ;        ; 3     ; 2.096       ; 55         ; 0.000 ; 1.727 ;
;    Cell                ;        ; 3     ; 1.690       ; 45         ; 0.443 ; 0.669 ;
;   Data                 ;        ;       ;             ;            ;       ;       ;
;    IC                  ;        ; 60    ; 10.498      ; 46         ; 0.000 ; 1.278 ;
;    Cell                ;        ; 61    ; 12.384      ; 54         ; 0.000 ; 3.778 ;
;    uTco                ;        ; 1     ; 0.000       ; 0          ; 0.000 ; 0.000 ;
;  Required Path         ;        ;       ;             ;            ;       ;       ;
;   Clock                ;        ;       ;             ;            ;       ;       ;
;    IC                  ;        ; 3     ; 2.000       ; 56         ; 0.000 ; 1.651 ;
;    Cell                ;        ; 3     ; 1.584       ; 44         ; 0.413 ; 0.669 ;
+------------------------+--------+-------+-------------+------------+-------+-------+
Note: Negative delays are omitted from totals when calculating percentages

+-------------------------------------------------------------------------------------------------------------------------------------------------------------------------------------------------------+
; Data Arrival Path                                                                                                                                                                                     ;
+----------+---------+----+------+--------+----------------------+--------------------------------------------------------------------------------------------------------------------------------------+
; Total    ; Incr    ; RF ; Type ; Fanout ; Location             ; Element                                                                                                                              ;
+----------+---------+----+------+--------+----------------------+--------------------------------------------------------------------------------------------------------------------------------------+
; 0.000    ; 0.000   ;    ;      ;        ;                      ; launch edge time                                                                                                                     ;
; 3.786    ; 3.786   ;    ;      ;        ;                      ; clock path                                                                                                                           ;
;   0.000  ;   0.000 ;    ;      ;        ;                      ; source latency                                                                                                                       ;
;   0.000  ;   0.000 ;    ;      ; 1      ; PIN_M16              ; clk                                                                                                                                  ;
;   0.000  ;   0.000 ; RR ; IC   ; 1      ; IOIBUF_X54_Y18_N61   ; clk~input|i                                                                                                                          ;
;   0.669  ;   0.669 ; RR ; CELL ; 1      ; IOIBUF_X54_Y18_N61   ; clk~input|o                                                                                                                          ;
;   1.038  ;   0.369 ; RR ; IC   ; 1      ; CLKCTRL_G10          ; clk~inputCLKENA0|inclk                                                                                                               ;
;   1.481  ;   0.443 ; RR ; CELL ; 11676  ; CLKCTRL_G10          ; clk~inputCLKENA0|outclk                                                                                                              ;
;   3.208  ;   1.727 ; RR ; IC   ; 1      ; FF_X43_Y37_N2        ; pipeline|desired_decimator|stage2|tap_index[0]|clk                                                                                   ;
;   3.786  ;   0.578 ; RR ; CELL ; 1      ; FF_X43_Y37_N2        ; preprocess_lms_fft_four_modes:pipeline|fir_decimator_32_dualmode:desired_decimator|fir_decimator_stage_dualmode:stage2|tap_index[0]  ;
; 26.668   ; 22.882  ;    ;      ;        ;                      ; data path                                                                                                                            ;
;   3.786  ;   0.000 ;    ; uTco ; 1      ; FF_X43_Y37_N2        ; preprocess_lms_fft_four_modes:pipeline|fir_decimator_32_dualmode:desired_decimator|fir_decimator_stage_dualmode:stage2|tap_index[0]  ;
;   3.786  ;   0.000 ; FF ; CELL ; 38     ; FF_X43_Y37_N2        ; pipeline|desired_decimator|stage2|tap_index[0]|q                                                                                     ;
;   4.467  ;   0.681 ; FF ; IC   ; 1      ; LABCELL_X41_Y37_N30  ; pipeline|desired_decimator|stage2|LessThan1~2|datad                                                                                  ;
;   4.981  ;   0.514 ; FF ; CELL ; 1      ; LABCELL_X41_Y37_N30  ; pipeline|desired_decimator|stage2|LessThan1~2|combout                                                                                ;
;   5.309  ;   0.328 ; FF ; IC   ; 1      ; MLABCELL_X42_Y37_N24 ; pipeline|desired_decimator|stage2|LessThan1~3|datac                                                                                  ;
;   5.821  ;   0.512 ; FF ; CELL ; 7      ; MLABCELL_X42_Y37_N24 ; pipeline|desired_decimator|stage2|LessThan1~3|combout                                                                                ;
;   6.124  ;   0.303 ; FF ; IC   ; 1      ; LABCELL_X43_Y37_N27  ; pipeline|desired_decimator|stage2|sample_history.raddr_a[0]~6|datac                                                                  ;
;   6.641  ;   0.517 ; FF ; CELL ; 216    ; LABCELL_X43_Y37_N27  ; pipeline|desired_decimator|stage2|sample_history.raddr_a[0]~6|combout                                                                ;
;   7.893  ;   1.252 ; FF ; IC   ; 1      ; LABCELL_X41_Y41_N6   ; pipeline|desired_decimator|stage2|sample_history~2609|datad                                                                          ;
;   8.407  ;   0.514 ; FF ; CELL ; 1      ; LABCELL_X41_Y41_N6   ; pipeline|desired_decimator|stage2|sample_history~2609|combout                                                                        ;
;   9.398  ;   0.991 ; FF ; IC   ; 1      ; LABCELL_X40_Y37_N42  ; pipeline|desired_decimator|stage2|sample_history~1777|dataf                                                                          ;
;   9.480  ;   0.082 ; FF ; CELL ; 1      ; LABCELL_X40_Y37_N42  ; pipeline|desired_decimator|stage2|sample_history~1777|combout                                                                        ;
;   9.693  ;   0.213 ; FF ; IC   ; 1      ; LABCELL_X40_Y37_N24  ; pipeline|desired_decimator|stage2|sample_history~1781|datad                                                                          ;
;   10.207 ;   0.514 ; FF ; CELL ; 1      ; LABCELL_X40_Y37_N24  ; pipeline|desired_decimator|stage2|sample_history~1781|combout                                                                        ;
;   11.193 ;   0.986 ; FF ; IC   ; 1      ; LABCELL_X39_Y33_N6   ; pipeline|desired_decimator|stage2|delayed_sample[4]~9|dataf                                                                          ;
;   11.274 ;   0.081 ; FF ; CELL ; 1      ; LABCELL_X39_Y33_N6   ; pipeline|desired_decimator|stage2|delayed_sample[4]~9|combout                                                                        ;
;   12.273 ;   0.999 ; FF ; IC   ; 42     ; DSP_X33_Y33_N0       ; pipeline|desired_decimator|stage2|Mult0~mac|ax[4]                                                                                    ;
;   16.051 ;   3.778 ; FF ; CELL ; 1      ; DSP_X33_Y33_N0       ; pipeline|desired_decimator|stage2|Mult0~mac|resulta[5]                                                                               ;
;   17.329 ;   1.278 ; FF ; IC   ; 2      ; LABCELL_X39_Y32_N45  ; pipeline|desired_decimator|stage2|Add3~237|datac                                                                                     ;
;   18.136 ;   0.807 ; FF ; CELL ; 1      ; LABCELL_X39_Y32_N45  ; pipeline|desired_decimator|stage2|Add3~237|cout                                                                                      ;
;   18.136 ;   0.000 ; FF ; IC   ; 2      ; LABCELL_X39_Y32_N48  ; pipeline|desired_decimator|stage2|Add3~233|cin                                                                                       ;
;   18.182 ;   0.046 ; FF ; CELL ; 1      ; LABCELL_X39_Y32_N48  ; pipeline|desired_decimator|stage2|Add3~233|cout                                                                                      ;
;   18.182 ;   0.000 ; FF ; IC   ; 2      ; LABCELL_X39_Y32_N51  ; pipeline|desired_decimator|stage2|Add3~229|cin                                                                                       ;
;   18.182 ;   0.000 ; FF ; CELL ; 1      ; LABCELL_X39_Y32_N51  ; pipeline|desired_decimator|stage2|Add3~229|cout                                                                                      ;
;   18.182 ;   0.000 ; FF ; IC   ; 2      ; LABCELL_X39_Y32_N54  ; pipeline|desired_decimator|stage2|Add3~225|cin                                                                                       ;
;   18.225 ;   0.043 ; FF ; CELL ; 1      ; LABCELL_X39_Y32_N54  ; pipeline|desired_decimator|stage2|Add3~225|cout                                                                                      ;
;   18.225 ;   0.000 ; FF ; IC   ; 2      ; LABCELL_X39_Y32_N57  ; pipeline|desired_decimator|stage2|Add3~221|cin                                                                                       ;
;   18.225 ;   0.000 ; FF ; CELL ; 1      ; LABCELL_X39_Y32_N57  ; pipeline|desired_decimator|stage2|Add3~221|cout                                                                                      ;
;   18.225 ;   0.000 ; FF ; IC   ; 2      ; LABCELL_X39_Y31_N0   ; pipeline|desired_decimator|stage2|Add3~217|cin                                                                                       ;
;   18.351 ;   0.126 ; FF ; CELL ; 1      ; LABCELL_X39_Y31_N0   ; pipeline|desired_decimator|stage2|Add3~217|cout                                                                                      ;
;   18.351 ;   0.000 ; FF ; IC   ; 2      ; LABCELL_X39_Y31_N3   ; pipeline|desired_decimator|stage2|Add3~213|cin                                                                                       ;
;   18.351 ;   0.000 ; FF ; CELL ; 1      ; LABCELL_X39_Y31_N3   ; pipeline|desired_decimator|stage2|Add3~213|cout                                                                                      ;
;   18.351 ;   0.000 ; FF ; IC   ; 2      ; LABCELL_X39_Y31_N6   ; pipeline|desired_decimator|stage2|Add3~209|cin                                                                                       ;
;   18.397 ;   0.046 ; FF ; CELL ; 1      ; LABCELL_X39_Y31_N6   ; pipeline|desired_decimator|stage2|Add3~209|cout                                                                                      ;
;   18.397 ;   0.000 ; FF ; IC   ; 2      ; LABCELL_X39_Y31_N9   ; pipeline|desired_decimator|stage2|Add3~205|cin                                                                                       ;
;   18.397 ;   0.000 ; FF ; CELL ; 1      ; LABCELL_X39_Y31_N9   ; pipeline|desired_decimator|stage2|Add3~205|cout                                                                                      ;
;   18.397 ;   0.000 ; FF ; IC   ; 2      ; LABCELL_X39_Y31_N12  ; pipeline|desired_decimator|stage2|Add3~201|cin                                                                                       ;
;   18.443 ;   0.046 ; FF ; CELL ; 1      ; LABCELL_X39_Y31_N12  ; pipeline|desired_decimator|stage2|Add3~201|cout                                                                                      ;
;   18.443 ;   0.000 ; FF ; IC   ; 2      ; LABCELL_X39_Y31_N15  ; pipeline|desired_decimator|stage2|Add3~197|cin                                                                                       ;
;   18.443 ;   0.000 ; FF ; CELL ; 1      ; LABCELL_X39_Y31_N15  ; pipeline|desired_decimator|stage2|Add3~197|cout                                                                                      ;
;   18.443 ;   0.000 ; FF ; IC   ; 2      ; LABCELL_X39_Y31_N18  ; pipeline|desired_decimator|stage2|Add3~189|cin                                                                                       ;
;   18.489 ;   0.046 ; FF ; CELL ; 1      ; LABCELL_X39_Y31_N18  ; pipeline|desired_decimator|stage2|Add3~189|cout                                                                                      ;
;   18.489 ;   0.000 ; FF ; IC   ; 2      ; LABCELL_X39_Y31_N21  ; pipeline|desired_decimator|stage2|Add3~97|cin                                                                                        ;
;   18.489 ;   0.000 ; FF ; CELL ; 1      ; LABCELL_X39_Y31_N21  ; pipeline|desired_decimator|stage2|Add3~97|cout                                                                                       ;
;   18.489 ;   0.000 ; FF ; IC   ; 2      ; LABCELL_X39_Y31_N24  ; pipeline|desired_decimator|stage2|Add3~101|cin                                                                                       ;
;   18.547 ;   0.058 ; FF ; CELL ; 1      ; LABCELL_X39_Y31_N24  ; pipeline|desired_decimator|stage2|Add3~101|cout                                                                                      ;
;   18.547 ;   0.000 ; FF ; IC   ; 2      ; LABCELL_X39_Y31_N27  ; pipeline|desired_decimator|stage2|Add3~105|cin                                                                                       ;
;   18.547 ;   0.000 ; FF ; CELL ; 1      ; LABCELL_X39_Y31_N27  ; pipeline|desired_decimator|stage2|Add3~105|cout                                                                                      ;
;   18.547 ;   0.000 ; FF ; IC   ; 2      ; LABCELL_X39_Y31_N30  ; pipeline|desired_decimator|stage2|Add3~109|cin                                                                                       ;
;   18.666 ;   0.119 ; FF ; CELL ; 1      ; LABCELL_X39_Y31_N30  ; pipeline|desired_decimator|stage2|Add3~109|cout                                                                                      ;
;   18.666 ;   0.000 ; FF ; IC   ; 2      ; LABCELL_X39_Y31_N33  ; pipeline|desired_decimator|stage2|Add3~113|cin                                                                                       ;
;   18.666 ;   0.000 ; FF ; CELL ; 1      ; LABCELL_X39_Y31_N33  ; pipeline|desired_decimator|stage2|Add3~113|cout                                                                                      ;
;   18.666 ;   0.000 ; FF ; IC   ; 2      ; LABCELL_X39_Y31_N36  ; pipeline|desired_decimator|stage2|Add3~117|cin                                                                                       ;
;   18.712 ;   0.046 ; FF ; CELL ; 1      ; LABCELL_X39_Y31_N36  ; pipeline|desired_decimator|stage2|Add3~117|cout                                                                                      ;
;   18.712 ;   0.000 ; FF ; IC   ; 2      ; LABCELL_X39_Y31_N39  ; pipeline|desired_decimator|stage2|Add3~121|cin                                                                                       ;
;   18.712 ;   0.000 ; FF ; CELL ; 1      ; LABCELL_X39_Y31_N39  ; pipeline|desired_decimator|stage2|Add3~121|cout                                                                                      ;
;   18.712 ;   0.000 ; FF ; IC   ; 2      ; LABCELL_X39_Y31_N42  ; pipeline|desired_decimator|stage2|Add3~125|cin                                                                                       ;
;   18.758 ;   0.046 ; FF ; CELL ; 1      ; LABCELL_X39_Y31_N42  ; pipeline|desired_decimator|stage2|Add3~125|cout                                                                                      ;
;   18.758 ;   0.000 ; FF ; IC   ; 2      ; LABCELL_X39_Y31_N45  ; pipeline|desired_decimator|stage2|Add3~129|cin                                                                                       ;
;   18.758 ;   0.000 ; FF ; CELL ; 1      ; LABCELL_X39_Y31_N45  ; pipeline|desired_decimator|stage2|Add3~129|cout                                                                                      ;
;   18.758 ;   0.000 ; FF ; IC   ; 2      ; LABCELL_X39_Y31_N48  ; pipeline|desired_decimator|stage2|Add3~133|cin                                                                                       ;
;   18.804 ;   0.046 ; FF ; CELL ; 1      ; LABCELL_X39_Y31_N48  ; pipeline|desired_decimator|stage2|Add3~133|cout                                                                                      ;
;   18.804 ;   0.000 ; FF ; IC   ; 2      ; LABCELL_X39_Y31_N51  ; pipeline|desired_decimator|stage2|Add3~137|cin                                                                                       ;
;   18.804 ;   0.000 ; FF ; CELL ; 1      ; LABCELL_X39_Y31_N51  ; pipeline|desired_decimator|stage2|Add3~137|cout                                                                                      ;
;   18.804 ;   0.000 ; FF ; IC   ; 2      ; LABCELL_X39_Y31_N54  ; pipeline|desired_decimator|stage2|Add3~141|cin                                                                                       ;
;   18.847 ;   0.043 ; FF ; CELL ; 1      ; LABCELL_X39_Y31_N54  ; pipeline|desired_decimator|stage2|Add3~141|cout                                                                                      ;
;   18.847 ;   0.000 ; FF ; IC   ; 2      ; LABCELL_X39_Y31_N57  ; pipeline|desired_decimator|stage2|Add3~145|cin                                                                                       ;
;   18.847 ;   0.000 ; FF ; CELL ; 1      ; LABCELL_X39_Y31_N57  ; pipeline|desired_decimator|stage2|Add3~145|cout                                                                                      ;
;   18.847 ;   0.000 ; FF ; IC   ; 2      ; LABCELL_X39_Y30_N0   ; pipeline|desired_decimator|stage2|Add3~149|cin                                                                                       ;
;   19.381 ;   0.534 ; FF ; CELL ; 3      ; LABCELL_X39_Y30_N0   ; pipeline|desired_decimator|stage2|Add3~149|sumout                                                                                    ;
;   20.251 ;   0.870 ; FF ; IC   ; 2      ; LABCELL_X40_Y31_N57  ; pipeline|desired_decimator|stage2|Add9~153|datac                                                                                     ;
;   21.051 ;   0.800 ; FF ; CELL ; 1      ; LABCELL_X40_Y31_N57  ; pipeline|desired_decimator|stage2|Add9~153|cout                                                                                      ;
;   21.051 ;   0.000 ; FF ; IC   ; 2      ; LABCELL_X40_Y30_N0   ; pipeline|desired_decimator|stage2|Add9~157|cin                                                                                       ;
;   21.177 ;   0.126 ; FF ; CELL ; 1      ; LABCELL_X40_Y30_N0   ; pipeline|desired_decimator|stage2|Add9~157|cout                                                                                      ;
;   21.177 ;   0.000 ; FF ; IC   ; 2      ; LABCELL_X40_Y30_N3   ; pipeline|desired_decimator|stage2|Add9~161|cin                                                                                       ;
;   21.177 ;   0.000 ; FF ; CELL ; 1      ; LABCELL_X40_Y30_N3   ; pipeline|desired_decimator|stage2|Add9~161|cout                                                                                      ;
;   21.177 ;   0.000 ; FF ; IC   ; 2      ; LABCELL_X40_Y30_N6   ; pipeline|desired_decimator|stage2|Add9~165|cin                                                                                       ;
;   21.223 ;   0.046 ; FF ; CELL ; 1      ; LABCELL_X40_Y30_N6   ; pipeline|desired_decimator|stage2|Add9~165|cout                                                                                      ;
;   21.223 ;   0.000 ; FF ; IC   ; 2      ; LABCELL_X40_Y30_N9   ; pipeline|desired_decimator|stage2|Add9~169|cin                                                                                       ;
;   21.223 ;   0.000 ; FF ; CELL ; 1      ; LABCELL_X40_Y30_N9   ; pipeline|desired_decimator|stage2|Add9~169|cout                                                                                      ;
;   21.223 ;   0.000 ; FF ; IC   ; 2      ; LABCELL_X40_Y30_N12  ; pipeline|desired_decimator|stage2|Add9~173|cin                                                                                       ;
;   21.269 ;   0.046 ; FF ; CELL ; 1      ; LABCELL_X40_Y30_N12  ; pipeline|desired_decimator|stage2|Add9~173|cout                                                                                      ;
;   21.269 ;   0.000 ; FF ; IC   ; 2      ; LABCELL_X40_Y30_N15  ; pipeline|desired_decimator|stage2|Add9~177|cin                                                                                       ;
;   21.269 ;   0.000 ; FF ; CELL ; 1      ; LABCELL_X40_Y30_N15  ; pipeline|desired_decimator|stage2|Add9~177|cout                                                                                      ;
;   21.269 ;   0.000 ; FF ; IC   ; 2      ; LABCELL_X40_Y30_N18  ; pipeline|desired_decimator|stage2|Add9~181|cin                                                                                       ;
;   21.315 ;   0.046 ; FF ; CELL ; 1      ; LABCELL_X40_Y30_N18  ; pipeline|desired_decimator|stage2|Add9~181|cout                                                                                      ;
;   21.315 ;   0.000 ; FF ; IC   ; 2      ; LABCELL_X40_Y30_N21  ; pipeline|desired_decimator|stage2|Add9~185|cin                                                                                       ;
;   21.315 ;   0.000 ; FF ; CELL ; 1      ; LABCELL_X40_Y30_N21  ; pipeline|desired_decimator|stage2|Add9~185|cout                                                                                      ;
;   21.315 ;   0.000 ; FF ; IC   ; 2      ; LABCELL_X40_Y30_N24  ; pipeline|desired_decimator|stage2|Add9~189|cin                                                                                       ;
;   21.373 ;   0.058 ; FF ; CELL ; 1      ; LABCELL_X40_Y30_N24  ; pipeline|desired_decimator|stage2|Add9~189|cout                                                                                      ;
;   21.373 ;   0.000 ; FF ; IC   ; 2      ; LABCELL_X40_Y30_N27  ; pipeline|desired_decimator|stage2|Add9~73|cin                                                                                        ;
;   21.373 ;   0.000 ; FF ; CELL ; 1      ; LABCELL_X40_Y30_N27  ; pipeline|desired_decimator|stage2|Add9~73|cout                                                                                       ;
;   21.373 ;   0.000 ; FF ; IC   ; 2      ; LABCELL_X40_Y30_N30  ; pipeline|desired_decimator|stage2|Add9~69|cin                                                                                        ;
;   21.492 ;   0.119 ; FF ; CELL ; 1      ; LABCELL_X40_Y30_N30  ; pipeline|desired_decimator|stage2|Add9~69|cout                                                                                       ;
;   21.492 ;   0.000 ; FF ; IC   ; 2      ; LABCELL_X40_Y30_N33  ; pipeline|desired_decimator|stage2|Add9~77|cin                                                                                        ;
;   21.492 ;   0.000 ; FF ; CELL ; 1      ; LABCELL_X40_Y30_N33  ; pipeline|desired_decimator|stage2|Add9~77|cout                                                                                       ;
;   21.492 ;   0.000 ; FF ; IC   ; 2      ; LABCELL_X40_Y30_N36  ; pipeline|desired_decimator|stage2|Add9~81|cin                                                                                        ;
;   21.538 ;   0.046 ; FF ; CELL ; 1      ; LABCELL_X40_Y30_N36  ; pipeline|desired_decimator|stage2|Add9~81|cout                                                                                       ;
;   21.538 ;   0.000 ; FF ; IC   ; 2      ; LABCELL_X40_Y30_N39  ; pipeline|desired_decimator|stage2|Add9~61|cin                                                                                        ;
;   21.538 ;   0.000 ; FF ; CELL ; 1      ; LABCELL_X40_Y30_N39  ; pipeline|desired_decimator|stage2|Add9~61|cout                                                                                       ;
;   21.538 ;   0.000 ; FF ; IC   ; 2      ; LABCELL_X40_Y30_N42  ; pipeline|desired_decimator|stage2|Add9~65|cin                                                                                        ;
;   21.584 ;   0.046 ; FF ; CELL ; 1      ; LABCELL_X40_Y30_N42  ; pipeline|desired_decimator|stage2|Add9~65|cout                                                                                       ;
;   21.584 ;   0.000 ; FF ; IC   ; 2      ; LABCELL_X40_Y30_N45  ; pipeline|desired_decimator|stage2|Add9~53|cin                                                                                        ;
;   21.584 ;   0.000 ; FF ; CELL ; 1      ; LABCELL_X40_Y30_N45  ; pipeline|desired_decimator|stage2|Add9~53|cout                                                                                       ;
;   21.584 ;   0.000 ; FF ; IC   ; 2      ; LABCELL_X40_Y30_N48  ; pipeline|desired_decimator|stage2|Add9~57|cin                                                                                        ;
;   21.630 ;   0.046 ; FF ; CELL ; 1      ; LABCELL_X40_Y30_N48  ; pipeline|desired_decimator|stage2|Add9~57|cout                                                                                       ;
;   21.630 ;   0.000 ; FF ; IC   ; 2      ; LABCELL_X40_Y30_N51  ; pipeline|desired_decimator|stage2|Add9~45|cin                                                                                        ;
;   21.630 ;   0.000 ; FF ; CELL ; 1      ; LABCELL_X40_Y30_N51  ; pipeline|desired_decimator|stage2|Add9~45|cout                                                                                       ;
;   21.630 ;   0.000 ; FF ; IC   ; 2      ; LABCELL_X40_Y30_N54  ; pipeline|desired_decimator|stage2|Add9~49|cin                                                                                        ;
;   21.673 ;   0.043 ; FF ; CELL ; 1      ; LABCELL_X40_Y30_N54  ; pipeline|desired_decimator|stage2|Add9~49|cout                                                                                       ;
;   21.673 ;   0.000 ; FF ; IC   ; 2      ; LABCELL_X40_Y30_N57  ; pipeline|desired_decimator|stage2|Add9~37|cin                                                                                        ;
;   21.673 ;   0.000 ; FF ; CELL ; 1      ; LABCELL_X40_Y30_N57  ; pipeline|desired_decimator|stage2|Add9~37|cout                                                                                       ;
;   21.673 ;   0.000 ; FF ; IC   ; 2      ; LABCELL_X40_Y29_N0   ; pipeline|desired_decimator|stage2|Add9~41|cin                                                                                        ;
;   22.199 ;   0.526 ; FR ; CELL ; 2      ; LABCELL_X40_Y29_N0   ; pipeline|desired_decimator|stage2|Add9~41|sumout                                                                                     ;
;   22.843 ;   0.644 ; RR ; IC   ; 1      ; LABCELL_X41_Y30_N21  ; pipeline|desired_decimator|stage2|sample_out[14]~5|datac                                                                             ;
;   23.258 ;   0.415 ; RR ; CELL ; 1      ; LABCELL_X41_Y30_N21  ; pipeline|desired_decimator|stage2|sample_out[14]~5|combout                                                                           ;
;   23.933 ;   0.675 ; RR ; IC   ; 1      ; LABCELL_X39_Y29_N42  ; pipeline|desired_decimator|stage2|sample_out[14]~11|dataf                                                                            ;
;   24.021 ;   0.088 ; RR ; CELL ; 1      ; LABCELL_X39_Y29_N42  ; pipeline|desired_decimator|stage2|sample_out[14]~11|combout                                                                          ;
;   24.254 ;   0.233 ; RR ; IC   ; 1      ; LABCELL_X39_Y29_N48  ; pipeline|desired_decimator|stage2|sample_out[14]~14|datad                                                                            ;
;   24.758 ;   0.504 ; RF ; CELL ; 23     ; LABCELL_X39_Y29_N48  ; pipeline|desired_decimator|stage2|sample_out[14]~14|combout                                                                          ;
;   25.803 ;   1.045 ; FF ; IC   ; 1      ; FF_X42_Y31_N17       ; pipeline|desired_decimator|stage2|sample_out[5]|sclr                                                                                 ;
;   26.668 ;   0.865 ; FR ; CELL ; 1      ; FF_X42_Y31_N17       ; preprocess_lms_fft_four_modes:pipeline|fir_decimator_32_dualmode:desired_decimator|fir_decimator_stage_dualmode:stage2|sample_out[5] ;
+----------+---------+----+------+--------+----------------------+--------------------------------------------------------------------------------------------------------------------------------------+

+-----------------------------------------------------------------------------------------------------------------------------------------------------------------------------------------------------+
; Data Required Path                                                                                                                                                                                  ;
+----------+---------+----+------+--------+--------------------+--------------------------------------------------------------------------------------------------------------------------------------+
; Total    ; Incr    ; RF ; Type ; Fanout ; Location           ; Element                                                                                                                              ;
+----------+---------+----+------+--------+--------------------+--------------------------------------------------------------------------------------------------------------------------------------+
; 20.000   ; 20.000  ;    ;      ;        ;                    ; latch edge time                                                                                                                      ;
; 23.660   ; 3.660   ;    ;      ;        ;                    ; clock path                                                                                                                           ;
;   20.000 ;   0.000 ;    ;      ;        ;                    ; source latency                                                                                                                       ;
;   20.000 ;   0.000 ;    ;      ; 1      ; PIN_M16            ; clk                                                                                                                                  ;
;   20.000 ;   0.000 ; RR ; IC   ; 1      ; IOIBUF_X54_Y18_N61 ; clk~input|i                                                                                                                          ;
;   20.669 ;   0.669 ; RR ; CELL ; 1      ; IOIBUF_X54_Y18_N61 ; clk~input|o                                                                                                                          ;
;   21.018 ;   0.349 ; RR ; IC   ; 1      ; CLKCTRL_G10        ; clk~inputCLKENA0|inclk                                                                                                               ;
;   21.431 ;   0.413 ; RR ; CELL ; 11676  ; CLKCTRL_G10        ; clk~inputCLKENA0|outclk                                                                                                              ;
;   23.082 ;   1.651 ; RR ; IC   ; 1      ; FF_X42_Y31_N17     ; pipeline|desired_decimator|stage2|sample_out[5]|clk                                                                                  ;
;   23.584 ;   0.502 ; RR ; CELL ; 1      ; FF_X42_Y31_N17     ; preprocess_lms_fft_four_modes:pipeline|fir_decimator_32_dualmode:desired_decimator|fir_decimator_stage_dualmode:stage2|sample_out[5] ;
;   23.660 ;   0.076 ;    ;      ;        ;                    ; clock pessimism removed                                                                                                              ;
; 23.560   ; -0.100  ;    ;      ;        ;                    ; clock uncertainty                                                                                                                    ;
; 23.560   ; 0.000   ;    ; uTsu ; 1      ; FF_X42_Y31_N17     ; preprocess_lms_fft_four_modes:pipeline|fir_decimator_32_dualmode:desired_decimator|fir_decimator_stage_dualmode:stage2|sample_out[5] ;
+----------+---------+----+------+--------+--------------------+--------------------------------------------------------------------------------------------------------------------------------------+

----------------------------
; Extra Fitter Information ;
----------------------------
HTML report is unavailable in plain text report export.



Path #7: Setup slack is -3.096 (VIOLATED)
===============================================================================
+-----------------------------------------------------------------------------------------------------------------------------------------------------------+
; Path Summary                                                                                                                                              ;
+--------------------+--------------------------------------------------------------------------------------------------------------------------------------+
; Property           ; Value                                                                                                                                ;
+--------------------+--------------------------------------------------------------------------------------------------------------------------------------+
; From Node          ; preprocess_lms_fft_four_modes:pipeline|fir_decimator_32_dualmode:desired_decimator|fir_decimator_stage_dualmode:stage2|tap_index[0]  ;
; To Node            ; preprocess_lms_fft_four_modes:pipeline|fir_decimator_32_dualmode:desired_decimator|fir_decimator_stage_dualmode:stage2|sample_out[8] ;
; Launch Clock       ; clk                                                                                                                                  ;
; Latch Clock        ; clk                                                                                                                                  ;
; Data Arrival Time  ; 26.650                                                                                                                               ;
; Data Required Time ; 23.554                                                                                                                               ;
; Slack              ; -3.096 (VIOLATED)                                                                                                                    ;
+--------------------+--------------------------------------------------------------------------------------------------------------------------------------+

+------------------------------------------------------------------------------------+
; Statistics                                                                         ;
+------------------------+--------+-------+-------------+------------+-------+-------+
; Property               ; Value  ; Count ; Total Delay ; % of Total ; Min   ; Max   ;
+------------------------+--------+-------+-------------+------------+-------+-------+
; Setup Relationship     ; 20.000 ;       ;             ;            ;       ;       ;
; Clock Skew             ; -0.132 ;       ;             ;            ;       ;       ;
; Data Delay             ; 22.864 ;       ;             ;            ;       ;       ;
; Number of Logic Levels ;        ; 13    ;             ;            ;       ;       ;
; Physical Delays        ;        ;       ;             ;            ;       ;       ;
;  Arrival Path          ;        ;       ;             ;            ;       ;       ;
;   Clock                ;        ;       ;             ;            ;       ;       ;
;    IC                  ;        ; 3     ; 2.096       ; 55         ; 0.000 ; 1.727 ;
;    Cell                ;        ; 3     ; 1.690       ; 45         ; 0.443 ; 0.669 ;
;   Data                 ;        ;       ;             ;            ;       ;       ;
;    IC                  ;        ; 60    ; 10.567      ; 46         ; 0.000 ; 1.421 ;
;    Cell                ;        ; 61    ; 12.297      ; 54         ; 0.000 ; 3.778 ;
;    uTco                ;        ; 1     ; 0.000       ; 0          ; 0.000 ; 0.000 ;
;  Required Path         ;        ;       ;             ;            ;       ;       ;
;   Clock                ;        ;       ;             ;            ;       ;       ;
;    IC                  ;        ; 3     ; 2.000       ; 56         ; 0.000 ; 1.651 ;
;    Cell                ;        ; 3     ; 1.578       ; 44         ; 0.413 ; 0.669 ;
+------------------------+--------+-------+-------------+------------+-------+-------+
Note: Negative delays are omitted from totals when calculating percentages

+-------------------------------------------------------------------------------------------------------------------------------------------------------------------------------------------------------+
; Data Arrival Path                                                                                                                                                                                     ;
+----------+---------+----+------+--------+----------------------+--------------------------------------------------------------------------------------------------------------------------------------+
; Total    ; Incr    ; RF ; Type ; Fanout ; Location             ; Element                                                                                                                              ;
+----------+---------+----+------+--------+----------------------+--------------------------------------------------------------------------------------------------------------------------------------+
; 0.000    ; 0.000   ;    ;      ;        ;                      ; launch edge time                                                                                                                     ;
; 3.786    ; 3.786   ;    ;      ;        ;                      ; clock path                                                                                                                           ;
;   0.000  ;   0.000 ;    ;      ;        ;                      ; source latency                                                                                                                       ;
;   0.000  ;   0.000 ;    ;      ; 1      ; PIN_M16              ; clk                                                                                                                                  ;
;   0.000  ;   0.000 ; RR ; IC   ; 1      ; IOIBUF_X54_Y18_N61   ; clk~input|i                                                                                                                          ;
;   0.669  ;   0.669 ; RR ; CELL ; 1      ; IOIBUF_X54_Y18_N61   ; clk~input|o                                                                                                                          ;
;   1.038  ;   0.369 ; RR ; IC   ; 1      ; CLKCTRL_G10          ; clk~inputCLKENA0|inclk                                                                                                               ;
;   1.481  ;   0.443 ; RR ; CELL ; 11676  ; CLKCTRL_G10          ; clk~inputCLKENA0|outclk                                                                                                              ;
;   3.208  ;   1.727 ; RR ; IC   ; 1      ; FF_X43_Y37_N2        ; pipeline|desired_decimator|stage2|tap_index[0]|clk                                                                                   ;
;   3.786  ;   0.578 ; RR ; CELL ; 1      ; FF_X43_Y37_N2        ; preprocess_lms_fft_four_modes:pipeline|fir_decimator_32_dualmode:desired_decimator|fir_decimator_stage_dualmode:stage2|tap_index[0]  ;
; 26.650   ; 22.864  ;    ;      ;        ;                      ; data path                                                                                                                            ;
;   3.786  ;   0.000 ;    ; uTco ; 1      ; FF_X43_Y37_N2        ; preprocess_lms_fft_four_modes:pipeline|fir_decimator_32_dualmode:desired_decimator|fir_decimator_stage_dualmode:stage2|tap_index[0]  ;
;   3.786  ;   0.000 ; FF ; CELL ; 38     ; FF_X43_Y37_N2        ; pipeline|desired_decimator|stage2|tap_index[0]|q                                                                                     ;
;   4.467  ;   0.681 ; FF ; IC   ; 1      ; LABCELL_X41_Y37_N30  ; pipeline|desired_decimator|stage2|LessThan1~2|datad                                                                                  ;
;   4.981  ;   0.514 ; FF ; CELL ; 1      ; LABCELL_X41_Y37_N30  ; pipeline|desired_decimator|stage2|LessThan1~2|combout                                                                                ;
;   5.309  ;   0.328 ; FF ; IC   ; 1      ; MLABCELL_X42_Y37_N24 ; pipeline|desired_decimator|stage2|LessThan1~3|datac                                                                                  ;
;   5.821  ;   0.512 ; FF ; CELL ; 7      ; MLABCELL_X42_Y37_N24 ; pipeline|desired_decimator|stage2|LessThan1~3|combout                                                                                ;
;   6.124  ;   0.303 ; FF ; IC   ; 1      ; LABCELL_X43_Y37_N27  ; pipeline|desired_decimator|stage2|sample_history.raddr_a[0]~6|datac                                                                  ;
;   6.641  ;   0.517 ; FF ; CELL ; 216    ; LABCELL_X43_Y37_N27  ; pipeline|desired_decimator|stage2|sample_history.raddr_a[0]~6|combout                                                                ;
;   7.893  ;   1.252 ; FF ; IC   ; 1      ; LABCELL_X41_Y41_N6   ; pipeline|desired_decimator|stage2|sample_history~2609|datad                                                                          ;
;   8.407  ;   0.514 ; FF ; CELL ; 1      ; LABCELL_X41_Y41_N6   ; pipeline|desired_decimator|stage2|sample_history~2609|combout                                                                        ;
;   9.398  ;   0.991 ; FF ; IC   ; 1      ; LABCELL_X40_Y37_N42  ; pipeline|desired_decimator|stage2|sample_history~1777|dataf                                                                          ;
;   9.480  ;   0.082 ; FF ; CELL ; 1      ; LABCELL_X40_Y37_N42  ; pipeline|desired_decimator|stage2|sample_history~1777|combout                                                                        ;
;   9.693  ;   0.213 ; FF ; IC   ; 1      ; LABCELL_X40_Y37_N24  ; pipeline|desired_decimator|stage2|sample_history~1781|datad                                                                          ;
;   10.207 ;   0.514 ; FF ; CELL ; 1      ; LABCELL_X40_Y37_N24  ; pipeline|desired_decimator|stage2|sample_history~1781|combout                                                                        ;
;   11.193 ;   0.986 ; FF ; IC   ; 1      ; LABCELL_X39_Y33_N6   ; pipeline|desired_decimator|stage2|delayed_sample[4]~9|dataf                                                                          ;
;   11.274 ;   0.081 ; FF ; CELL ; 1      ; LABCELL_X39_Y33_N6   ; pipeline|desired_decimator|stage2|delayed_sample[4]~9|combout                                                                        ;
;   12.273 ;   0.999 ; FF ; IC   ; 42     ; DSP_X33_Y33_N0       ; pipeline|desired_decimator|stage2|Mult0~mac|ax[4]                                                                                    ;
;   16.051 ;   3.778 ; FF ; CELL ; 1      ; DSP_X33_Y33_N0       ; pipeline|desired_decimator|stage2|Mult0~mac|resulta[3]                                                                               ;
;   17.472 ;   1.421 ; FF ; IC   ; 2      ; LABCELL_X39_Y32_N39  ; pipeline|desired_decimator|stage2|Add3~245|datad                                                                                     ;
;   18.136 ;   0.664 ; FF ; CELL ; 1      ; LABCELL_X39_Y32_N39  ; pipeline|desired_decimator|stage2|Add3~245|cout                                                                                      ;
;   18.136 ;   0.000 ; FF ; IC   ; 2      ; LABCELL_X39_Y32_N42  ; pipeline|desired_decimator|stage2|Add3~241|cin                                                                                       ;
;   18.182 ;   0.046 ; FF ; CELL ; 1      ; LABCELL_X39_Y32_N42  ; pipeline|desired_decimator|stage2|Add3~241|cout                                                                                      ;
;   18.182 ;   0.000 ; FF ; IC   ; 2      ; LABCELL_X39_Y32_N45  ; pipeline|desired_decimator|stage2|Add3~237|cin                                                                                       ;
;   18.182 ;   0.000 ; FF ; CELL ; 1      ; LABCELL_X39_Y32_N45  ; pipeline|desired_decimator|stage2|Add3~237|cout                                                                                      ;
;   18.182 ;   0.000 ; FF ; IC   ; 2      ; LABCELL_X39_Y32_N48  ; pipeline|desired_decimator|stage2|Add3~233|cin                                                                                       ;
;   18.228 ;   0.046 ; FF ; CELL ; 1      ; LABCELL_X39_Y32_N48  ; pipeline|desired_decimator|stage2|Add3~233|cout                                                                                      ;
;   18.228 ;   0.000 ; FF ; IC   ; 2      ; LABCELL_X39_Y32_N51  ; pipeline|desired_decimator|stage2|Add3~229|cin                                                                                       ;
;   18.228 ;   0.000 ; FF ; CELL ; 1      ; LABCELL_X39_Y32_N51  ; pipeline|desired_decimator|stage2|Add3~229|cout                                                                                      ;
;   18.228 ;   0.000 ; FF ; IC   ; 2      ; LABCELL_X39_Y32_N54  ; pipeline|desired_decimator|stage2|Add3~225|cin                                                                                       ;
;   18.271 ;   0.043 ; FF ; CELL ; 1      ; LABCELL_X39_Y32_N54  ; pipeline|desired_decimator|stage2|Add3~225|cout                                                                                      ;
;   18.271 ;   0.000 ; FF ; IC   ; 2      ; LABCELL_X39_Y32_N57  ; pipeline|desired_decimator|stage2|Add3~221|cin                                                                                       ;
;   18.271 ;   0.000 ; FF ; CELL ; 1      ; LABCELL_X39_Y32_N57  ; pipeline|desired_decimator|stage2|Add3~221|cout                                                                                      ;
;   18.271 ;   0.000 ; FF ; IC   ; 2      ; LABCELL_X39_Y31_N0   ; pipeline|desired_decimator|stage2|Add3~217|cin                                                                                       ;
;   18.397 ;   0.126 ; FF ; CELL ; 1      ; LABCELL_X39_Y31_N0   ; pipeline|desired_decimator|stage2|Add3~217|cout                                                                                      ;
;   18.397 ;   0.000 ; FF ; IC   ; 2      ; LABCELL_X39_Y31_N3   ; pipeline|desired_decimator|stage2|Add3~213|cin                                                                                       ;
;   18.397 ;   0.000 ; FF ; CELL ; 1      ; LABCELL_X39_Y31_N3   ; pipeline|desired_decimator|stage2|Add3~213|cout                                                                                      ;
;   18.397 ;   0.000 ; FF ; IC   ; 2      ; LABCELL_X39_Y31_N6   ; pipeline|desired_decimator|stage2|Add3~209|cin                                                                                       ;
;   18.443 ;   0.046 ; FF ; CELL ; 1      ; LABCELL_X39_Y31_N6   ; pipeline|desired_decimator|stage2|Add3~209|cout                                                                                      ;
;   18.443 ;   0.000 ; FF ; IC   ; 2      ; LABCELL_X39_Y31_N9   ; pipeline|desired_decimator|stage2|Add3~205|cin                                                                                       ;
;   18.443 ;   0.000 ; FF ; CELL ; 1      ; LABCELL_X39_Y31_N9   ; pipeline|desired_decimator|stage2|Add3~205|cout                                                                                      ;
;   18.443 ;   0.000 ; FF ; IC   ; 2      ; LABCELL_X39_Y31_N12  ; pipeline|desired_decimator|stage2|Add3~201|cin                                                                                       ;
;   18.489 ;   0.046 ; FF ; CELL ; 1      ; LABCELL_X39_Y31_N12  ; pipeline|desired_decimator|stage2|Add3~201|cout                                                                                      ;
;   18.489 ;   0.000 ; FF ; IC   ; 2      ; LABCELL_X39_Y31_N15  ; pipeline|desired_decimator|stage2|Add3~197|cin                                                                                       ;
;   18.489 ;   0.000 ; FF ; CELL ; 1      ; LABCELL_X39_Y31_N15  ; pipeline|desired_decimator|stage2|Add3~197|cout                                                                                      ;
;   18.489 ;   0.000 ; FF ; IC   ; 2      ; LABCELL_X39_Y31_N18  ; pipeline|desired_decimator|stage2|Add3~189|cin                                                                                       ;
;   18.535 ;   0.046 ; FF ; CELL ; 1      ; LABCELL_X39_Y31_N18  ; pipeline|desired_decimator|stage2|Add3~189|cout                                                                                      ;
;   18.535 ;   0.000 ; FF ; IC   ; 2      ; LABCELL_X39_Y31_N21  ; pipeline|desired_decimator|stage2|Add3~97|cin                                                                                        ;
;   18.535 ;   0.000 ; FF ; CELL ; 1      ; LABCELL_X39_Y31_N21  ; pipeline|desired_decimator|stage2|Add3~97|cout                                                                                       ;
;   18.535 ;   0.000 ; FF ; IC   ; 2      ; LABCELL_X39_Y31_N24  ; pipeline|desired_decimator|stage2|Add3~101|cin                                                                                       ;
;   18.593 ;   0.058 ; FF ; CELL ; 1      ; LABCELL_X39_Y31_N24  ; pipeline|desired_decimator|stage2|Add3~101|cout                                                                                      ;
;   18.593 ;   0.000 ; FF ; IC   ; 2      ; LABCELL_X39_Y31_N27  ; pipeline|desired_decimator|stage2|Add3~105|cin                                                                                       ;
;   18.593 ;   0.000 ; FF ; CELL ; 1      ; LABCELL_X39_Y31_N27  ; pipeline|desired_decimator|stage2|Add3~105|cout                                                                                      ;
;   18.593 ;   0.000 ; FF ; IC   ; 2      ; LABCELL_X39_Y31_N30  ; pipeline|desired_decimator|stage2|Add3~109|cin                                                                                       ;
;   18.712 ;   0.119 ; FF ; CELL ; 1      ; LABCELL_X39_Y31_N30  ; pipeline|desired_decimator|stage2|Add3~109|cout                                                                                      ;
;   18.712 ;   0.000 ; FF ; IC   ; 2      ; LABCELL_X39_Y31_N33  ; pipeline|desired_decimator|stage2|Add3~113|cin                                                                                       ;
;   18.712 ;   0.000 ; FF ; CELL ; 1      ; LABCELL_X39_Y31_N33  ; pipeline|desired_decimator|stage2|Add3~113|cout                                                                                      ;
;   18.712 ;   0.000 ; FF ; IC   ; 2      ; LABCELL_X39_Y31_N36  ; pipeline|desired_decimator|stage2|Add3~117|cin                                                                                       ;
;   18.758 ;   0.046 ; FF ; CELL ; 1      ; LABCELL_X39_Y31_N36  ; pipeline|desired_decimator|stage2|Add3~117|cout                                                                                      ;
;   18.758 ;   0.000 ; FF ; IC   ; 2      ; LABCELL_X39_Y31_N39  ; pipeline|desired_decimator|stage2|Add3~121|cin                                                                                       ;
;   18.758 ;   0.000 ; FF ; CELL ; 1      ; LABCELL_X39_Y31_N39  ; pipeline|desired_decimator|stage2|Add3~121|cout                                                                                      ;
;   18.758 ;   0.000 ; FF ; IC   ; 2      ; LABCELL_X39_Y31_N42  ; pipeline|desired_decimator|stage2|Add3~125|cin                                                                                       ;
;   18.804 ;   0.046 ; FF ; CELL ; 1      ; LABCELL_X39_Y31_N42  ; pipeline|desired_decimator|stage2|Add3~125|cout                                                                                      ;
;   18.804 ;   0.000 ; FF ; IC   ; 2      ; LABCELL_X39_Y31_N45  ; pipeline|desired_decimator|stage2|Add3~129|cin                                                                                       ;
;   18.804 ;   0.000 ; FF ; CELL ; 1      ; LABCELL_X39_Y31_N45  ; pipeline|desired_decimator|stage2|Add3~129|cout                                                                                      ;
;   18.804 ;   0.000 ; FF ; IC   ; 2      ; LABCELL_X39_Y31_N48  ; pipeline|desired_decimator|stage2|Add3~133|cin                                                                                       ;
;   18.850 ;   0.046 ; FF ; CELL ; 1      ; LABCELL_X39_Y31_N48  ; pipeline|desired_decimator|stage2|Add3~133|cout                                                                                      ;
;   18.850 ;   0.000 ; FF ; IC   ; 2      ; LABCELL_X39_Y31_N51  ; pipeline|desired_decimator|stage2|Add3~137|cin                                                                                       ;
;   18.850 ;   0.000 ; FF ; CELL ; 1      ; LABCELL_X39_Y31_N51  ; pipeline|desired_decimator|stage2|Add3~137|cout                                                                                      ;
;   18.850 ;   0.000 ; FF ; IC   ; 2      ; LABCELL_X39_Y31_N54  ; pipeline|desired_decimator|stage2|Add3~141|cin                                                                                       ;
;   18.893 ;   0.043 ; FF ; CELL ; 1      ; LABCELL_X39_Y31_N54  ; pipeline|desired_decimator|stage2|Add3~141|cout                                                                                      ;
;   18.893 ;   0.000 ; FF ; IC   ; 2      ; LABCELL_X39_Y31_N57  ; pipeline|desired_decimator|stage2|Add3~145|cin                                                                                       ;
;   18.893 ;   0.000 ; FF ; CELL ; 1      ; LABCELL_X39_Y31_N57  ; pipeline|desired_decimator|stage2|Add3~145|cout                                                                                      ;
;   18.893 ;   0.000 ; FF ; IC   ; 2      ; LABCELL_X39_Y30_N0   ; pipeline|desired_decimator|stage2|Add3~149|cin                                                                                       ;
;   19.427 ;   0.534 ; FF ; CELL ; 3      ; LABCELL_X39_Y30_N0   ; pipeline|desired_decimator|stage2|Add3~149|sumout                                                                                    ;
;   20.297 ;   0.870 ; FF ; IC   ; 2      ; LABCELL_X40_Y31_N57  ; pipeline|desired_decimator|stage2|Add9~153|datac                                                                                     ;
;   21.097 ;   0.800 ; FF ; CELL ; 1      ; LABCELL_X40_Y31_N57  ; pipeline|desired_decimator|stage2|Add9~153|cout                                                                                      ;
;   21.097 ;   0.000 ; FF ; IC   ; 2      ; LABCELL_X40_Y30_N0   ; pipeline|desired_decimator|stage2|Add9~157|cin                                                                                       ;
;   21.223 ;   0.126 ; FF ; CELL ; 1      ; LABCELL_X40_Y30_N0   ; pipeline|desired_decimator|stage2|Add9~157|cout                                                                                      ;
;   21.223 ;   0.000 ; FF ; IC   ; 2      ; LABCELL_X40_Y30_N3   ; pipeline|desired_decimator|stage2|Add9~161|cin                                                                                       ;
;   21.223 ;   0.000 ; FF ; CELL ; 1      ; LABCELL_X40_Y30_N3   ; pipeline|desired_decimator|stage2|Add9~161|cout                                                                                      ;
;   21.223 ;   0.000 ; FF ; IC   ; 2      ; LABCELL_X40_Y30_N6   ; pipeline|desired_decimator|stage2|Add9~165|cin                                                                                       ;
;   21.269 ;   0.046 ; FF ; CELL ; 1      ; LABCELL_X40_Y30_N6   ; pipeline|desired_decimator|stage2|Add9~165|cout                                                                                      ;
;   21.269 ;   0.000 ; FF ; IC   ; 2      ; LABCELL_X40_Y30_N9   ; pipeline|desired_decimator|stage2|Add9~169|cin                                                                                       ;
;   21.269 ;   0.000 ; FF ; CELL ; 1      ; LABCELL_X40_Y30_N9   ; pipeline|desired_decimator|stage2|Add9~169|cout                                                                                      ;
;   21.269 ;   0.000 ; FF ; IC   ; 2      ; LABCELL_X40_Y30_N12  ; pipeline|desired_decimator|stage2|Add9~173|cin                                                                                       ;
;   21.315 ;   0.046 ; FF ; CELL ; 1      ; LABCELL_X40_Y30_N12  ; pipeline|desired_decimator|stage2|Add9~173|cout                                                                                      ;
;   21.315 ;   0.000 ; FF ; IC   ; 2      ; LABCELL_X40_Y30_N15  ; pipeline|desired_decimator|stage2|Add9~177|cin                                                                                       ;
;   21.315 ;   0.000 ; FF ; CELL ; 1      ; LABCELL_X40_Y30_N15  ; pipeline|desired_decimator|stage2|Add9~177|cout                                                                                      ;
;   21.315 ;   0.000 ; FF ; IC   ; 2      ; LABCELL_X40_Y30_N18  ; pipeline|desired_decimator|stage2|Add9~181|cin                                                                                       ;
;   21.361 ;   0.046 ; FF ; CELL ; 1      ; LABCELL_X40_Y30_N18  ; pipeline|desired_decimator|stage2|Add9~181|cout                                                                                      ;
;   21.361 ;   0.000 ; FF ; IC   ; 2      ; LABCELL_X40_Y30_N21  ; pipeline|desired_decimator|stage2|Add9~185|cin                                                                                       ;
;   21.361 ;   0.000 ; FF ; CELL ; 1      ; LABCELL_X40_Y30_N21  ; pipeline|desired_decimator|stage2|Add9~185|cout                                                                                      ;
;   21.361 ;   0.000 ; FF ; IC   ; 2      ; LABCELL_X40_Y30_N24  ; pipeline|desired_decimator|stage2|Add9~189|cin                                                                                       ;
;   21.419 ;   0.058 ; FF ; CELL ; 1      ; LABCELL_X40_Y30_N24  ; pipeline|desired_decimator|stage2|Add9~189|cout                                                                                      ;
;   21.419 ;   0.000 ; FF ; IC   ; 2      ; LABCELL_X40_Y30_N27  ; pipeline|desired_decimator|stage2|Add9~73|cin                                                                                        ;
;   21.419 ;   0.000 ; FF ; CELL ; 1      ; LABCELL_X40_Y30_N27  ; pipeline|desired_decimator|stage2|Add9~73|cout                                                                                       ;
;   21.419 ;   0.000 ; FF ; IC   ; 2      ; LABCELL_X40_Y30_N30  ; pipeline|desired_decimator|stage2|Add9~69|cin                                                                                        ;
;   21.538 ;   0.119 ; FF ; CELL ; 1      ; LABCELL_X40_Y30_N30  ; pipeline|desired_decimator|stage2|Add9~69|cout                                                                                       ;
;   21.538 ;   0.000 ; FF ; IC   ; 2      ; LABCELL_X40_Y30_N33  ; pipeline|desired_decimator|stage2|Add9~77|cin                                                                                        ;
;   21.538 ;   0.000 ; FF ; CELL ; 1      ; LABCELL_X40_Y30_N33  ; pipeline|desired_decimator|stage2|Add9~77|cout                                                                                       ;
;   21.538 ;   0.000 ; FF ; IC   ; 2      ; LABCELL_X40_Y30_N36  ; pipeline|desired_decimator|stage2|Add9~81|cin                                                                                        ;
;   21.584 ;   0.046 ; FF ; CELL ; 1      ; LABCELL_X40_Y30_N36  ; pipeline|desired_decimator|stage2|Add9~81|cout                                                                                       ;
;   21.584 ;   0.000 ; FF ; IC   ; 2      ; LABCELL_X40_Y30_N39  ; pipeline|desired_decimator|stage2|Add9~61|cin                                                                                        ;
;   21.584 ;   0.000 ; FF ; CELL ; 1      ; LABCELL_X40_Y30_N39  ; pipeline|desired_decimator|stage2|Add9~61|cout                                                                                       ;
;   21.584 ;   0.000 ; FF ; IC   ; 2      ; LABCELL_X40_Y30_N42  ; pipeline|desired_decimator|stage2|Add9~65|cin                                                                                        ;
;   21.630 ;   0.046 ; FF ; CELL ; 1      ; LABCELL_X40_Y30_N42  ; pipeline|desired_decimator|stage2|Add9~65|cout                                                                                       ;
;   21.630 ;   0.000 ; FF ; IC   ; 2      ; LABCELL_X40_Y30_N45  ; pipeline|desired_decimator|stage2|Add9~53|cin                                                                                        ;
;   21.630 ;   0.000 ; FF ; CELL ; 1      ; LABCELL_X40_Y30_N45  ; pipeline|desired_decimator|stage2|Add9~53|cout                                                                                       ;
;   21.630 ;   0.000 ; FF ; IC   ; 2      ; LABCELL_X40_Y30_N48  ; pipeline|desired_decimator|stage2|Add9~57|cin                                                                                        ;
;   21.676 ;   0.046 ; FF ; CELL ; 1      ; LABCELL_X40_Y30_N48  ; pipeline|desired_decimator|stage2|Add9~57|cout                                                                                       ;
;   21.676 ;   0.000 ; FF ; IC   ; 2      ; LABCELL_X40_Y30_N51  ; pipeline|desired_decimator|stage2|Add9~45|cin                                                                                        ;
;   21.676 ;   0.000 ; FF ; CELL ; 1      ; LABCELL_X40_Y30_N51  ; pipeline|desired_decimator|stage2|Add9~45|cout                                                                                       ;
;   21.676 ;   0.000 ; FF ; IC   ; 2      ; LABCELL_X40_Y30_N54  ; pipeline|desired_decimator|stage2|Add9~49|cin                                                                                        ;
;   22.045 ;   0.369 ; FF ; CELL ; 2      ; LABCELL_X40_Y30_N54  ; pipeline|desired_decimator|stage2|Add9~49|sumout                                                                                     ;
;   22.779 ;   0.734 ; FF ; IC   ; 1      ; LABCELL_X41_Y29_N42  ; pipeline|desired_decimator|stage2|sample_out[14]~6|datad                                                                             ;
;   23.125 ;   0.346 ; FF ; CELL ; 1      ; LABCELL_X41_Y29_N42  ; pipeline|desired_decimator|stage2|sample_out[14]~6|combout                                                                           ;
;   23.684 ;   0.559 ; FF ; IC   ; 1      ; LABCELL_X39_Y29_N42  ; pipeline|desired_decimator|stage2|sample_out[14]~11|datad                                                                            ;
;   24.200 ;   0.516 ; FF ; CELL ; 1      ; LABCELL_X39_Y29_N42  ; pipeline|desired_decimator|stage2|sample_out[14]~11|combout                                                                          ;
;   24.407 ;   0.207 ; FF ; IC   ; 1      ; LABCELL_X39_Y29_N48  ; pipeline|desired_decimator|stage2|sample_out[14]~14|datad                                                                            ;
;   24.832 ;   0.425 ; FR ; CELL ; 23     ; LABCELL_X39_Y29_N48  ; pipeline|desired_decimator|stage2|sample_out[14]~14|combout                                                                          ;
;   25.855 ;   1.023 ; RR ; IC   ; 1      ; FF_X42_Y31_N2        ; pipeline|desired_decimator|stage2|sample_out[8]|sclr                                                                                 ;
;   26.650 ;   0.795 ; RF ; CELL ; 1      ; FF_X42_Y31_N2        ; preprocess_lms_fft_four_modes:pipeline|fir_decimator_32_dualmode:desired_decimator|fir_decimator_stage_dualmode:stage2|sample_out[8] ;
+----------+---------+----+------+--------+----------------------+--------------------------------------------------------------------------------------------------------------------------------------+

+-----------------------------------------------------------------------------------------------------------------------------------------------------------------------------------------------------+
; Data Required Path                                                                                                                                                                                  ;
+----------+---------+----+------+--------+--------------------+--------------------------------------------------------------------------------------------------------------------------------------+
; Total    ; Incr    ; RF ; Type ; Fanout ; Location           ; Element                                                                                                                              ;
+----------+---------+----+------+--------+--------------------+--------------------------------------------------------------------------------------------------------------------------------------+
; 20.000   ; 20.000  ;    ;      ;        ;                    ; latch edge time                                                                                                                      ;
; 23.654   ; 3.654   ;    ;      ;        ;                    ; clock path                                                                                                                           ;
;   20.000 ;   0.000 ;    ;      ;        ;                    ; source latency                                                                                                                       ;
;   20.000 ;   0.000 ;    ;      ; 1      ; PIN_M16            ; clk                                                                                                                                  ;
;   20.000 ;   0.000 ; RR ; IC   ; 1      ; IOIBUF_X54_Y18_N61 ; clk~input|i                                                                                                                          ;
;   20.669 ;   0.669 ; RR ; CELL ; 1      ; IOIBUF_X54_Y18_N61 ; clk~input|o                                                                                                                          ;
;   21.018 ;   0.349 ; RR ; IC   ; 1      ; CLKCTRL_G10        ; clk~inputCLKENA0|inclk                                                                                                               ;
;   21.431 ;   0.413 ; RR ; CELL ; 11676  ; CLKCTRL_G10        ; clk~inputCLKENA0|outclk                                                                                                              ;
;   23.082 ;   1.651 ; RR ; IC   ; 1      ; FF_X42_Y31_N2      ; pipeline|desired_decimator|stage2|sample_out[8]|clk                                                                                  ;
;   23.578 ;   0.496 ; RR ; CELL ; 1      ; FF_X42_Y31_N2      ; preprocess_lms_fft_four_modes:pipeline|fir_decimator_32_dualmode:desired_decimator|fir_decimator_stage_dualmode:stage2|sample_out[8] ;
;   23.654 ;   0.076 ;    ;      ;        ;                    ; clock pessimism removed                                                                                                              ;
; 23.554   ; -0.100  ;    ;      ;        ;                    ; clock uncertainty                                                                                                                    ;
; 23.554   ; 0.000   ;    ; uTsu ; 1      ; FF_X42_Y31_N2      ; preprocess_lms_fft_four_modes:pipeline|fir_decimator_32_dualmode:desired_decimator|fir_decimator_stage_dualmode:stage2|sample_out[8] ;
+----------+---------+----+------+--------+--------------------+--------------------------------------------------------------------------------------------------------------------------------------+

----------------------------
; Extra Fitter Information ;
----------------------------
HTML report is unavailable in plain text report export.



Path #8: Setup slack is -3.096 (VIOLATED)
===============================================================================
+-----------------------------------------------------------------------------------------------------------------------------------------------------------+
; Path Summary                                                                                                                                              ;
+--------------------+--------------------------------------------------------------------------------------------------------------------------------------+
; Property           ; Value                                                                                                                                ;
+--------------------+--------------------------------------------------------------------------------------------------------------------------------------+
; From Node          ; preprocess_lms_fft_four_modes:pipeline|fir_decimator_32_dualmode:desired_decimator|fir_decimator_stage_dualmode:stage2|tap_index[0]  ;
; To Node            ; preprocess_lms_fft_four_modes:pipeline|fir_decimator_32_dualmode:desired_decimator|fir_decimator_stage_dualmode:stage2|sample_out[6] ;
; Launch Clock       ; clk                                                                                                                                  ;
; Latch Clock        ; clk                                                                                                                                  ;
; Data Arrival Time  ; 26.650                                                                                                                               ;
; Data Required Time ; 23.554                                                                                                                               ;
; Slack              ; -3.096 (VIOLATED)                                                                                                                    ;
+--------------------+--------------------------------------------------------------------------------------------------------------------------------------+

+------------------------------------------------------------------------------------+
; Statistics                                                                         ;
+------------------------+--------+-------+-------------+------------+-------+-------+
; Property               ; Value  ; Count ; Total Delay ; % of Total ; Min   ; Max   ;
+------------------------+--------+-------+-------------+------------+-------+-------+
; Setup Relationship     ; 20.000 ;       ;             ;            ;       ;       ;
; Clock Skew             ; -0.132 ;       ;             ;            ;       ;       ;
; Data Delay             ; 22.864 ;       ;             ;            ;       ;       ;
; Number of Logic Levels ;        ; 13    ;             ;            ;       ;       ;
; Physical Delays        ;        ;       ;             ;            ;       ;       ;
;  Arrival Path          ;        ;       ;             ;            ;       ;       ;
;   Clock                ;        ;       ;             ;            ;       ;       ;
;    IC                  ;        ; 3     ; 2.096       ; 55         ; 0.000 ; 1.727 ;
;    Cell                ;        ; 3     ; 1.690       ; 45         ; 0.443 ; 0.669 ;
;   Data                 ;        ;       ;             ;            ;       ;       ;
;    IC                  ;        ; 60    ; 10.567      ; 46         ; 0.000 ; 1.421 ;
;    Cell                ;        ; 61    ; 12.297      ; 54         ; 0.000 ; 3.778 ;
;    uTco                ;        ; 1     ; 0.000       ; 0          ; 0.000 ; 0.000 ;
;  Required Path         ;        ;       ;             ;            ;       ;       ;
;   Clock                ;        ;       ;             ;            ;       ;       ;
;    IC                  ;        ; 3     ; 2.000       ; 56         ; 0.000 ; 1.651 ;
;    Cell                ;        ; 3     ; 1.578       ; 44         ; 0.413 ; 0.669 ;
+------------------------+--------+-------+-------------+------------+-------+-------+
Note: Negative delays are omitted from totals when calculating percentages

+-------------------------------------------------------------------------------------------------------------------------------------------------------------------------------------------------------+
; Data Arrival Path                                                                                                                                                                                     ;
+----------+---------+----+------+--------+----------------------+--------------------------------------------------------------------------------------------------------------------------------------+
; Total    ; Incr    ; RF ; Type ; Fanout ; Location             ; Element                                                                                                                              ;
+----------+---------+----+------+--------+----------------------+--------------------------------------------------------------------------------------------------------------------------------------+
; 0.000    ; 0.000   ;    ;      ;        ;                      ; launch edge time                                                                                                                     ;
; 3.786    ; 3.786   ;    ;      ;        ;                      ; clock path                                                                                                                           ;
;   0.000  ;   0.000 ;    ;      ;        ;                      ; source latency                                                                                                                       ;
;   0.000  ;   0.000 ;    ;      ; 1      ; PIN_M16              ; clk                                                                                                                                  ;
;   0.000  ;   0.000 ; RR ; IC   ; 1      ; IOIBUF_X54_Y18_N61   ; clk~input|i                                                                                                                          ;
;   0.669  ;   0.669 ; RR ; CELL ; 1      ; IOIBUF_X54_Y18_N61   ; clk~input|o                                                                                                                          ;
;   1.038  ;   0.369 ; RR ; IC   ; 1      ; CLKCTRL_G10          ; clk~inputCLKENA0|inclk                                                                                                               ;
;   1.481  ;   0.443 ; RR ; CELL ; 11676  ; CLKCTRL_G10          ; clk~inputCLKENA0|outclk                                                                                                              ;
;   3.208  ;   1.727 ; RR ; IC   ; 1      ; FF_X43_Y37_N2        ; pipeline|desired_decimator|stage2|tap_index[0]|clk                                                                                   ;
;   3.786  ;   0.578 ; RR ; CELL ; 1      ; FF_X43_Y37_N2        ; preprocess_lms_fft_four_modes:pipeline|fir_decimator_32_dualmode:desired_decimator|fir_decimator_stage_dualmode:stage2|tap_index[0]  ;
; 26.650   ; 22.864  ;    ;      ;        ;                      ; data path                                                                                                                            ;
;   3.786  ;   0.000 ;    ; uTco ; 1      ; FF_X43_Y37_N2        ; preprocess_lms_fft_four_modes:pipeline|fir_decimator_32_dualmode:desired_decimator|fir_decimator_stage_dualmode:stage2|tap_index[0]  ;
;   3.786  ;   0.000 ; FF ; CELL ; 38     ; FF_X43_Y37_N2        ; pipeline|desired_decimator|stage2|tap_index[0]|q                                                                                     ;
;   4.467  ;   0.681 ; FF ; IC   ; 1      ; LABCELL_X41_Y37_N30  ; pipeline|desired_decimator|stage2|LessThan1~2|datad                                                                                  ;
;   4.981  ;   0.514 ; FF ; CELL ; 1      ; LABCELL_X41_Y37_N30  ; pipeline|desired_decimator|stage2|LessThan1~2|combout                                                                                ;
;   5.309  ;   0.328 ; FF ; IC   ; 1      ; MLABCELL_X42_Y37_N24 ; pipeline|desired_decimator|stage2|LessThan1~3|datac                                                                                  ;
;   5.821  ;   0.512 ; FF ; CELL ; 7      ; MLABCELL_X42_Y37_N24 ; pipeline|desired_decimator|stage2|LessThan1~3|combout                                                                                ;
;   6.124  ;   0.303 ; FF ; IC   ; 1      ; LABCELL_X43_Y37_N27  ; pipeline|desired_decimator|stage2|sample_history.raddr_a[0]~6|datac                                                                  ;
;   6.641  ;   0.517 ; FF ; CELL ; 216    ; LABCELL_X43_Y37_N27  ; pipeline|desired_decimator|stage2|sample_history.raddr_a[0]~6|combout                                                                ;
;   7.893  ;   1.252 ; FF ; IC   ; 1      ; LABCELL_X41_Y41_N6   ; pipeline|desired_decimator|stage2|sample_history~2609|datad                                                                          ;
;   8.407  ;   0.514 ; FF ; CELL ; 1      ; LABCELL_X41_Y41_N6   ; pipeline|desired_decimator|stage2|sample_history~2609|combout                                                                        ;
;   9.398  ;   0.991 ; FF ; IC   ; 1      ; LABCELL_X40_Y37_N42  ; pipeline|desired_decimator|stage2|sample_history~1777|dataf                                                                          ;
;   9.480  ;   0.082 ; FF ; CELL ; 1      ; LABCELL_X40_Y37_N42  ; pipeline|desired_decimator|stage2|sample_history~1777|combout                                                                        ;
;   9.693  ;   0.213 ; FF ; IC   ; 1      ; LABCELL_X40_Y37_N24  ; pipeline|desired_decimator|stage2|sample_history~1781|datad                                                                          ;
;   10.207 ;   0.514 ; FF ; CELL ; 1      ; LABCELL_X40_Y37_N24  ; pipeline|desired_decimator|stage2|sample_history~1781|combout                                                                        ;
;   11.193 ;   0.986 ; FF ; IC   ; 1      ; LABCELL_X39_Y33_N6   ; pipeline|desired_decimator|stage2|delayed_sample[4]~9|dataf                                                                          ;
;   11.274 ;   0.081 ; FF ; CELL ; 1      ; LABCELL_X39_Y33_N6   ; pipeline|desired_decimator|stage2|delayed_sample[4]~9|combout                                                                        ;
;   12.273 ;   0.999 ; FF ; IC   ; 42     ; DSP_X33_Y33_N0       ; pipeline|desired_decimator|stage2|Mult0~mac|ax[4]                                                                                    ;
;   16.051 ;   3.778 ; FF ; CELL ; 1      ; DSP_X33_Y33_N0       ; pipeline|desired_decimator|stage2|Mult0~mac|resulta[3]                                                                               ;
;   17.472 ;   1.421 ; FF ; IC   ; 2      ; LABCELL_X39_Y32_N39  ; pipeline|desired_decimator|stage2|Add3~245|datad                                                                                     ;
;   18.136 ;   0.664 ; FF ; CELL ; 1      ; LABCELL_X39_Y32_N39  ; pipeline|desired_decimator|stage2|Add3~245|cout                                                                                      ;
;   18.136 ;   0.000 ; FF ; IC   ; 2      ; LABCELL_X39_Y32_N42  ; pipeline|desired_decimator|stage2|Add3~241|cin                                                                                       ;
;   18.182 ;   0.046 ; FF ; CELL ; 1      ; LABCELL_X39_Y32_N42  ; pipeline|desired_decimator|stage2|Add3~241|cout                                                                                      ;
;   18.182 ;   0.000 ; FF ; IC   ; 2      ; LABCELL_X39_Y32_N45  ; pipeline|desired_decimator|stage2|Add3~237|cin                                                                                       ;
;   18.182 ;   0.000 ; FF ; CELL ; 1      ; LABCELL_X39_Y32_N45  ; pipeline|desired_decimator|stage2|Add3~237|cout                                                                                      ;
;   18.182 ;   0.000 ; FF ; IC   ; 2      ; LABCELL_X39_Y32_N48  ; pipeline|desired_decimator|stage2|Add3~233|cin                                                                                       ;
;   18.228 ;   0.046 ; FF ; CELL ; 1      ; LABCELL_X39_Y32_N48  ; pipeline|desired_decimator|stage2|Add3~233|cout                                                                                      ;
;   18.228 ;   0.000 ; FF ; IC   ; 2      ; LABCELL_X39_Y32_N51  ; pipeline|desired_decimator|stage2|Add3~229|cin                                                                                       ;
;   18.228 ;   0.000 ; FF ; CELL ; 1      ; LABCELL_X39_Y32_N51  ; pipeline|desired_decimator|stage2|Add3~229|cout                                                                                      ;
;   18.228 ;   0.000 ; FF ; IC   ; 2      ; LABCELL_X39_Y32_N54  ; pipeline|desired_decimator|stage2|Add3~225|cin                                                                                       ;
;   18.271 ;   0.043 ; FF ; CELL ; 1      ; LABCELL_X39_Y32_N54  ; pipeline|desired_decimator|stage2|Add3~225|cout                                                                                      ;
;   18.271 ;   0.000 ; FF ; IC   ; 2      ; LABCELL_X39_Y32_N57  ; pipeline|desired_decimator|stage2|Add3~221|cin                                                                                       ;
;   18.271 ;   0.000 ; FF ; CELL ; 1      ; LABCELL_X39_Y32_N57  ; pipeline|desired_decimator|stage2|Add3~221|cout                                                                                      ;
;   18.271 ;   0.000 ; FF ; IC   ; 2      ; LABCELL_X39_Y31_N0   ; pipeline|desired_decimator|stage2|Add3~217|cin                                                                                       ;
;   18.397 ;   0.126 ; FF ; CELL ; 1      ; LABCELL_X39_Y31_N0   ; pipeline|desired_decimator|stage2|Add3~217|cout                                                                                      ;
;   18.397 ;   0.000 ; FF ; IC   ; 2      ; LABCELL_X39_Y31_N3   ; pipeline|desired_decimator|stage2|Add3~213|cin                                                                                       ;
;   18.397 ;   0.000 ; FF ; CELL ; 1      ; LABCELL_X39_Y31_N3   ; pipeline|desired_decimator|stage2|Add3~213|cout                                                                                      ;
;   18.397 ;   0.000 ; FF ; IC   ; 2      ; LABCELL_X39_Y31_N6   ; pipeline|desired_decimator|stage2|Add3~209|cin                                                                                       ;
;   18.443 ;   0.046 ; FF ; CELL ; 1      ; LABCELL_X39_Y31_N6   ; pipeline|desired_decimator|stage2|Add3~209|cout                                                                                      ;
;   18.443 ;   0.000 ; FF ; IC   ; 2      ; LABCELL_X39_Y31_N9   ; pipeline|desired_decimator|stage2|Add3~205|cin                                                                                       ;
;   18.443 ;   0.000 ; FF ; CELL ; 1      ; LABCELL_X39_Y31_N9   ; pipeline|desired_decimator|stage2|Add3~205|cout                                                                                      ;
;   18.443 ;   0.000 ; FF ; IC   ; 2      ; LABCELL_X39_Y31_N12  ; pipeline|desired_decimator|stage2|Add3~201|cin                                                                                       ;
;   18.489 ;   0.046 ; FF ; CELL ; 1      ; LABCELL_X39_Y31_N12  ; pipeline|desired_decimator|stage2|Add3~201|cout                                                                                      ;
;   18.489 ;   0.000 ; FF ; IC   ; 2      ; LABCELL_X39_Y31_N15  ; pipeline|desired_decimator|stage2|Add3~197|cin                                                                                       ;
;   18.489 ;   0.000 ; FF ; CELL ; 1      ; LABCELL_X39_Y31_N15  ; pipeline|desired_decimator|stage2|Add3~197|cout                                                                                      ;
;   18.489 ;   0.000 ; FF ; IC   ; 2      ; LABCELL_X39_Y31_N18  ; pipeline|desired_decimator|stage2|Add3~189|cin                                                                                       ;
;   18.535 ;   0.046 ; FF ; CELL ; 1      ; LABCELL_X39_Y31_N18  ; pipeline|desired_decimator|stage2|Add3~189|cout                                                                                      ;
;   18.535 ;   0.000 ; FF ; IC   ; 2      ; LABCELL_X39_Y31_N21  ; pipeline|desired_decimator|stage2|Add3~97|cin                                                                                        ;
;   18.535 ;   0.000 ; FF ; CELL ; 1      ; LABCELL_X39_Y31_N21  ; pipeline|desired_decimator|stage2|Add3~97|cout                                                                                       ;
;   18.535 ;   0.000 ; FF ; IC   ; 2      ; LABCELL_X39_Y31_N24  ; pipeline|desired_decimator|stage2|Add3~101|cin                                                                                       ;
;   18.593 ;   0.058 ; FF ; CELL ; 1      ; LABCELL_X39_Y31_N24  ; pipeline|desired_decimator|stage2|Add3~101|cout                                                                                      ;
;   18.593 ;   0.000 ; FF ; IC   ; 2      ; LABCELL_X39_Y31_N27  ; pipeline|desired_decimator|stage2|Add3~105|cin                                                                                       ;
;   18.593 ;   0.000 ; FF ; CELL ; 1      ; LABCELL_X39_Y31_N27  ; pipeline|desired_decimator|stage2|Add3~105|cout                                                                                      ;
;   18.593 ;   0.000 ; FF ; IC   ; 2      ; LABCELL_X39_Y31_N30  ; pipeline|desired_decimator|stage2|Add3~109|cin                                                                                       ;
;   18.712 ;   0.119 ; FF ; CELL ; 1      ; LABCELL_X39_Y31_N30  ; pipeline|desired_decimator|stage2|Add3~109|cout                                                                                      ;
;   18.712 ;   0.000 ; FF ; IC   ; 2      ; LABCELL_X39_Y31_N33  ; pipeline|desired_decimator|stage2|Add3~113|cin                                                                                       ;
;   18.712 ;   0.000 ; FF ; CELL ; 1      ; LABCELL_X39_Y31_N33  ; pipeline|desired_decimator|stage2|Add3~113|cout                                                                                      ;
;   18.712 ;   0.000 ; FF ; IC   ; 2      ; LABCELL_X39_Y31_N36  ; pipeline|desired_decimator|stage2|Add3~117|cin                                                                                       ;
;   18.758 ;   0.046 ; FF ; CELL ; 1      ; LABCELL_X39_Y31_N36  ; pipeline|desired_decimator|stage2|Add3~117|cout                                                                                      ;
;   18.758 ;   0.000 ; FF ; IC   ; 2      ; LABCELL_X39_Y31_N39  ; pipeline|desired_decimator|stage2|Add3~121|cin                                                                                       ;
;   18.758 ;   0.000 ; FF ; CELL ; 1      ; LABCELL_X39_Y31_N39  ; pipeline|desired_decimator|stage2|Add3~121|cout                                                                                      ;
;   18.758 ;   0.000 ; FF ; IC   ; 2      ; LABCELL_X39_Y31_N42  ; pipeline|desired_decimator|stage2|Add3~125|cin                                                                                       ;
;   18.804 ;   0.046 ; FF ; CELL ; 1      ; LABCELL_X39_Y31_N42  ; pipeline|desired_decimator|stage2|Add3~125|cout                                                                                      ;
;   18.804 ;   0.000 ; FF ; IC   ; 2      ; LABCELL_X39_Y31_N45  ; pipeline|desired_decimator|stage2|Add3~129|cin                                                                                       ;
;   18.804 ;   0.000 ; FF ; CELL ; 1      ; LABCELL_X39_Y31_N45  ; pipeline|desired_decimator|stage2|Add3~129|cout                                                                                      ;
;   18.804 ;   0.000 ; FF ; IC   ; 2      ; LABCELL_X39_Y31_N48  ; pipeline|desired_decimator|stage2|Add3~133|cin                                                                                       ;
;   18.850 ;   0.046 ; FF ; CELL ; 1      ; LABCELL_X39_Y31_N48  ; pipeline|desired_decimator|stage2|Add3~133|cout                                                                                      ;
;   18.850 ;   0.000 ; FF ; IC   ; 2      ; LABCELL_X39_Y31_N51  ; pipeline|desired_decimator|stage2|Add3~137|cin                                                                                       ;
;   18.850 ;   0.000 ; FF ; CELL ; 1      ; LABCELL_X39_Y31_N51  ; pipeline|desired_decimator|stage2|Add3~137|cout                                                                                      ;
;   18.850 ;   0.000 ; FF ; IC   ; 2      ; LABCELL_X39_Y31_N54  ; pipeline|desired_decimator|stage2|Add3~141|cin                                                                                       ;
;   18.893 ;   0.043 ; FF ; CELL ; 1      ; LABCELL_X39_Y31_N54  ; pipeline|desired_decimator|stage2|Add3~141|cout                                                                                      ;
;   18.893 ;   0.000 ; FF ; IC   ; 2      ; LABCELL_X39_Y31_N57  ; pipeline|desired_decimator|stage2|Add3~145|cin                                                                                       ;
;   18.893 ;   0.000 ; FF ; CELL ; 1      ; LABCELL_X39_Y31_N57  ; pipeline|desired_decimator|stage2|Add3~145|cout                                                                                      ;
;   18.893 ;   0.000 ; FF ; IC   ; 2      ; LABCELL_X39_Y30_N0   ; pipeline|desired_decimator|stage2|Add3~149|cin                                                                                       ;
;   19.427 ;   0.534 ; FF ; CELL ; 3      ; LABCELL_X39_Y30_N0   ; pipeline|desired_decimator|stage2|Add3~149|sumout                                                                                    ;
;   20.297 ;   0.870 ; FF ; IC   ; 2      ; LABCELL_X40_Y31_N57  ; pipeline|desired_decimator|stage2|Add9~153|datac                                                                                     ;
;   21.097 ;   0.800 ; FF ; CELL ; 1      ; LABCELL_X40_Y31_N57  ; pipeline|desired_decimator|stage2|Add9~153|cout                                                                                      ;
;   21.097 ;   0.000 ; FF ; IC   ; 2      ; LABCELL_X40_Y30_N0   ; pipeline|desired_decimator|stage2|Add9~157|cin                                                                                       ;
;   21.223 ;   0.126 ; FF ; CELL ; 1      ; LABCELL_X40_Y30_N0   ; pipeline|desired_decimator|stage2|Add9~157|cout                                                                                      ;
;   21.223 ;   0.000 ; FF ; IC   ; 2      ; LABCELL_X40_Y30_N3   ; pipeline|desired_decimator|stage2|Add9~161|cin                                                                                       ;
;   21.223 ;   0.000 ; FF ; CELL ; 1      ; LABCELL_X40_Y30_N3   ; pipeline|desired_decimator|stage2|Add9~161|cout                                                                                      ;
;   21.223 ;   0.000 ; FF ; IC   ; 2      ; LABCELL_X40_Y30_N6   ; pipeline|desired_decimator|stage2|Add9~165|cin                                                                                       ;
;   21.269 ;   0.046 ; FF ; CELL ; 1      ; LABCELL_X40_Y30_N6   ; pipeline|desired_decimator|stage2|Add9~165|cout                                                                                      ;
;   21.269 ;   0.000 ; FF ; IC   ; 2      ; LABCELL_X40_Y30_N9   ; pipeline|desired_decimator|stage2|Add9~169|cin                                                                                       ;
;   21.269 ;   0.000 ; FF ; CELL ; 1      ; LABCELL_X40_Y30_N9   ; pipeline|desired_decimator|stage2|Add9~169|cout                                                                                      ;
;   21.269 ;   0.000 ; FF ; IC   ; 2      ; LABCELL_X40_Y30_N12  ; pipeline|desired_decimator|stage2|Add9~173|cin                                                                                       ;
;   21.315 ;   0.046 ; FF ; CELL ; 1      ; LABCELL_X40_Y30_N12  ; pipeline|desired_decimator|stage2|Add9~173|cout                                                                                      ;
;   21.315 ;   0.000 ; FF ; IC   ; 2      ; LABCELL_X40_Y30_N15  ; pipeline|desired_decimator|stage2|Add9~177|cin                                                                                       ;
;   21.315 ;   0.000 ; FF ; CELL ; 1      ; LABCELL_X40_Y30_N15  ; pipeline|desired_decimator|stage2|Add9~177|cout                                                                                      ;
;   21.315 ;   0.000 ; FF ; IC   ; 2      ; LABCELL_X40_Y30_N18  ; pipeline|desired_decimator|stage2|Add9~181|cin                                                                                       ;
;   21.361 ;   0.046 ; FF ; CELL ; 1      ; LABCELL_X40_Y30_N18  ; pipeline|desired_decimator|stage2|Add9~181|cout                                                                                      ;
;   21.361 ;   0.000 ; FF ; IC   ; 2      ; LABCELL_X40_Y30_N21  ; pipeline|desired_decimator|stage2|Add9~185|cin                                                                                       ;
;   21.361 ;   0.000 ; FF ; CELL ; 1      ; LABCELL_X40_Y30_N21  ; pipeline|desired_decimator|stage2|Add9~185|cout                                                                                      ;
;   21.361 ;   0.000 ; FF ; IC   ; 2      ; LABCELL_X40_Y30_N24  ; pipeline|desired_decimator|stage2|Add9~189|cin                                                                                       ;
;   21.419 ;   0.058 ; FF ; CELL ; 1      ; LABCELL_X40_Y30_N24  ; pipeline|desired_decimator|stage2|Add9~189|cout                                                                                      ;
;   21.419 ;   0.000 ; FF ; IC   ; 2      ; LABCELL_X40_Y30_N27  ; pipeline|desired_decimator|stage2|Add9~73|cin                                                                                        ;
;   21.419 ;   0.000 ; FF ; CELL ; 1      ; LABCELL_X40_Y30_N27  ; pipeline|desired_decimator|stage2|Add9~73|cout                                                                                       ;
;   21.419 ;   0.000 ; FF ; IC   ; 2      ; LABCELL_X40_Y30_N30  ; pipeline|desired_decimator|stage2|Add9~69|cin                                                                                        ;
;   21.538 ;   0.119 ; FF ; CELL ; 1      ; LABCELL_X40_Y30_N30  ; pipeline|desired_decimator|stage2|Add9~69|cout                                                                                       ;
;   21.538 ;   0.000 ; FF ; IC   ; 2      ; LABCELL_X40_Y30_N33  ; pipeline|desired_decimator|stage2|Add9~77|cin                                                                                        ;
;   21.538 ;   0.000 ; FF ; CELL ; 1      ; LABCELL_X40_Y30_N33  ; pipeline|desired_decimator|stage2|Add9~77|cout                                                                                       ;
;   21.538 ;   0.000 ; FF ; IC   ; 2      ; LABCELL_X40_Y30_N36  ; pipeline|desired_decimator|stage2|Add9~81|cin                                                                                        ;
;   21.584 ;   0.046 ; FF ; CELL ; 1      ; LABCELL_X40_Y30_N36  ; pipeline|desired_decimator|stage2|Add9~81|cout                                                                                       ;
;   21.584 ;   0.000 ; FF ; IC   ; 2      ; LABCELL_X40_Y30_N39  ; pipeline|desired_decimator|stage2|Add9~61|cin                                                                                        ;
;   21.584 ;   0.000 ; FF ; CELL ; 1      ; LABCELL_X40_Y30_N39  ; pipeline|desired_decimator|stage2|Add9~61|cout                                                                                       ;
;   21.584 ;   0.000 ; FF ; IC   ; 2      ; LABCELL_X40_Y30_N42  ; pipeline|desired_decimator|stage2|Add9~65|cin                                                                                        ;
;   21.630 ;   0.046 ; FF ; CELL ; 1      ; LABCELL_X40_Y30_N42  ; pipeline|desired_decimator|stage2|Add9~65|cout                                                                                       ;
;   21.630 ;   0.000 ; FF ; IC   ; 2      ; LABCELL_X40_Y30_N45  ; pipeline|desired_decimator|stage2|Add9~53|cin                                                                                        ;
;   21.630 ;   0.000 ; FF ; CELL ; 1      ; LABCELL_X40_Y30_N45  ; pipeline|desired_decimator|stage2|Add9~53|cout                                                                                       ;
;   21.630 ;   0.000 ; FF ; IC   ; 2      ; LABCELL_X40_Y30_N48  ; pipeline|desired_decimator|stage2|Add9~57|cin                                                                                        ;
;   21.676 ;   0.046 ; FF ; CELL ; 1      ; LABCELL_X40_Y30_N48  ; pipeline|desired_decimator|stage2|Add9~57|cout                                                                                       ;
;   21.676 ;   0.000 ; FF ; IC   ; 2      ; LABCELL_X40_Y30_N51  ; pipeline|desired_decimator|stage2|Add9~45|cin                                                                                        ;
;   21.676 ;   0.000 ; FF ; CELL ; 1      ; LABCELL_X40_Y30_N51  ; pipeline|desired_decimator|stage2|Add9~45|cout                                                                                       ;
;   21.676 ;   0.000 ; FF ; IC   ; 2      ; LABCELL_X40_Y30_N54  ; pipeline|desired_decimator|stage2|Add9~49|cin                                                                                        ;
;   22.045 ;   0.369 ; FF ; CELL ; 2      ; LABCELL_X40_Y30_N54  ; pipeline|desired_decimator|stage2|Add9~49|sumout                                                                                     ;
;   22.779 ;   0.734 ; FF ; IC   ; 1      ; LABCELL_X41_Y29_N42  ; pipeline|desired_decimator|stage2|sample_out[14]~6|datad                                                                             ;
;   23.125 ;   0.346 ; FF ; CELL ; 1      ; LABCELL_X41_Y29_N42  ; pipeline|desired_decimator|stage2|sample_out[14]~6|combout                                                                           ;
;   23.684 ;   0.559 ; FF ; IC   ; 1      ; LABCELL_X39_Y29_N42  ; pipeline|desired_decimator|stage2|sample_out[14]~11|datad                                                                            ;
;   24.200 ;   0.516 ; FF ; CELL ; 1      ; LABCELL_X39_Y29_N42  ; pipeline|desired_decimator|stage2|sample_out[14]~11|combout                                                                          ;
;   24.407 ;   0.207 ; FF ; IC   ; 1      ; LABCELL_X39_Y29_N48  ; pipeline|desired_decimator|stage2|sample_out[14]~14|datad                                                                            ;
;   24.832 ;   0.425 ; FR ; CELL ; 23     ; LABCELL_X39_Y29_N48  ; pipeline|desired_decimator|stage2|sample_out[14]~14|combout                                                                          ;
;   25.855 ;   1.023 ; RR ; IC   ; 1      ; FF_X42_Y31_N26       ; pipeline|desired_decimator|stage2|sample_out[6]|sclr                                                                                 ;
;   26.650 ;   0.795 ; RF ; CELL ; 1      ; FF_X42_Y31_N26       ; preprocess_lms_fft_four_modes:pipeline|fir_decimator_32_dualmode:desired_decimator|fir_decimator_stage_dualmode:stage2|sample_out[6] ;
+----------+---------+----+------+--------+----------------------+--------------------------------------------------------------------------------------------------------------------------------------+

+-----------------------------------------------------------------------------------------------------------------------------------------------------------------------------------------------------+
; Data Required Path                                                                                                                                                                                  ;
+----------+---------+----+------+--------+--------------------+--------------------------------------------------------------------------------------------------------------------------------------+
; Total    ; Incr    ; RF ; Type ; Fanout ; Location           ; Element                                                                                                                              ;
+----------+---------+----+------+--------+--------------------+--------------------------------------------------------------------------------------------------------------------------------------+
; 20.000   ; 20.000  ;    ;      ;        ;                    ; latch edge time                                                                                                                      ;
; 23.654   ; 3.654   ;    ;      ;        ;                    ; clock path                                                                                                                           ;
;   20.000 ;   0.000 ;    ;      ;        ;                    ; source latency                                                                                                                       ;
;   20.000 ;   0.000 ;    ;      ; 1      ; PIN_M16            ; clk                                                                                                                                  ;
;   20.000 ;   0.000 ; RR ; IC   ; 1      ; IOIBUF_X54_Y18_N61 ; clk~input|i                                                                                                                          ;
;   20.669 ;   0.669 ; RR ; CELL ; 1      ; IOIBUF_X54_Y18_N61 ; clk~input|o                                                                                                                          ;
;   21.018 ;   0.349 ; RR ; IC   ; 1      ; CLKCTRL_G10        ; clk~inputCLKENA0|inclk                                                                                                               ;
;   21.431 ;   0.413 ; RR ; CELL ; 11676  ; CLKCTRL_G10        ; clk~inputCLKENA0|outclk                                                                                                              ;
;   23.082 ;   1.651 ; RR ; IC   ; 1      ; FF_X42_Y31_N26     ; pipeline|desired_decimator|stage2|sample_out[6]|clk                                                                                  ;
;   23.578 ;   0.496 ; RR ; CELL ; 1      ; FF_X42_Y31_N26     ; preprocess_lms_fft_four_modes:pipeline|fir_decimator_32_dualmode:desired_decimator|fir_decimator_stage_dualmode:stage2|sample_out[6] ;
;   23.654 ;   0.076 ;    ;      ;        ;                    ; clock pessimism removed                                                                                                              ;
; 23.554   ; -0.100  ;    ;      ;        ;                    ; clock uncertainty                                                                                                                    ;
; 23.554   ; 0.000   ;    ; uTsu ; 1      ; FF_X42_Y31_N26     ; preprocess_lms_fft_four_modes:pipeline|fir_decimator_32_dualmode:desired_decimator|fir_decimator_stage_dualmode:stage2|sample_out[6] ;
+----------+---------+----+------+--------+--------------------+--------------------------------------------------------------------------------------------------------------------------------------+

----------------------------
; Extra Fitter Information ;
----------------------------
HTML report is unavailable in plain text report export.



Path #9: Setup slack is -3.091 (VIOLATED)
===============================================================================
+------------------------------------------------------------------------------------------------------------------------------------------------------------+
; Path Summary                                                                                                                                               ;
+--------------------+---------------------------------------------------------------------------------------------------------------------------------------+
; Property           ; Value                                                                                                                                 ;
+--------------------+---------------------------------------------------------------------------------------------------------------------------------------+
; From Node          ; preprocess_lms_fft_four_modes:pipeline|fir_decimator_32_dualmode:desired_decimator|fir_decimator_stage_dualmode:stage3|tap_index[1]   ;
; To Node            ; preprocess_lms_fft_four_modes:pipeline|fir_decimator_32_dualmode:desired_decimator|fir_decimator_stage_dualmode:stage3|sample_out[10] ;
; Launch Clock       ; clk                                                                                                                                   ;
; Latch Clock        ; clk                                                                                                                                   ;
; Data Arrival Time  ; 26.656                                                                                                                                ;
; Data Required Time ; 23.565                                                                                                                                ;
; Slack              ; -3.091 (VIOLATED)                                                                                                                     ;
+--------------------+---------------------------------------------------------------------------------------------------------------------------------------+

+------------------------------------------------------------------------------------+
; Statistics                                                                         ;
+------------------------+--------+-------+-------------+------------+-------+-------+
; Property               ; Value  ; Count ; Total Delay ; % of Total ; Min   ; Max   ;
+------------------------+--------+-------+-------------+------------+-------+-------+
; Setup Relationship     ; 20.000 ;       ;             ;            ;       ;       ;
; Clock Skew             ; -0.131 ;       ;             ;            ;       ;       ;
; Data Delay             ; 22.860 ;       ;             ;            ;       ;       ;
; Number of Logic Levels ;        ; 12    ;             ;            ;       ;       ;
; Physical Delays        ;        ;       ;             ;            ;       ;       ;
;  Arrival Path          ;        ;       ;             ;            ;       ;       ;
;   Clock                ;        ;       ;             ;            ;       ;       ;
;    IC                  ;        ; 3     ; 2.106       ; 55         ; 0.000 ; 1.737 ;
;    Cell                ;        ; 3     ; 1.690       ; 45         ; 0.443 ; 0.669 ;
;   Data                 ;        ;       ;             ;            ;       ;       ;
;    IC                  ;        ; 67    ; 9.810       ; 43         ; 0.000 ; 1.554 ;
;    Cell                ;        ; 68    ; 13.050      ; 57         ; 0.000 ; 3.778 ;
;    uTco                ;        ; 1     ; 0.000       ; 0          ; 0.000 ; 0.000 ;
;  Required Path         ;        ;       ;             ;            ;       ;       ;
;   Clock                ;        ;       ;             ;            ;       ;       ;
;    IC                  ;        ; 3     ; 2.006       ; 56         ; 0.000 ; 1.657 ;
;    Cell                ;        ; 3     ; 1.583       ; 44         ; 0.413 ; 0.669 ;
+------------------------+--------+-------+-------------+------------+-------+-------+
Note: Negative delays are omitted from totals when calculating percentages

+--------------------------------------------------------------------------------------------------------------------------------------------------------------------------------------------------------+
; Data Arrival Path                                                                                                                                                                                      ;
+----------+---------+----+------+--------+----------------------+---------------------------------------------------------------------------------------------------------------------------------------+
; Total    ; Incr    ; RF ; Type ; Fanout ; Location             ; Element                                                                                                                               ;
+----------+---------+----+------+--------+----------------------+---------------------------------------------------------------------------------------------------------------------------------------+
; 0.000    ; 0.000   ;    ;      ;        ;                      ; launch edge time                                                                                                                      ;
; 3.796    ; 3.796   ;    ;      ;        ;                      ; clock path                                                                                                                            ;
;   0.000  ;   0.000 ;    ;      ;        ;                      ; source latency                                                                                                                        ;
;   0.000  ;   0.000 ;    ;      ; 1      ; PIN_M16              ; clk                                                                                                                                   ;
;   0.000  ;   0.000 ; RR ; IC   ; 1      ; IOIBUF_X54_Y18_N61   ; clk~input|i                                                                                                                           ;
;   0.669  ;   0.669 ; RR ; CELL ; 1      ; IOIBUF_X54_Y18_N61   ; clk~input|o                                                                                                                           ;
;   1.038  ;   0.369 ; RR ; IC   ; 1      ; CLKCTRL_G10          ; clk~inputCLKENA0|inclk                                                                                                                ;
;   1.481  ;   0.443 ; RR ; CELL ; 11676  ; CLKCTRL_G10          ; clk~inputCLKENA0|outclk                                                                                                               ;
;   3.218  ;   1.737 ; RR ; IC   ; 1      ; FF_X40_Y20_N50       ; pipeline|desired_decimator|stage3|tap_index[1]|clk                                                                                    ;
;   3.796  ;   0.578 ; RR ; CELL ; 1      ; FF_X40_Y20_N50       ; preprocess_lms_fft_four_modes:pipeline|fir_decimator_32_dualmode:desired_decimator|fir_decimator_stage_dualmode:stage3|tap_index[1]   ;
; 26.656   ; 22.860  ;    ;      ;        ;                      ; data path                                                                                                                             ;
;   3.796  ;   0.000 ;    ; uTco ; 1      ; FF_X40_Y20_N50       ; preprocess_lms_fft_four_modes:pipeline|fir_decimator_32_dualmode:desired_decimator|fir_decimator_stage_dualmode:stage3|tap_index[1]   ;
;   3.796  ;   0.000 ; RR ; CELL ; 39     ; FF_X40_Y20_N50       ; pipeline|desired_decimator|stage3|tap_index[1]|q                                                                                      ;
;   4.434  ;   0.638 ; RR ; IC   ; 2      ; LABCELL_X41_Y20_N3   ; pipeline|desired_decimator|stage3|Add1~1|datac                                                                                        ;
;   5.255  ;   0.821 ; RF ; CELL ; 1      ; LABCELL_X41_Y20_N3   ; pipeline|desired_decimator|stage3|Add1~1|cout                                                                                         ;
;   5.255  ;   0.000 ; FF ; IC   ; 2      ; LABCELL_X41_Y20_N6   ; pipeline|desired_decimator|stage3|Add1~25|cin                                                                                         ;
;   5.612  ;   0.357 ; FR ; CELL ; 1      ; LABCELL_X41_Y20_N6   ; pipeline|desired_decimator|stage3|Add1~25|sumout                                                                                      ;
;   5.990  ;   0.378 ; RR ; IC   ; 2      ; LABCELL_X41_Y20_N30  ; pipeline|desired_decimator|stage3|Add2~17|datad                                                                                       ;
;   6.679  ;   0.689 ; RF ; CELL ; 1      ; LABCELL_X41_Y20_N30  ; pipeline|desired_decimator|stage3|Add2~17|sumout                                                                                      ;
;   6.902  ;   0.223 ; FF ; IC   ; 1      ; LABCELL_X41_Y20_N48  ; pipeline|desired_decimator|stage3|sample_history.raddr_a[2]~4|dataf                                                                   ;
;   6.983  ;   0.081 ; FF ; CELL ; 504    ; LABCELL_X41_Y20_N48  ; pipeline|desired_decimator|stage3|sample_history.raddr_a[2]~4|combout                                                                 ;
;   8.537  ;   1.554 ; FF ; IC   ; 1      ; LABCELL_X40_Y23_N0   ; pipeline|desired_decimator|stage3|sample_history~2681|datad                                                                           ;
;   9.051  ;   0.514 ; FF ; CELL ; 1      ; LABCELL_X40_Y23_N0   ; pipeline|desired_decimator|stage3|sample_history~2681|combout                                                                         ;
;   10.288 ;   1.237 ; FF ; IC   ; 1      ; MLABCELL_X37_Y19_N33 ; pipeline|desired_decimator|stage3|sample_history~2685|datae                                                                           ;
;   10.645 ;   0.357 ; FF ; CELL ; 1      ; MLABCELL_X37_Y19_N33 ; pipeline|desired_decimator|stage3|sample_history~2685|combout                                                                         ;
;   10.981 ;   0.336 ; FF ; IC   ; 1      ; LABCELL_X36_Y19_N12  ; pipeline|desired_decimator|stage3|delayed_sample[15]~15|datac                                                                         ;
;   11.487 ;   0.506 ; FF ; CELL ; 1      ; LABCELL_X36_Y19_N12  ; pipeline|desired_decimator|stage3|delayed_sample[15]~15|combout                                                                       ;
;   12.363 ;   0.876 ; FF ; IC   ; 42     ; DSP_X33_Y17_N0       ; pipeline|desired_decimator|stage3|Mult0~mac|ax[15]                                                                                    ;
;   16.141 ;   3.778 ; FF ; CELL ; 1      ; DSP_X33_Y17_N0       ; pipeline|desired_decimator|stage3|Mult0~mac|resulta[5]                                                                                ;
;   17.617 ;   1.476 ; FF ; IC   ; 2      ; MLABCELL_X42_Y16_N15 ; pipeline|desired_decimator|stage3|Add3~237|datac                                                                                      ;
;   18.424 ;   0.807 ; FF ; CELL ; 1      ; MLABCELL_X42_Y16_N15 ; pipeline|desired_decimator|stage3|Add3~237|cout                                                                                       ;
;   18.424 ;   0.000 ; FF ; IC   ; 2      ; MLABCELL_X42_Y16_N18 ; pipeline|desired_decimator|stage3|Add3~233|cin                                                                                        ;
;   18.470 ;   0.046 ; FF ; CELL ; 1      ; MLABCELL_X42_Y16_N18 ; pipeline|desired_decimator|stage3|Add3~233|cout                                                                                       ;
;   18.470 ;   0.000 ; FF ; IC   ; 2      ; MLABCELL_X42_Y16_N21 ; pipeline|desired_decimator|stage3|Add3~229|cin                                                                                        ;
;   18.470 ;   0.000 ; FF ; CELL ; 1      ; MLABCELL_X42_Y16_N21 ; pipeline|desired_decimator|stage3|Add3~229|cout                                                                                       ;
;   18.470 ;   0.000 ; FF ; IC   ; 2      ; MLABCELL_X42_Y16_N24 ; pipeline|desired_decimator|stage3|Add3~225|cin                                                                                        ;
;   18.507 ;   0.037 ; FF ; CELL ; 1      ; MLABCELL_X42_Y16_N24 ; pipeline|desired_decimator|stage3|Add3~225|cout                                                                                       ;
;   18.507 ;   0.000 ; FF ; IC   ; 2      ; MLABCELL_X42_Y16_N27 ; pipeline|desired_decimator|stage3|Add3~221|cin                                                                                        ;
;   18.507 ;   0.000 ; FF ; CELL ; 1      ; MLABCELL_X42_Y16_N27 ; pipeline|desired_decimator|stage3|Add3~221|cout                                                                                       ;
;   18.507 ;   0.000 ; FF ; IC   ; 2      ; MLABCELL_X42_Y15_N0  ; pipeline|desired_decimator|stage3|Add3~217|cin                                                                                        ;
;   18.628 ;   0.121 ; FF ; CELL ; 1      ; MLABCELL_X42_Y15_N0  ; pipeline|desired_decimator|stage3|Add3~217|cout                                                                                       ;
;   18.628 ;   0.000 ; FF ; IC   ; 2      ; MLABCELL_X42_Y15_N3  ; pipeline|desired_decimator|stage3|Add3~213|cin                                                                                        ;
;   18.628 ;   0.000 ; FF ; CELL ; 1      ; MLABCELL_X42_Y15_N3  ; pipeline|desired_decimator|stage3|Add3~213|cout                                                                                       ;
;   18.628 ;   0.000 ; FF ; IC   ; 2      ; MLABCELL_X42_Y15_N6  ; pipeline|desired_decimator|stage3|Add3~209|cin                                                                                        ;
;   18.674 ;   0.046 ; FF ; CELL ; 1      ; MLABCELL_X42_Y15_N6  ; pipeline|desired_decimator|stage3|Add3~209|cout                                                                                       ;
;   18.674 ;   0.000 ; FF ; IC   ; 2      ; MLABCELL_X42_Y15_N9  ; pipeline|desired_decimator|stage3|Add3~205|cin                                                                                        ;
;   18.674 ;   0.000 ; FF ; CELL ; 1      ; MLABCELL_X42_Y15_N9  ; pipeline|desired_decimator|stage3|Add3~205|cout                                                                                       ;
;   18.674 ;   0.000 ; FF ; IC   ; 2      ; MLABCELL_X42_Y15_N12 ; pipeline|desired_decimator|stage3|Add3~201|cin                                                                                        ;
;   18.720 ;   0.046 ; FF ; CELL ; 1      ; MLABCELL_X42_Y15_N12 ; pipeline|desired_decimator|stage3|Add3~201|cout                                                                                       ;
;   18.720 ;   0.000 ; FF ; IC   ; 2      ; MLABCELL_X42_Y15_N15 ; pipeline|desired_decimator|stage3|Add3~197|cin                                                                                        ;
;   18.720 ;   0.000 ; FF ; CELL ; 1      ; MLABCELL_X42_Y15_N15 ; pipeline|desired_decimator|stage3|Add3~197|cout                                                                                       ;
;   18.720 ;   0.000 ; FF ; IC   ; 2      ; MLABCELL_X42_Y15_N18 ; pipeline|desired_decimator|stage3|Add3~189|cin                                                                                        ;
;   18.766 ;   0.046 ; FF ; CELL ; 1      ; MLABCELL_X42_Y15_N18 ; pipeline|desired_decimator|stage3|Add3~189|cout                                                                                       ;
;   18.766 ;   0.000 ; FF ; IC   ; 2      ; MLABCELL_X42_Y15_N21 ; pipeline|desired_decimator|stage3|Add3~97|cin                                                                                         ;
;   18.766 ;   0.000 ; FF ; CELL ; 1      ; MLABCELL_X42_Y15_N21 ; pipeline|desired_decimator|stage3|Add3~97|cout                                                                                        ;
;   18.766 ;   0.000 ; FF ; IC   ; 2      ; MLABCELL_X42_Y15_N24 ; pipeline|desired_decimator|stage3|Add3~101|cin                                                                                        ;
;   18.823 ;   0.057 ; FF ; CELL ; 1      ; MLABCELL_X42_Y15_N24 ; pipeline|desired_decimator|stage3|Add3~101|cout                                                                                       ;
;   18.823 ;   0.000 ; FF ; IC   ; 2      ; MLABCELL_X42_Y15_N27 ; pipeline|desired_decimator|stage3|Add3~105|cin                                                                                        ;
;   18.823 ;   0.000 ; FF ; CELL ; 1      ; MLABCELL_X42_Y15_N27 ; pipeline|desired_decimator|stage3|Add3~105|cout                                                                                       ;
;   18.823 ;   0.000 ; FF ; IC   ; 2      ; MLABCELL_X42_Y15_N30 ; pipeline|desired_decimator|stage3|Add3~109|cin                                                                                        ;
;   18.939 ;   0.116 ; FF ; CELL ; 1      ; MLABCELL_X42_Y15_N30 ; pipeline|desired_decimator|stage3|Add3~109|cout                                                                                       ;
;   18.939 ;   0.000 ; FF ; IC   ; 2      ; MLABCELL_X42_Y15_N33 ; pipeline|desired_decimator|stage3|Add3~113|cin                                                                                        ;
;   18.939 ;   0.000 ; FF ; CELL ; 1      ; MLABCELL_X42_Y15_N33 ; pipeline|desired_decimator|stage3|Add3~113|cout                                                                                       ;
;   18.939 ;   0.000 ; FF ; IC   ; 2      ; MLABCELL_X42_Y15_N36 ; pipeline|desired_decimator|stage3|Add3~117|cin                                                                                        ;
;   18.985 ;   0.046 ; FF ; CELL ; 1      ; MLABCELL_X42_Y15_N36 ; pipeline|desired_decimator|stage3|Add3~117|cout                                                                                       ;
;   18.985 ;   0.000 ; FF ; IC   ; 2      ; MLABCELL_X42_Y15_N39 ; pipeline|desired_decimator|stage3|Add3~121|cin                                                                                        ;
;   18.985 ;   0.000 ; FF ; CELL ; 1      ; MLABCELL_X42_Y15_N39 ; pipeline|desired_decimator|stage3|Add3~121|cout                                                                                       ;
;   18.985 ;   0.000 ; FF ; IC   ; 2      ; MLABCELL_X42_Y15_N42 ; pipeline|desired_decimator|stage3|Add3~125|cin                                                                                        ;
;   19.031 ;   0.046 ; FF ; CELL ; 1      ; MLABCELL_X42_Y15_N42 ; pipeline|desired_decimator|stage3|Add3~125|cout                                                                                       ;
;   19.031 ;   0.000 ; FF ; IC   ; 2      ; MLABCELL_X42_Y15_N45 ; pipeline|desired_decimator|stage3|Add3~129|cin                                                                                        ;
;   19.031 ;   0.000 ; FF ; CELL ; 1      ; MLABCELL_X42_Y15_N45 ; pipeline|desired_decimator|stage3|Add3~129|cout                                                                                       ;
;   19.031 ;   0.000 ; FF ; IC   ; 2      ; MLABCELL_X42_Y15_N48 ; pipeline|desired_decimator|stage3|Add3~133|cin                                                                                        ;
;   19.077 ;   0.046 ; FF ; CELL ; 1      ; MLABCELL_X42_Y15_N48 ; pipeline|desired_decimator|stage3|Add3~133|cout                                                                                       ;
;   19.077 ;   0.000 ; FF ; IC   ; 2      ; MLABCELL_X42_Y15_N51 ; pipeline|desired_decimator|stage3|Add3~137|cin                                                                                        ;
;   19.077 ;   0.000 ; FF ; CELL ; 1      ; MLABCELL_X42_Y15_N51 ; pipeline|desired_decimator|stage3|Add3~137|cout                                                                                       ;
;   19.077 ;   0.000 ; FF ; IC   ; 2      ; MLABCELL_X42_Y15_N54 ; pipeline|desired_decimator|stage3|Add3~141|cin                                                                                        ;
;   19.122 ;   0.045 ; FF ; CELL ; 1      ; MLABCELL_X42_Y15_N54 ; pipeline|desired_decimator|stage3|Add3~141|cout                                                                                       ;
;   19.122 ;   0.000 ; FF ; IC   ; 2      ; MLABCELL_X42_Y15_N57 ; pipeline|desired_decimator|stage3|Add3~145|cin                                                                                        ;
;   19.122 ;   0.000 ; FF ; CELL ; 1      ; MLABCELL_X42_Y15_N57 ; pipeline|desired_decimator|stage3|Add3~145|cout                                                                                       ;
;   19.122 ;   0.000 ; FF ; IC   ; 2      ; MLABCELL_X42_Y14_N0  ; pipeline|desired_decimator|stage3|Add3~149|cin                                                                                        ;
;   19.243 ;   0.121 ; FF ; CELL ; 1      ; MLABCELL_X42_Y14_N0  ; pipeline|desired_decimator|stage3|Add3~149|cout                                                                                       ;
;   19.243 ;   0.000 ; FF ; IC   ; 2      ; MLABCELL_X42_Y14_N3  ; pipeline|desired_decimator|stage3|Add3~153|cin                                                                                        ;
;   19.243 ;   0.000 ; FF ; CELL ; 1      ; MLABCELL_X42_Y14_N3  ; pipeline|desired_decimator|stage3|Add3~153|cout                                                                                       ;
;   19.243 ;   0.000 ; FF ; IC   ; 2      ; MLABCELL_X42_Y14_N6  ; pipeline|desired_decimator|stage3|Add3~157|cin                                                                                        ;
;   19.289 ;   0.046 ; FF ; CELL ; 1      ; MLABCELL_X42_Y14_N6  ; pipeline|desired_decimator|stage3|Add3~157|cout                                                                                       ;
;   19.289 ;   0.000 ; FF ; IC   ; 2      ; MLABCELL_X42_Y14_N9  ; pipeline|desired_decimator|stage3|Add3~161|cin                                                                                        ;
;   19.289 ;   0.000 ; FF ; CELL ; 1      ; MLABCELL_X42_Y14_N9  ; pipeline|desired_decimator|stage3|Add3~161|cout                                                                                       ;
;   19.289 ;   0.000 ; FF ; IC   ; 2      ; MLABCELL_X42_Y14_N12 ; pipeline|desired_decimator|stage3|Add3~165|cin                                                                                        ;
;   19.335 ;   0.046 ; FF ; CELL ; 1      ; MLABCELL_X42_Y14_N12 ; pipeline|desired_decimator|stage3|Add3~165|cout                                                                                       ;
;   19.335 ;   0.000 ; FF ; IC   ; 2      ; MLABCELL_X42_Y14_N15 ; pipeline|desired_decimator|stage3|Add3~169|cin                                                                                        ;
;   19.335 ;   0.000 ; FF ; CELL ; 1      ; MLABCELL_X42_Y14_N15 ; pipeline|desired_decimator|stage3|Add3~169|cout                                                                                       ;
;   19.335 ;   0.000 ; FF ; IC   ; 2      ; MLABCELL_X42_Y14_N18 ; pipeline|desired_decimator|stage3|Add3~173|cin                                                                                        ;
;   19.381 ;   0.046 ; FF ; CELL ; 1      ; MLABCELL_X42_Y14_N18 ; pipeline|desired_decimator|stage3|Add3~173|cout                                                                                       ;
;   19.381 ;   0.000 ; FF ; IC   ; 2      ; MLABCELL_X42_Y14_N21 ; pipeline|desired_decimator|stage3|Add3~177|cin                                                                                        ;
;   19.381 ;   0.000 ; FF ; CELL ; 1      ; MLABCELL_X42_Y14_N21 ; pipeline|desired_decimator|stage3|Add3~177|cout                                                                                       ;
;   19.381 ;   0.000 ; FF ; IC   ; 2      ; MLABCELL_X42_Y14_N24 ; pipeline|desired_decimator|stage3|Add3~181|cin                                                                                        ;
;   19.438 ;   0.057 ; FF ; CELL ; 1      ; MLABCELL_X42_Y14_N24 ; pipeline|desired_decimator|stage3|Add3~181|cout                                                                                       ;
;   19.438 ;   0.000 ; FF ; IC   ; 2      ; MLABCELL_X42_Y14_N27 ; pipeline|desired_decimator|stage3|Add3~185|cin                                                                                        ;
;   19.438 ;   0.000 ; FF ; CELL ; 1      ; MLABCELL_X42_Y14_N27 ; pipeline|desired_decimator|stage3|Add3~185|cout                                                                                       ;
;   19.438 ;   0.000 ; FF ; IC   ; 2      ; MLABCELL_X42_Y14_N30 ; pipeline|desired_decimator|stage3|Add3~73|cin                                                                                         ;
;   19.554 ;   0.116 ; FF ; CELL ; 1      ; MLABCELL_X42_Y14_N30 ; pipeline|desired_decimator|stage3|Add3~73|cout                                                                                        ;
;   19.554 ;   0.000 ; FF ; IC   ; 2      ; MLABCELL_X42_Y14_N33 ; pipeline|desired_decimator|stage3|Add3~77|cin                                                                                         ;
;   19.554 ;   0.000 ; FF ; CELL ; 1      ; MLABCELL_X42_Y14_N33 ; pipeline|desired_decimator|stage3|Add3~77|cout                                                                                        ;
;   19.554 ;   0.000 ; FF ; IC   ; 2      ; MLABCELL_X42_Y14_N36 ; pipeline|desired_decimator|stage3|Add3~81|cin                                                                                         ;
;   19.600 ;   0.046 ; FF ; CELL ; 1      ; MLABCELL_X42_Y14_N36 ; pipeline|desired_decimator|stage3|Add3~81|cout                                                                                        ;
;   19.600 ;   0.000 ; FF ; IC   ; 2      ; MLABCELL_X42_Y14_N39 ; pipeline|desired_decimator|stage3|Add3~85|cin                                                                                         ;
;   19.600 ;   0.000 ; FF ; CELL ; 1      ; MLABCELL_X42_Y14_N39 ; pipeline|desired_decimator|stage3|Add3~85|cout                                                                                        ;
;   19.600 ;   0.000 ; FF ; IC   ; 2      ; MLABCELL_X42_Y14_N42 ; pipeline|desired_decimator|stage3|Add3~65|cin                                                                                         ;
;   19.646 ;   0.046 ; FF ; CELL ; 1      ; MLABCELL_X42_Y14_N42 ; pipeline|desired_decimator|stage3|Add3~65|cout                                                                                        ;
;   19.646 ;   0.000 ; FF ; IC   ; 2      ; MLABCELL_X42_Y14_N45 ; pipeline|desired_decimator|stage3|Add3~69|cin                                                                                         ;
;   19.646 ;   0.000 ; FF ; CELL ; 1      ; MLABCELL_X42_Y14_N45 ; pipeline|desired_decimator|stage3|Add3~69|cout                                                                                        ;
;   19.646 ;   0.000 ; FF ; IC   ; 2      ; MLABCELL_X42_Y14_N48 ; pipeline|desired_decimator|stage3|Add3~57|cin                                                                                         ;
;   19.692 ;   0.046 ; FF ; CELL ; 1      ; MLABCELL_X42_Y14_N48 ; pipeline|desired_decimator|stage3|Add3~57|cout                                                                                        ;
;   19.692 ;   0.000 ; FF ; IC   ; 2      ; MLABCELL_X42_Y14_N51 ; pipeline|desired_decimator|stage3|Add3~61|cin                                                                                         ;
;   19.692 ;   0.000 ; FF ; CELL ; 1      ; MLABCELL_X42_Y14_N51 ; pipeline|desired_decimator|stage3|Add3~61|cout                                                                                        ;
;   19.692 ;   0.000 ; FF ; IC   ; 2      ; MLABCELL_X42_Y14_N54 ; pipeline|desired_decimator|stage3|Add3~49|cin                                                                                         ;
;   20.058 ;   0.366 ; FF ; CELL ; 3      ; MLABCELL_X42_Y14_N54 ; pipeline|desired_decimator|stage3|Add3~49|sumout                                                                                      ;
;   20.897 ;   0.839 ; FF ; IC   ; 2      ; LABCELL_X41_Y13_N6   ; pipeline|desired_decimator|stage3|Add7~45|datac                                                                                       ;
;   21.742 ;   0.845 ; FF ; CELL ; 1      ; LABCELL_X41_Y13_N6   ; pipeline|desired_decimator|stage3|Add7~45|cout                                                                                        ;
;   21.742 ;   0.000 ; FF ; IC   ; 2      ; LABCELL_X41_Y13_N9   ; pipeline|desired_decimator|stage3|Add7~49|cin                                                                                         ;
;   21.742 ;   0.000 ; FF ; CELL ; 1      ; LABCELL_X41_Y13_N9   ; pipeline|desired_decimator|stage3|Add7~49|cout                                                                                        ;
;   21.742 ;   0.000 ; FF ; IC   ; 2      ; LABCELL_X41_Y13_N12  ; pipeline|desired_decimator|stage3|Add7~37|cin                                                                                         ;
;   21.788 ;   0.046 ; FF ; CELL ; 1      ; LABCELL_X41_Y13_N12  ; pipeline|desired_decimator|stage3|Add7~37|cout                                                                                        ;
;   21.788 ;   0.000 ; FF ; IC   ; 2      ; LABCELL_X41_Y13_N15  ; pipeline|desired_decimator|stage3|Add7~41|cin                                                                                         ;
;   21.788 ;   0.000 ; FF ; CELL ; 1      ; LABCELL_X41_Y13_N15  ; pipeline|desired_decimator|stage3|Add7~41|cout                                                                                        ;
;   21.788 ;   0.000 ; FF ; IC   ; 2      ; LABCELL_X41_Y13_N18  ; pipeline|desired_decimator|stage3|Add7~93|cin                                                                                         ;
;   21.834 ;   0.046 ; FF ; CELL ; 1      ; LABCELL_X41_Y13_N18  ; pipeline|desired_decimator|stage3|Add7~93|cout                                                                                        ;
;   21.834 ;   0.000 ; FF ; IC   ; 2      ; LABCELL_X41_Y13_N21  ; pipeline|desired_decimator|stage3|Add7~97|cin                                                                                         ;
;   21.834 ;   0.000 ; FF ; CELL ; 1      ; LABCELL_X41_Y13_N21  ; pipeline|desired_decimator|stage3|Add7~97|cout                                                                                        ;
;   21.834 ;   0.000 ; FF ; IC   ; 2      ; LABCELL_X41_Y13_N24  ; pipeline|desired_decimator|stage3|Add7~13|cin                                                                                         ;
;   21.892 ;   0.058 ; FF ; CELL ; 1      ; LABCELL_X41_Y13_N24  ; pipeline|desired_decimator|stage3|Add7~13|cout                                                                                        ;
;   21.892 ;   0.000 ; FF ; IC   ; 2      ; LABCELL_X41_Y13_N27  ; pipeline|desired_decimator|stage3|Add7~17|cin                                                                                         ;
;   21.892 ;   0.000 ; FF ; CELL ; 1      ; LABCELL_X41_Y13_N27  ; pipeline|desired_decimator|stage3|Add7~17|cout                                                                                        ;
;   21.892 ;   0.000 ; FF ; IC   ; 2      ; LABCELL_X41_Y13_N30  ; pipeline|desired_decimator|stage3|Add7~29|cin                                                                                         ;
;   22.011 ;   0.119 ; FF ; CELL ; 1      ; LABCELL_X41_Y13_N30  ; pipeline|desired_decimator|stage3|Add7~29|cout                                                                                        ;
;   22.011 ;   0.000 ; FF ; IC   ; 2      ; LABCELL_X41_Y13_N33  ; pipeline|desired_decimator|stage3|Add7~33|cin                                                                                         ;
;   22.011 ;   0.000 ; FF ; CELL ; 1      ; LABCELL_X41_Y13_N33  ; pipeline|desired_decimator|stage3|Add7~33|cout                                                                                        ;
;   22.011 ;   0.000 ; FF ; IC   ; 2      ; LABCELL_X41_Y13_N36  ; pipeline|desired_decimator|stage3|Add7~5|cin                                                                                          ;
;   22.374 ;   0.363 ; FF ; CELL ; 3      ; LABCELL_X41_Y13_N36  ; pipeline|desired_decimator|stage3|Add7~5|sumout                                                                                       ;
;   22.906 ;   0.532 ; FF ; IC   ; 1      ; LABCELL_X44_Y13_N30  ; pipeline|desired_decimator|stage3|sample_out[8]~63|datac                                                                              ;
;   23.394 ;   0.488 ; FF ; CELL ; 1      ; LABCELL_X44_Y13_N30  ; pipeline|desired_decimator|stage3|sample_out[8]~63|combout                                                                            ;
;   23.632 ;   0.238 ; FF ; IC   ; 1      ; LABCELL_X44_Y13_N24  ; pipeline|desired_decimator|stage3|sample_out[8]~4|datad                                                                               ;
;   24.146 ;   0.514 ; FF ; CELL ; 1      ; LABCELL_X44_Y13_N24  ; pipeline|desired_decimator|stage3|sample_out[8]~4|combout                                                                             ;
;   24.735 ;   0.589 ; FF ; IC   ; 1      ; LABCELL_X44_Y14_N24  ; pipeline|desired_decimator|stage3|sample_out[8]~14|datae                                                                              ;
;   24.967 ;   0.232 ; FR ; CELL ; 23     ; LABCELL_X44_Y14_N24  ; pipeline|desired_decimator|stage3|sample_out[8]~14|combout                                                                            ;
;   25.861 ;   0.894 ; RR ; IC   ; 1      ; FF_X41_Y15_N20       ; pipeline|desired_decimator|stage3|sample_out[10]|sclr                                                                                 ;
;   26.656 ;   0.795 ; RF ; CELL ; 1      ; FF_X41_Y15_N20       ; preprocess_lms_fft_four_modes:pipeline|fir_decimator_32_dualmode:desired_decimator|fir_decimator_stage_dualmode:stage3|sample_out[10] ;
+----------+---------+----+------+--------+----------------------+---------------------------------------------------------------------------------------------------------------------------------------+

+------------------------------------------------------------------------------------------------------------------------------------------------------------------------------------------------------+
; Data Required Path                                                                                                                                                                                   ;
+----------+---------+----+------+--------+--------------------+---------------------------------------------------------------------------------------------------------------------------------------+
; Total    ; Incr    ; RF ; Type ; Fanout ; Location           ; Element                                                                                                                               ;
+----------+---------+----+------+--------+--------------------+---------------------------------------------------------------------------------------------------------------------------------------+
; 20.000   ; 20.000  ;    ;      ;        ;                    ; latch edge time                                                                                                                       ;
; 23.665   ; 3.665   ;    ;      ;        ;                    ; clock path                                                                                                                            ;
;   20.000 ;   0.000 ;    ;      ;        ;                    ; source latency                                                                                                                        ;
;   20.000 ;   0.000 ;    ;      ; 1      ; PIN_M16            ; clk                                                                                                                                   ;
;   20.000 ;   0.000 ; RR ; IC   ; 1      ; IOIBUF_X54_Y18_N61 ; clk~input|i                                                                                                                           ;
;   20.669 ;   0.669 ; RR ; CELL ; 1      ; IOIBUF_X54_Y18_N61 ; clk~input|o                                                                                                                           ;
;   21.018 ;   0.349 ; RR ; IC   ; 1      ; CLKCTRL_G10        ; clk~inputCLKENA0|inclk                                                                                                                ;
;   21.431 ;   0.413 ; RR ; CELL ; 11676  ; CLKCTRL_G10        ; clk~inputCLKENA0|outclk                                                                                                               ;
;   23.088 ;   1.657 ; RR ; IC   ; 1      ; FF_X41_Y15_N20     ; pipeline|desired_decimator|stage3|sample_out[10]|clk                                                                                  ;
;   23.589 ;   0.501 ; RR ; CELL ; 1      ; FF_X41_Y15_N20     ; preprocess_lms_fft_four_modes:pipeline|fir_decimator_32_dualmode:desired_decimator|fir_decimator_stage_dualmode:stage3|sample_out[10] ;
;   23.665 ;   0.076 ;    ;      ;        ;                    ; clock pessimism removed                                                                                                               ;
; 23.565   ; -0.100  ;    ;      ;        ;                    ; clock uncertainty                                                                                                                     ;
; 23.565   ; 0.000   ;    ; uTsu ; 1      ; FF_X41_Y15_N20     ; preprocess_lms_fft_four_modes:pipeline|fir_decimator_32_dualmode:desired_decimator|fir_decimator_stage_dualmode:stage3|sample_out[10] ;
+----------+---------+----+------+--------+--------------------+---------------------------------------------------------------------------------------------------------------------------------------+

----------------------------
; Extra Fitter Information ;
----------------------------
HTML report is unavailable in plain text report export.



Path #10: Setup slack is -3.091 (VIOLATED)
===============================================================================
+-----------------------------------------------------------------------------------------------------------------------------------------------------------+
; Path Summary                                                                                                                                              ;
+--------------------+--------------------------------------------------------------------------------------------------------------------------------------+
; Property           ; Value                                                                                                                                ;
+--------------------+--------------------------------------------------------------------------------------------------------------------------------------+
; From Node          ; preprocess_lms_fft_four_modes:pipeline|fir_decimator_32_dualmode:desired_decimator|fir_decimator_stage_dualmode:stage3|tap_index[1]  ;
; To Node            ; preprocess_lms_fft_four_modes:pipeline|fir_decimator_32_dualmode:desired_decimator|fir_decimator_stage_dualmode:stage3|sample_out[8] ;
; Launch Clock       ; clk                                                                                                                                  ;
; Latch Clock        ; clk                                                                                                                                  ;
; Data Arrival Time  ; 26.656                                                                                                                               ;
; Data Required Time ; 23.565                                                                                                                               ;
; Slack              ; -3.091 (VIOLATED)                                                                                                                    ;
+--------------------+--------------------------------------------------------------------------------------------------------------------------------------+

+------------------------------------------------------------------------------------+
; Statistics                                                                         ;
+------------------------+--------+-------+-------------+------------+-------+-------+
; Property               ; Value  ; Count ; Total Delay ; % of Total ; Min   ; Max   ;
+------------------------+--------+-------+-------------+------------+-------+-------+
; Setup Relationship     ; 20.000 ;       ;             ;            ;       ;       ;
; Clock Skew             ; -0.131 ;       ;             ;            ;       ;       ;
; Data Delay             ; 22.860 ;       ;             ;            ;       ;       ;
; Number of Logic Levels ;        ; 12    ;             ;            ;       ;       ;
; Physical Delays        ;        ;       ;             ;            ;       ;       ;
;  Arrival Path          ;        ;       ;             ;            ;       ;       ;
;   Clock                ;        ;       ;             ;            ;       ;       ;
;    IC                  ;        ; 3     ; 2.106       ; 55         ; 0.000 ; 1.737 ;
;    Cell                ;        ; 3     ; 1.690       ; 45         ; 0.443 ; 0.669 ;
;   Data                 ;        ;       ;             ;            ;       ;       ;
;    IC                  ;        ; 67    ; 9.810       ; 43         ; 0.000 ; 1.554 ;
;    Cell                ;        ; 68    ; 13.050      ; 57         ; 0.000 ; 3.778 ;
;    uTco                ;        ; 1     ; 0.000       ; 0          ; 0.000 ; 0.000 ;
;  Required Path         ;        ;       ;             ;            ;       ;       ;
;   Clock                ;        ;       ;             ;            ;       ;       ;
;    IC                  ;        ; 3     ; 2.006       ; 56         ; 0.000 ; 1.657 ;
;    Cell                ;        ; 3     ; 1.583       ; 44         ; 0.413 ; 0.669 ;
+------------------------+--------+-------+-------------+------------+-------+-------+
Note: Negative delays are omitted from totals when calculating percentages

+-------------------------------------------------------------------------------------------------------------------------------------------------------------------------------------------------------+
; Data Arrival Path                                                                                                                                                                                     ;
+----------+---------+----+------+--------+----------------------+--------------------------------------------------------------------------------------------------------------------------------------+
; Total    ; Incr    ; RF ; Type ; Fanout ; Location             ; Element                                                                                                                              ;
+----------+---------+----+------+--------+----------------------+--------------------------------------------------------------------------------------------------------------------------------------+
; 0.000    ; 0.000   ;    ;      ;        ;                      ; launch edge time                                                                                                                     ;
; 3.796    ; 3.796   ;    ;      ;        ;                      ; clock path                                                                                                                           ;
;   0.000  ;   0.000 ;    ;      ;        ;                      ; source latency                                                                                                                       ;
;   0.000  ;   0.000 ;    ;      ; 1      ; PIN_M16              ; clk                                                                                                                                  ;
;   0.000  ;   0.000 ; RR ; IC   ; 1      ; IOIBUF_X54_Y18_N61   ; clk~input|i                                                                                                                          ;
;   0.669  ;   0.669 ; RR ; CELL ; 1      ; IOIBUF_X54_Y18_N61   ; clk~input|o                                                                                                                          ;
;   1.038  ;   0.369 ; RR ; IC   ; 1      ; CLKCTRL_G10          ; clk~inputCLKENA0|inclk                                                                                                               ;
;   1.481  ;   0.443 ; RR ; CELL ; 11676  ; CLKCTRL_G10          ; clk~inputCLKENA0|outclk                                                                                                              ;
;   3.218  ;   1.737 ; RR ; IC   ; 1      ; FF_X40_Y20_N50       ; pipeline|desired_decimator|stage3|tap_index[1]|clk                                                                                   ;
;   3.796  ;   0.578 ; RR ; CELL ; 1      ; FF_X40_Y20_N50       ; preprocess_lms_fft_four_modes:pipeline|fir_decimator_32_dualmode:desired_decimator|fir_decimator_stage_dualmode:stage3|tap_index[1]  ;
; 26.656   ; 22.860  ;    ;      ;        ;                      ; data path                                                                                                                            ;
;   3.796  ;   0.000 ;    ; uTco ; 1      ; FF_X40_Y20_N50       ; preprocess_lms_fft_four_modes:pipeline|fir_decimator_32_dualmode:desired_decimator|fir_decimator_stage_dualmode:stage3|tap_index[1]  ;
;   3.796  ;   0.000 ; RR ; CELL ; 39     ; FF_X40_Y20_N50       ; pipeline|desired_decimator|stage3|tap_index[1]|q                                                                                     ;
;   4.434  ;   0.638 ; RR ; IC   ; 2      ; LABCELL_X41_Y20_N3   ; pipeline|desired_decimator|stage3|Add1~1|datac                                                                                       ;
;   5.255  ;   0.821 ; RF ; CELL ; 1      ; LABCELL_X41_Y20_N3   ; pipeline|desired_decimator|stage3|Add1~1|cout                                                                                        ;
;   5.255  ;   0.000 ; FF ; IC   ; 2      ; LABCELL_X41_Y20_N6   ; pipeline|desired_decimator|stage3|Add1~25|cin                                                                                        ;
;   5.612  ;   0.357 ; FR ; CELL ; 1      ; LABCELL_X41_Y20_N6   ; pipeline|desired_decimator|stage3|Add1~25|sumout                                                                                     ;
;   5.990  ;   0.378 ; RR ; IC   ; 2      ; LABCELL_X41_Y20_N30  ; pipeline|desired_decimator|stage3|Add2~17|datad                                                                                      ;
;   6.679  ;   0.689 ; RF ; CELL ; 1      ; LABCELL_X41_Y20_N30  ; pipeline|desired_decimator|stage3|Add2~17|sumout                                                                                     ;
;   6.902  ;   0.223 ; FF ; IC   ; 1      ; LABCELL_X41_Y20_N48  ; pipeline|desired_decimator|stage3|sample_history.raddr_a[2]~4|dataf                                                                  ;
;   6.983  ;   0.081 ; FF ; CELL ; 504    ; LABCELL_X41_Y20_N48  ; pipeline|desired_decimator|stage3|sample_history.raddr_a[2]~4|combout                                                                ;
;   8.537  ;   1.554 ; FF ; IC   ; 1      ; LABCELL_X40_Y23_N0   ; pipeline|desired_decimator|stage3|sample_history~2681|datad                                                                          ;
;   9.051  ;   0.514 ; FF ; CELL ; 1      ; LABCELL_X40_Y23_N0   ; pipeline|desired_decimator|stage3|sample_history~2681|combout                                                                        ;
;   10.288 ;   1.237 ; FF ; IC   ; 1      ; MLABCELL_X37_Y19_N33 ; pipeline|desired_decimator|stage3|sample_history~2685|datae                                                                          ;
;   10.645 ;   0.357 ; FF ; CELL ; 1      ; MLABCELL_X37_Y19_N33 ; pipeline|desired_decimator|stage3|sample_history~2685|combout                                                                        ;
;   10.981 ;   0.336 ; FF ; IC   ; 1      ; LABCELL_X36_Y19_N12  ; pipeline|desired_decimator|stage3|delayed_sample[15]~15|datac                                                                        ;
;   11.487 ;   0.506 ; FF ; CELL ; 1      ; LABCELL_X36_Y19_N12  ; pipeline|desired_decimator|stage3|delayed_sample[15]~15|combout                                                                      ;
;   12.363 ;   0.876 ; FF ; IC   ; 42     ; DSP_X33_Y17_N0       ; pipeline|desired_decimator|stage3|Mult0~mac|ax[15]                                                                                   ;
;   16.141 ;   3.778 ; FF ; CELL ; 1      ; DSP_X33_Y17_N0       ; pipeline|desired_decimator|stage3|Mult0~mac|resulta[5]                                                                               ;
;   17.617 ;   1.476 ; FF ; IC   ; 2      ; MLABCELL_X42_Y16_N15 ; pipeline|desired_decimator|stage3|Add3~237|datac                                                                                     ;
;   18.424 ;   0.807 ; FF ; CELL ; 1      ; MLABCELL_X42_Y16_N15 ; pipeline|desired_decimator|stage3|Add3~237|cout                                                                                      ;
;   18.424 ;   0.000 ; FF ; IC   ; 2      ; MLABCELL_X42_Y16_N18 ; pipeline|desired_decimator|stage3|Add3~233|cin                                                                                       ;
;   18.470 ;   0.046 ; FF ; CELL ; 1      ; MLABCELL_X42_Y16_N18 ; pipeline|desired_decimator|stage3|Add3~233|cout                                                                                      ;
;   18.470 ;   0.000 ; FF ; IC   ; 2      ; MLABCELL_X42_Y16_N21 ; pipeline|desired_decimator|stage3|Add3~229|cin                                                                                       ;
;   18.470 ;   0.000 ; FF ; CELL ; 1      ; MLABCELL_X42_Y16_N21 ; pipeline|desired_decimator|stage3|Add3~229|cout                                                                                      ;
;   18.470 ;   0.000 ; FF ; IC   ; 2      ; MLABCELL_X42_Y16_N24 ; pipeline|desired_decimator|stage3|Add3~225|cin                                                                                       ;
;   18.507 ;   0.037 ; FF ; CELL ; 1      ; MLABCELL_X42_Y16_N24 ; pipeline|desired_decimator|stage3|Add3~225|cout                                                                                      ;
;   18.507 ;   0.000 ; FF ; IC   ; 2      ; MLABCELL_X42_Y16_N27 ; pipeline|desired_decimator|stage3|Add3~221|cin                                                                                       ;
;   18.507 ;   0.000 ; FF ; CELL ; 1      ; MLABCELL_X42_Y16_N27 ; pipeline|desired_decimator|stage3|Add3~221|cout                                                                                      ;
;   18.507 ;   0.000 ; FF ; IC   ; 2      ; MLABCELL_X42_Y15_N0  ; pipeline|desired_decimator|stage3|Add3~217|cin                                                                                       ;
;   18.628 ;   0.121 ; FF ; CELL ; 1      ; MLABCELL_X42_Y15_N0  ; pipeline|desired_decimator|stage3|Add3~217|cout                                                                                      ;
;   18.628 ;   0.000 ; FF ; IC   ; 2      ; MLABCELL_X42_Y15_N3  ; pipeline|desired_decimator|stage3|Add3~213|cin                                                                                       ;
;   18.628 ;   0.000 ; FF ; CELL ; 1      ; MLABCELL_X42_Y15_N3  ; pipeline|desired_decimator|stage3|Add3~213|cout                                                                                      ;
;   18.628 ;   0.000 ; FF ; IC   ; 2      ; MLABCELL_X42_Y15_N6  ; pipeline|desired_decimator|stage3|Add3~209|cin                                                                                       ;
;   18.674 ;   0.046 ; FF ; CELL ; 1      ; MLABCELL_X42_Y15_N6  ; pipeline|desired_decimator|stage3|Add3~209|cout                                                                                      ;
;   18.674 ;   0.000 ; FF ; IC   ; 2      ; MLABCELL_X42_Y15_N9  ; pipeline|desired_decimator|stage3|Add3~205|cin                                                                                       ;
;   18.674 ;   0.000 ; FF ; CELL ; 1      ; MLABCELL_X42_Y15_N9  ; pipeline|desired_decimator|stage3|Add3~205|cout                                                                                      ;
;   18.674 ;   0.000 ; FF ; IC   ; 2      ; MLABCELL_X42_Y15_N12 ; pipeline|desired_decimator|stage3|Add3~201|cin                                                                                       ;
;   18.720 ;   0.046 ; FF ; CELL ; 1      ; MLABCELL_X42_Y15_N12 ; pipeline|desired_decimator|stage3|Add3~201|cout                                                                                      ;
;   18.720 ;   0.000 ; FF ; IC   ; 2      ; MLABCELL_X42_Y15_N15 ; pipeline|desired_decimator|stage3|Add3~197|cin                                                                                       ;
;   18.720 ;   0.000 ; FF ; CELL ; 1      ; MLABCELL_X42_Y15_N15 ; pipeline|desired_decimator|stage3|Add3~197|cout                                                                                      ;
;   18.720 ;   0.000 ; FF ; IC   ; 2      ; MLABCELL_X42_Y15_N18 ; pipeline|desired_decimator|stage3|Add3~189|cin                                                                                       ;
;   18.766 ;   0.046 ; FF ; CELL ; 1      ; MLABCELL_X42_Y15_N18 ; pipeline|desired_decimator|stage3|Add3~189|cout                                                                                      ;
;   18.766 ;   0.000 ; FF ; IC   ; 2      ; MLABCELL_X42_Y15_N21 ; pipeline|desired_decimator|stage3|Add3~97|cin                                                                                        ;
;   18.766 ;   0.000 ; FF ; CELL ; 1      ; MLABCELL_X42_Y15_N21 ; pipeline|desired_decimator|stage3|Add3~97|cout                                                                                       ;
;   18.766 ;   0.000 ; FF ; IC   ; 2      ; MLABCELL_X42_Y15_N24 ; pipeline|desired_decimator|stage3|Add3~101|cin                                                                                       ;
;   18.823 ;   0.057 ; FF ; CELL ; 1      ; MLABCELL_X42_Y15_N24 ; pipeline|desired_decimator|stage3|Add3~101|cout                                                                                      ;
;   18.823 ;   0.000 ; FF ; IC   ; 2      ; MLABCELL_X42_Y15_N27 ; pipeline|desired_decimator|stage3|Add3~105|cin                                                                                       ;
;   18.823 ;   0.000 ; FF ; CELL ; 1      ; MLABCELL_X42_Y15_N27 ; pipeline|desired_decimator|stage3|Add3~105|cout                                                                                      ;
;   18.823 ;   0.000 ; FF ; IC   ; 2      ; MLABCELL_X42_Y15_N30 ; pipeline|desired_decimator|stage3|Add3~109|cin                                                                                       ;
;   18.939 ;   0.116 ; FF ; CELL ; 1      ; MLABCELL_X42_Y15_N30 ; pipeline|desired_decimator|stage3|Add3~109|cout                                                                                      ;
;   18.939 ;   0.000 ; FF ; IC   ; 2      ; MLABCELL_X42_Y15_N33 ; pipeline|desired_decimator|stage3|Add3~113|cin                                                                                       ;
;   18.939 ;   0.000 ; FF ; CELL ; 1      ; MLABCELL_X42_Y15_N33 ; pipeline|desired_decimator|stage3|Add3~113|cout                                                                                      ;
;   18.939 ;   0.000 ; FF ; IC   ; 2      ; MLABCELL_X42_Y15_N36 ; pipeline|desired_decimator|stage3|Add3~117|cin                                                                                       ;
;   18.985 ;   0.046 ; FF ; CELL ; 1      ; MLABCELL_X42_Y15_N36 ; pipeline|desired_decimator|stage3|Add3~117|cout                                                                                      ;
;   18.985 ;   0.000 ; FF ; IC   ; 2      ; MLABCELL_X42_Y15_N39 ; pipeline|desired_decimator|stage3|Add3~121|cin                                                                                       ;
;   18.985 ;   0.000 ; FF ; CELL ; 1      ; MLABCELL_X42_Y15_N39 ; pipeline|desired_decimator|stage3|Add3~121|cout                                                                                      ;
;   18.985 ;   0.000 ; FF ; IC   ; 2      ; MLABCELL_X42_Y15_N42 ; pipeline|desired_decimator|stage3|Add3~125|cin                                                                                       ;
;   19.031 ;   0.046 ; FF ; CELL ; 1      ; MLABCELL_X42_Y15_N42 ; pipeline|desired_decimator|stage3|Add3~125|cout                                                                                      ;
;   19.031 ;   0.000 ; FF ; IC   ; 2      ; MLABCELL_X42_Y15_N45 ; pipeline|desired_decimator|stage3|Add3~129|cin                                                                                       ;
;   19.031 ;   0.000 ; FF ; CELL ; 1      ; MLABCELL_X42_Y15_N45 ; pipeline|desired_decimator|stage3|Add3~129|cout                                                                                      ;
;   19.031 ;   0.000 ; FF ; IC   ; 2      ; MLABCELL_X42_Y15_N48 ; pipeline|desired_decimator|stage3|Add3~133|cin                                                                                       ;
;   19.077 ;   0.046 ; FF ; CELL ; 1      ; MLABCELL_X42_Y15_N48 ; pipeline|desired_decimator|stage3|Add3~133|cout                                                                                      ;
;   19.077 ;   0.000 ; FF ; IC   ; 2      ; MLABCELL_X42_Y15_N51 ; pipeline|desired_decimator|stage3|Add3~137|cin                                                                                       ;
;   19.077 ;   0.000 ; FF ; CELL ; 1      ; MLABCELL_X42_Y15_N51 ; pipeline|desired_decimator|stage3|Add3~137|cout                                                                                      ;
;   19.077 ;   0.000 ; FF ; IC   ; 2      ; MLABCELL_X42_Y15_N54 ; pipeline|desired_decimator|stage3|Add3~141|cin                                                                                       ;
;   19.122 ;   0.045 ; FF ; CELL ; 1      ; MLABCELL_X42_Y15_N54 ; pipeline|desired_decimator|stage3|Add3~141|cout                                                                                      ;
;   19.122 ;   0.000 ; FF ; IC   ; 2      ; MLABCELL_X42_Y15_N57 ; pipeline|desired_decimator|stage3|Add3~145|cin                                                                                       ;
;   19.122 ;   0.000 ; FF ; CELL ; 1      ; MLABCELL_X42_Y15_N57 ; pipeline|desired_decimator|stage3|Add3~145|cout                                                                                      ;
;   19.122 ;   0.000 ; FF ; IC   ; 2      ; MLABCELL_X42_Y14_N0  ; pipeline|desired_decimator|stage3|Add3~149|cin                                                                                       ;
;   19.243 ;   0.121 ; FF ; CELL ; 1      ; MLABCELL_X42_Y14_N0  ; pipeline|desired_decimator|stage3|Add3~149|cout                                                                                      ;
;   19.243 ;   0.000 ; FF ; IC   ; 2      ; MLABCELL_X42_Y14_N3  ; pipeline|desired_decimator|stage3|Add3~153|cin                                                                                       ;
;   19.243 ;   0.000 ; FF ; CELL ; 1      ; MLABCELL_X42_Y14_N3  ; pipeline|desired_decimator|stage3|Add3~153|cout                                                                                      ;
;   19.243 ;   0.000 ; FF ; IC   ; 2      ; MLABCELL_X42_Y14_N6  ; pipeline|desired_decimator|stage3|Add3~157|cin                                                                                       ;
;   19.289 ;   0.046 ; FF ; CELL ; 1      ; MLABCELL_X42_Y14_N6  ; pipeline|desired_decimator|stage3|Add3~157|cout                                                                                      ;
;   19.289 ;   0.000 ; FF ; IC   ; 2      ; MLABCELL_X42_Y14_N9  ; pipeline|desired_decimator|stage3|Add3~161|cin                                                                                       ;
;   19.289 ;   0.000 ; FF ; CELL ; 1      ; MLABCELL_X42_Y14_N9  ; pipeline|desired_decimator|stage3|Add3~161|cout                                                                                      ;
;   19.289 ;   0.000 ; FF ; IC   ; 2      ; MLABCELL_X42_Y14_N12 ; pipeline|desired_decimator|stage3|Add3~165|cin                                                                                       ;
;   19.335 ;   0.046 ; FF ; CELL ; 1      ; MLABCELL_X42_Y14_N12 ; pipeline|desired_decimator|stage3|Add3~165|cout                                                                                      ;
;   19.335 ;   0.000 ; FF ; IC   ; 2      ; MLABCELL_X42_Y14_N15 ; pipeline|desired_decimator|stage3|Add3~169|cin                                                                                       ;
;   19.335 ;   0.000 ; FF ; CELL ; 1      ; MLABCELL_X42_Y14_N15 ; pipeline|desired_decimator|stage3|Add3~169|cout                                                                                      ;
;   19.335 ;   0.000 ; FF ; IC   ; 2      ; MLABCELL_X42_Y14_N18 ; pipeline|desired_decimator|stage3|Add3~173|cin                                                                                       ;
;   19.381 ;   0.046 ; FF ; CELL ; 1      ; MLABCELL_X42_Y14_N18 ; pipeline|desired_decimator|stage3|Add3~173|cout                                                                                      ;
;   19.381 ;   0.000 ; FF ; IC   ; 2      ; MLABCELL_X42_Y14_N21 ; pipeline|desired_decimator|stage3|Add3~177|cin                                                                                       ;
;   19.381 ;   0.000 ; FF ; CELL ; 1      ; MLABCELL_X42_Y14_N21 ; pipeline|desired_decimator|stage3|Add3~177|cout                                                                                      ;
;   19.381 ;   0.000 ; FF ; IC   ; 2      ; MLABCELL_X42_Y14_N24 ; pipeline|desired_decimator|stage3|Add3~181|cin                                                                                       ;
;   19.438 ;   0.057 ; FF ; CELL ; 1      ; MLABCELL_X42_Y14_N24 ; pipeline|desired_decimator|stage3|Add3~181|cout                                                                                      ;
;   19.438 ;   0.000 ; FF ; IC   ; 2      ; MLABCELL_X42_Y14_N27 ; pipeline|desired_decimator|stage3|Add3~185|cin                                                                                       ;
;   19.438 ;   0.000 ; FF ; CELL ; 1      ; MLABCELL_X42_Y14_N27 ; pipeline|desired_decimator|stage3|Add3~185|cout                                                                                      ;
;   19.438 ;   0.000 ; FF ; IC   ; 2      ; MLABCELL_X42_Y14_N30 ; pipeline|desired_decimator|stage3|Add3~73|cin                                                                                        ;
;   19.554 ;   0.116 ; FF ; CELL ; 1      ; MLABCELL_X42_Y14_N30 ; pipeline|desired_decimator|stage3|Add3~73|cout                                                                                       ;
;   19.554 ;   0.000 ; FF ; IC   ; 2      ; MLABCELL_X42_Y14_N33 ; pipeline|desired_decimator|stage3|Add3~77|cin                                                                                        ;
;   19.554 ;   0.000 ; FF ; CELL ; 1      ; MLABCELL_X42_Y14_N33 ; pipeline|desired_decimator|stage3|Add3~77|cout                                                                                       ;
;   19.554 ;   0.000 ; FF ; IC   ; 2      ; MLABCELL_X42_Y14_N36 ; pipeline|desired_decimator|stage3|Add3~81|cin                                                                                        ;
;   19.600 ;   0.046 ; FF ; CELL ; 1      ; MLABCELL_X42_Y14_N36 ; pipeline|desired_decimator|stage3|Add3~81|cout                                                                                       ;
;   19.600 ;   0.000 ; FF ; IC   ; 2      ; MLABCELL_X42_Y14_N39 ; pipeline|desired_decimator|stage3|Add3~85|cin                                                                                        ;
;   19.600 ;   0.000 ; FF ; CELL ; 1      ; MLABCELL_X42_Y14_N39 ; pipeline|desired_decimator|stage3|Add3~85|cout                                                                                       ;
;   19.600 ;   0.000 ; FF ; IC   ; 2      ; MLABCELL_X42_Y14_N42 ; pipeline|desired_decimator|stage3|Add3~65|cin                                                                                        ;
;   19.646 ;   0.046 ; FF ; CELL ; 1      ; MLABCELL_X42_Y14_N42 ; pipeline|desired_decimator|stage3|Add3~65|cout                                                                                       ;
;   19.646 ;   0.000 ; FF ; IC   ; 2      ; MLABCELL_X42_Y14_N45 ; pipeline|desired_decimator|stage3|Add3~69|cin                                                                                        ;
;   19.646 ;   0.000 ; FF ; CELL ; 1      ; MLABCELL_X42_Y14_N45 ; pipeline|desired_decimator|stage3|Add3~69|cout                                                                                       ;
;   19.646 ;   0.000 ; FF ; IC   ; 2      ; MLABCELL_X42_Y14_N48 ; pipeline|desired_decimator|stage3|Add3~57|cin                                                                                        ;
;   19.692 ;   0.046 ; FF ; CELL ; 1      ; MLABCELL_X42_Y14_N48 ; pipeline|desired_decimator|stage3|Add3~57|cout                                                                                       ;
;   19.692 ;   0.000 ; FF ; IC   ; 2      ; MLABCELL_X42_Y14_N51 ; pipeline|desired_decimator|stage3|Add3~61|cin                                                                                        ;
;   19.692 ;   0.000 ; FF ; CELL ; 1      ; MLABCELL_X42_Y14_N51 ; pipeline|desired_decimator|stage3|Add3~61|cout                                                                                       ;
;   19.692 ;   0.000 ; FF ; IC   ; 2      ; MLABCELL_X42_Y14_N54 ; pipeline|desired_decimator|stage3|Add3~49|cin                                                                                        ;
;   20.058 ;   0.366 ; FF ; CELL ; 3      ; MLABCELL_X42_Y14_N54 ; pipeline|desired_decimator|stage3|Add3~49|sumout                                                                                     ;
;   20.897 ;   0.839 ; FF ; IC   ; 2      ; LABCELL_X41_Y13_N6   ; pipeline|desired_decimator|stage3|Add7~45|datac                                                                                      ;
;   21.742 ;   0.845 ; FF ; CELL ; 1      ; LABCELL_X41_Y13_N6   ; pipeline|desired_decimator|stage3|Add7~45|cout                                                                                       ;
;   21.742 ;   0.000 ; FF ; IC   ; 2      ; LABCELL_X41_Y13_N9   ; pipeline|desired_decimator|stage3|Add7~49|cin                                                                                        ;
;   21.742 ;   0.000 ; FF ; CELL ; 1      ; LABCELL_X41_Y13_N9   ; pipeline|desired_decimator|stage3|Add7~49|cout                                                                                       ;
;   21.742 ;   0.000 ; FF ; IC   ; 2      ; LABCELL_X41_Y13_N12  ; pipeline|desired_decimator|stage3|Add7~37|cin                                                                                        ;
;   21.788 ;   0.046 ; FF ; CELL ; 1      ; LABCELL_X41_Y13_N12  ; pipeline|desired_decimator|stage3|Add7~37|cout                                                                                       ;
;   21.788 ;   0.000 ; FF ; IC   ; 2      ; LABCELL_X41_Y13_N15  ; pipeline|desired_decimator|stage3|Add7~41|cin                                                                                        ;
;   21.788 ;   0.000 ; FF ; CELL ; 1      ; LABCELL_X41_Y13_N15  ; pipeline|desired_decimator|stage3|Add7~41|cout                                                                                       ;
;   21.788 ;   0.000 ; FF ; IC   ; 2      ; LABCELL_X41_Y13_N18  ; pipeline|desired_decimator|stage3|Add7~93|cin                                                                                        ;
;   21.834 ;   0.046 ; FF ; CELL ; 1      ; LABCELL_X41_Y13_N18  ; pipeline|desired_decimator|stage3|Add7~93|cout                                                                                       ;
;   21.834 ;   0.000 ; FF ; IC   ; 2      ; LABCELL_X41_Y13_N21  ; pipeline|desired_decimator|stage3|Add7~97|cin                                                                                        ;
;   21.834 ;   0.000 ; FF ; CELL ; 1      ; LABCELL_X41_Y13_N21  ; pipeline|desired_decimator|stage3|Add7~97|cout                                                                                       ;
;   21.834 ;   0.000 ; FF ; IC   ; 2      ; LABCELL_X41_Y13_N24  ; pipeline|desired_decimator|stage3|Add7~13|cin                                                                                        ;
;   21.892 ;   0.058 ; FF ; CELL ; 1      ; LABCELL_X41_Y13_N24  ; pipeline|desired_decimator|stage3|Add7~13|cout                                                                                       ;
;   21.892 ;   0.000 ; FF ; IC   ; 2      ; LABCELL_X41_Y13_N27  ; pipeline|desired_decimator|stage3|Add7~17|cin                                                                                        ;
;   21.892 ;   0.000 ; FF ; CELL ; 1      ; LABCELL_X41_Y13_N27  ; pipeline|desired_decimator|stage3|Add7~17|cout                                                                                       ;
;   21.892 ;   0.000 ; FF ; IC   ; 2      ; LABCELL_X41_Y13_N30  ; pipeline|desired_decimator|stage3|Add7~29|cin                                                                                        ;
;   22.011 ;   0.119 ; FF ; CELL ; 1      ; LABCELL_X41_Y13_N30  ; pipeline|desired_decimator|stage3|Add7~29|cout                                                                                       ;
;   22.011 ;   0.000 ; FF ; IC   ; 2      ; LABCELL_X41_Y13_N33  ; pipeline|desired_decimator|stage3|Add7~33|cin                                                                                        ;
;   22.011 ;   0.000 ; FF ; CELL ; 1      ; LABCELL_X41_Y13_N33  ; pipeline|desired_decimator|stage3|Add7~33|cout                                                                                       ;
;   22.011 ;   0.000 ; FF ; IC   ; 2      ; LABCELL_X41_Y13_N36  ; pipeline|desired_decimator|stage3|Add7~5|cin                                                                                         ;
;   22.374 ;   0.363 ; FF ; CELL ; 3      ; LABCELL_X41_Y13_N36  ; pipeline|desired_decimator|stage3|Add7~5|sumout                                                                                      ;
;   22.906 ;   0.532 ; FF ; IC   ; 1      ; LABCELL_X44_Y13_N30  ; pipeline|desired_decimator|stage3|sample_out[8]~63|datac                                                                             ;
;   23.394 ;   0.488 ; FF ; CELL ; 1      ; LABCELL_X44_Y13_N30  ; pipeline|desired_decimator|stage3|sample_out[8]~63|combout                                                                           ;
;   23.632 ;   0.238 ; FF ; IC   ; 1      ; LABCELL_X44_Y13_N24  ; pipeline|desired_decimator|stage3|sample_out[8]~4|datad                                                                              ;
;   24.146 ;   0.514 ; FF ; CELL ; 1      ; LABCELL_X44_Y13_N24  ; pipeline|desired_decimator|stage3|sample_out[8]~4|combout                                                                            ;
;   24.735 ;   0.589 ; FF ; IC   ; 1      ; LABCELL_X44_Y14_N24  ; pipeline|desired_decimator|stage3|sample_out[8]~14|datae                                                                             ;
;   24.967 ;   0.232 ; FR ; CELL ; 23     ; LABCELL_X44_Y14_N24  ; pipeline|desired_decimator|stage3|sample_out[8]~14|combout                                                                           ;
;   25.861 ;   0.894 ; RR ; IC   ; 1      ; FF_X41_Y15_N26       ; pipeline|desired_decimator|stage3|sample_out[8]|sclr                                                                                 ;
;   26.656 ;   0.795 ; RF ; CELL ; 1      ; FF_X41_Y15_N26       ; preprocess_lms_fft_four_modes:pipeline|fir_decimator_32_dualmode:desired_decimator|fir_decimator_stage_dualmode:stage3|sample_out[8] ;
+----------+---------+----+------+--------+----------------------+--------------------------------------------------------------------------------------------------------------------------------------+

+-----------------------------------------------------------------------------------------------------------------------------------------------------------------------------------------------------+
; Data Required Path                                                                                                                                                                                  ;
+----------+---------+----+------+--------+--------------------+--------------------------------------------------------------------------------------------------------------------------------------+
; Total    ; Incr    ; RF ; Type ; Fanout ; Location           ; Element                                                                                                                              ;
+----------+---------+----+------+--------+--------------------+--------------------------------------------------------------------------------------------------------------------------------------+
; 20.000   ; 20.000  ;    ;      ;        ;                    ; latch edge time                                                                                                                      ;
; 23.665   ; 3.665   ;    ;      ;        ;                    ; clock path                                                                                                                           ;
;   20.000 ;   0.000 ;    ;      ;        ;                    ; source latency                                                                                                                       ;
;   20.000 ;   0.000 ;    ;      ; 1      ; PIN_M16            ; clk                                                                                                                                  ;
;   20.000 ;   0.000 ; RR ; IC   ; 1      ; IOIBUF_X54_Y18_N61 ; clk~input|i                                                                                                                          ;
;   20.669 ;   0.669 ; RR ; CELL ; 1      ; IOIBUF_X54_Y18_N61 ; clk~input|o                                                                                                                          ;
;   21.018 ;   0.349 ; RR ; IC   ; 1      ; CLKCTRL_G10        ; clk~inputCLKENA0|inclk                                                                                                               ;
;   21.431 ;   0.413 ; RR ; CELL ; 11676  ; CLKCTRL_G10        ; clk~inputCLKENA0|outclk                                                                                                              ;
;   23.088 ;   1.657 ; RR ; IC   ; 1      ; FF_X41_Y15_N26     ; pipeline|desired_decimator|stage3|sample_out[8]|clk                                                                                  ;
;   23.589 ;   0.501 ; RR ; CELL ; 1      ; FF_X41_Y15_N26     ; preprocess_lms_fft_four_modes:pipeline|fir_decimator_32_dualmode:desired_decimator|fir_decimator_stage_dualmode:stage3|sample_out[8] ;
;   23.665 ;   0.076 ;    ;      ;        ;                    ; clock pessimism removed                                                                                                              ;
; 23.565   ; -0.100  ;    ;      ;        ;                    ; clock uncertainty                                                                                                                    ;
; 23.565   ; 0.000   ;    ; uTsu ; 1      ; FF_X41_Y15_N26     ; preprocess_lms_fft_four_modes:pipeline|fir_decimator_32_dualmode:desired_decimator|fir_decimator_stage_dualmode:stage3|sample_out[8] ;
+----------+---------+----+------+--------+--------------------+--------------------------------------------------------------------------------------------------------------------------------------+

----------------------------
; Extra Fitter Information ;
----------------------------
HTML report is unavailable in plain text report export.



