Analysis & Synthesis report for FFT
Fri Aug 14 16:37:41 2026
Quartus Prime Version 25.1std.0 Build 1129 10/21/2025 SC Lite Edition


---------------------
; Table of Contents ;
---------------------
  1. Legal Notice
  2. Analysis & Synthesis Summary
  3. Analysis & Synthesis Settings
  4. Parallel Compilation
  5. Analysis & Synthesis Source Files Read
  6. Analysis & Synthesis Resource Usage Summary
  7. Analysis & Synthesis Resource Utilization by Entity
  8. Analysis & Synthesis DSP Block Usage Summary
  9. State Machine - |quartus_pipeline_q915_no_lms_top|preprocess_lms_fft_four_modes:pipeline|loader_state
 10. State Machine - |quartus_pipeline_q915_no_lms_top|preprocess_lms_fft_four_modes:pipeline|fft_64_dualmode:fft_core|state
 11. State Machine - |quartus_pipeline_q915_no_lms_top|preprocess_lms_fft_four_modes:pipeline|fir_decimator_32_dualmode:desired_decimator|fir_decimator_stage_dualmode:stage3|state
 12. State Machine - |quartus_pipeline_q915_no_lms_top|preprocess_lms_fft_four_modes:pipeline|fir_decimator_32_dualmode:desired_decimator|fir_decimator_stage_dualmode:stage2|state
 13. State Machine - |quartus_pipeline_q915_no_lms_top|preprocess_lms_fft_four_modes:pipeline|fir_decimator_32_dualmode:desired_decimator|fir_decimator_stage_dualmode:stage1|state
 14. Registers Removed During Synthesis
 15. General Register Statistics
 16. Multiplexer Restructuring Statistics (Restructuring Performed)
 17. Parameter Settings for User Entity Instance: preprocess_lms_fft_four_modes:pipeline
 18. Parameter Settings for User Entity Instance: preprocess_lms_fft_four_modes:pipeline|fir_decimator_32_dualmode:desired_decimator
 19. Parameter Settings for User Entity Instance: preprocess_lms_fft_four_modes:pipeline|fir_decimator_32_dualmode:desired_decimator|fir_decimator_stage_dualmode:stage1
 20. Parameter Settings for User Entity Instance: preprocess_lms_fft_four_modes:pipeline|fir_decimator_32_dualmode:desired_decimator|fir_decimator_stage_dualmode:stage1|fir_coeff_rom_dualmode:coefficient_rom
 21. Parameter Settings for User Entity Instance: preprocess_lms_fft_four_modes:pipeline|fir_decimator_32_dualmode:desired_decimator|fir_decimator_stage_dualmode:stage2
 22. Parameter Settings for User Entity Instance: preprocess_lms_fft_four_modes:pipeline|fir_decimator_32_dualmode:desired_decimator|fir_decimator_stage_dualmode:stage2|fir_coeff_rom_dualmode:coefficient_rom
 23. Parameter Settings for User Entity Instance: preprocess_lms_fft_four_modes:pipeline|fir_decimator_32_dualmode:desired_decimator|fir_decimator_stage_dualmode:stage3
 24. Parameter Settings for User Entity Instance: preprocess_lms_fft_four_modes:pipeline|fir_decimator_32_dualmode:desired_decimator|fir_decimator_stage_dualmode:stage3|fir_coeff_rom_dualmode:coefficient_rom
 25. Parameter Settings for User Entity Instance: preprocess_lms_fft_four_modes:pipeline|sample_buffer_64_hop_dualmode:frame_buffer
 26. Parameter Settings for User Entity Instance: preprocess_lms_fft_four_modes:pipeline|mean_remover_64_dualmode:mean_remover
 27. Parameter Settings for User Entity Instance: preprocess_lms_fft_four_modes:pipeline|hann_window_64_dualmode:hann_window
 28. Parameter Settings for User Entity Instance: preprocess_lms_fft_four_modes:pipeline|fft_64_dualmode:fft_core
 29. Parameter Settings for User Entity Instance: preprocess_lms_fft_four_modes:pipeline|fft_64_dualmode:fft_core|dual_port_ram:real_memory
 30. Parameter Settings for User Entity Instance: preprocess_lms_fft_four_modes:pipeline|fft_64_dualmode:fft_core|dual_port_ram:imag_memory
 31. Port Connectivity Checks: "preprocess_lms_fft_four_modes:pipeline|fft_64_dualmode:fft_core"
 32. Port Connectivity Checks: "preprocess_lms_fft_four_modes:pipeline|hann_window_64_dualmode:hann_window"
 33. Port Connectivity Checks: "preprocess_lms_fft_four_modes:pipeline|mean_remover_64_dualmode:mean_remover"
 34. Port Connectivity Checks: "preprocess_lms_fft_four_modes:pipeline|sample_buffer_64_hop_dualmode:frame_buffer"
 35. Port Connectivity Checks: "preprocess_lms_fft_four_modes:pipeline|fir_decimator_32_dualmode:desired_decimator|fir_decimator_stage_dualmode:stage1|fir_coeff_rom_dualmode:coefficient_rom"
 36. Port Connectivity Checks: "preprocess_lms_fft_four_modes:pipeline"
 37. Post-Synthesis Netlist Statistics for Top Partition
 38. Elapsed Time Per Partition
 39. Analysis & Synthesis Messages



----------------
; Legal Notice ;
----------------
Copyright (C) 2025  Altera Corporation. All rights reserved.
Your use of Altera Corporation's design tools, logic functions 
and other software and tools, and any partner logic 
functions, and any output files from any of the foregoing 
(including device programming or simulation files), and any 
associated documentation or information are expressly subject 
to the terms and conditions of the Altera Program License 
Subscription Agreement, the Altera Quartus Prime License Agreement,
the Altera IP License Agreement, or other applicable license
agreement, including, without limitation, that your use is for
the sole purpose of programming logic devices manufactured by
Altera and sold by Altera or its authorized distributors.  Please
refer to the Altera Software License Subscription Agreements 
on the Quartus Prime software download page.



+-----------------------------------------------------------------------------------+
; Analysis & Synthesis Summary                                                      ;
+---------------------------------+-------------------------------------------------+
; Analysis & Synthesis Status     ; Successful - Fri Aug 14 16:37:40 2026           ;
; Quartus Prime Version           ; 25.1std.0 Build 1129 10/21/2025 SC Lite Edition ;
; Revision Name                   ; FFT                                             ;
; Top-level Entity Name           ; quartus_pipeline_q915_no_lms_top                ;
; Family                          ; Cyclone V                                       ;
; Logic utilization (in ALMs)     ; N/A                                             ;
; Total registers                 ; 11750                                           ;
; Total pins                      ; 93                                              ;
; Total virtual pins              ; 0                                               ;
; Total block memory bits         ; 0                                               ;
; Total DSP Blocks                ; 8                                               ;
; Total HSSI RX PCSs              ; 0                                               ;
; Total HSSI PMA RX Deserializers ; 0                                               ;
; Total HSSI TX PCSs              ; 0                                               ;
; Total HSSI PMA TX Serializers   ; 0                                               ;
; Total PLLs                      ; 0                                               ;
; Total DLLs                      ; 0                                               ;
+---------------------------------+-------------------------------------------------+


+-----------------------------------------------------------------------------------------------------------------------------------------+
; Analysis & Synthesis Settings                                                                                                           ;
+---------------------------------------------------------------------------------+----------------------------------+--------------------+
; Option                                                                          ; Setting                          ; Default Value      ;
+---------------------------------------------------------------------------------+----------------------------------+--------------------+
; Device                                                                          ; 5CEBA4F23C7                      ;                    ;
; Top-level entity name                                                           ; quartus_pipeline_q915_no_lms_top ; FFT                ;
; Family name                                                                     ; Cyclone V                        ; Cyclone V          ;
; Use smart compilation                                                           ; Off                              ; Off                ;
; Enable parallel Assembler and Timing Analyzer during compilation                ; On                               ; On                 ;
; Enable compact report table                                                     ; Off                              ; Off                ;
; Restructure Multiplexers                                                        ; Auto                             ; Auto               ;
; MLAB Add Timing Constraints For Mixed-Port Feed-Through Mode Setting Don't Care ; Off                              ; Off                ;
; Create Debugging Nodes for IP Cores                                             ; Off                              ; Off                ;
; Preserve fewer node names                                                       ; On                               ; On                 ;
; Intel FPGA IP Evaluation Mode                                                   ; Enable                           ; Enable             ;
; Verilog Version                                                                 ; Verilog_2001                     ; Verilog_2001       ;
; VHDL Version                                                                    ; VHDL_1993                        ; VHDL_1993          ;
; State Machine Processing                                                        ; Auto                             ; Auto               ;
; Safe State Machine                                                              ; Off                              ; Off                ;
; Extract Verilog State Machines                                                  ; On                               ; On                 ;
; Extract VHDL State Machines                                                     ; On                               ; On                 ;
; Ignore Verilog initial constructs                                               ; Off                              ; Off                ;
; Iteration limit for constant Verilog loops                                      ; 5000                             ; 5000               ;
; Iteration limit for non-constant Verilog loops                                  ; 250                              ; 250                ;
; Add Pass-Through Logic to Inferred RAMs                                         ; On                               ; On                 ;
; Infer RAMs from Raw Logic                                                       ; On                               ; On                 ;
; Parallel Synthesis                                                              ; On                               ; On                 ;
; DSP Block Balancing                                                             ; Auto                             ; Auto               ;
; NOT Gate Push-Back                                                              ; On                               ; On                 ;
; Power-Up Don't Care                                                             ; On                               ; On                 ;
; Remove Redundant Logic Cells                                                    ; Off                              ; Off                ;
; Remove Duplicate Registers                                                      ; On                               ; On                 ;
; Ignore CARRY Buffers                                                            ; Off                              ; Off                ;
; Ignore CASCADE Buffers                                                          ; Off                              ; Off                ;
; Ignore GLOBAL Buffers                                                           ; Off                              ; Off                ;
; Ignore ROW GLOBAL Buffers                                                       ; Off                              ; Off                ;
; Ignore LCELL Buffers                                                            ; Off                              ; Off                ;
; Ignore SOFT Buffers                                                             ; On                               ; On                 ;
; Limit AHDL Integers to 32 Bits                                                  ; Off                              ; Off                ;
; Optimization Technique                                                          ; Balanced                         ; Balanced           ;
; Carry Chain Length                                                              ; 70                               ; 70                 ;
; Auto Carry Chains                                                               ; On                               ; On                 ;
; Auto Open-Drain Pins                                                            ; On                               ; On                 ;
; Perform WYSIWYG Primitive Resynthesis                                           ; Off                              ; Off                ;
; Auto ROM Replacement                                                            ; On                               ; On                 ;
; Auto RAM Replacement                                                            ; On                               ; On                 ;
; Auto DSP Block Replacement                                                      ; On                               ; On                 ;
; Auto Shift Register Replacement                                                 ; Auto                             ; Auto               ;
; Allow Shift Register Merging across Hierarchies                                 ; Auto                             ; Auto               ;
; Auto Clock Enable Replacement                                                   ; On                               ; On                 ;
; Strict RAM Replacement                                                          ; Off                              ; Off                ;
; Allow Synchronous Control Signals                                               ; On                               ; On                 ;
; Force Use of Synchronous Clear Signals                                          ; Off                              ; Off                ;
; Auto Resource Sharing                                                           ; Off                              ; Off                ;
; Allow Any RAM Size For Recognition                                              ; Off                              ; Off                ;
; Allow Any ROM Size For Recognition                                              ; Off                              ; Off                ;
; Allow Any Shift Register Size For Recognition                                   ; Off                              ; Off                ;
; Use LogicLock Constraints during Resource Balancing                             ; On                               ; On                 ;
; Ignore translate_off and synthesis_off directives                               ; Off                              ; Off                ;
; Timing-Driven Synthesis                                                         ; On                               ; On                 ;
; Report Parameter Settings                                                       ; On                               ; On                 ;
; Report Source Assignments                                                       ; On                               ; On                 ;
; Report Connectivity Checks                                                      ; On                               ; On                 ;
; Ignore Maximum Fan-Out Assignments                                              ; Off                              ; Off                ;
; Synchronization Register Chain Length                                           ; 3                                ; 3                  ;
; Power Optimization During Synthesis                                             ; Normal compilation               ; Normal compilation ;
; HDL message level                                                               ; Level2                           ; Level2             ;
; Suppress Register Optimization Related Messages                                 ; Off                              ; Off                ;
; Number of Removed Registers Reported in Synthesis Report                        ; 5000                             ; 5000               ;
; Number of Swept Nodes Reported in Synthesis Report                              ; 5000                             ; 5000               ;
; Number of Inverted Registers Reported in Synthesis Report                       ; 100                              ; 100                ;
; Clock MUX Protection                                                            ; On                               ; On                 ;
; Auto Gated Clock Conversion                                                     ; Off                              ; Off                ;
; Block Design Naming                                                             ; Auto                             ; Auto               ;
; SDC constraint protection                                                       ; Off                              ; Off                ;
; Synthesis Effort                                                                ; Auto                             ; Auto               ;
; Shift Register Replacement - Allow Asynchronous Clear Signal                    ; On                               ; On                 ;
; Pre-Mapping Resynthesis Optimization                                            ; Off                              ; Off                ;
; Analysis & Synthesis Message Level                                              ; Medium                           ; Medium             ;
; Disable Register Merging Across Hierarchies                                     ; Auto                             ; Auto               ;
; Resource Aware Inference For Block RAM                                          ; On                               ; On                 ;
; Automatic Parallel Synthesis                                                    ; On                               ; On                 ;
; Partial Reconfiguration Bitstream ID                                            ; Off                              ; Off                ;
+---------------------------------------------------------------------------------+----------------------------------+--------------------+


+------------------------------------------+
; Parallel Compilation                     ;
+----------------------------+-------------+
; Processors                 ; Number      ;
+----------------------------+-------------+
; Number detected on machine ; 16          ;
; Maximum allowed            ; 16          ;
;                            ;             ;
; Average used               ; 1.02        ;
; Maximum used               ; 16          ;
;                            ;             ;
; Usage by Processor         ; % Time Used ;
;     Processor 1            ; 100.0%      ;
;     Processor 2            ;   0.5%      ;
;     Processor 3            ;   0.1%      ;
;     Processor 4            ;   0.1%      ;
;     Processor 5            ;   0.1%      ;
;     Processor 6            ;   0.1%      ;
;     Processor 7            ;   0.1%      ;
;     Processor 8            ;   0.1%      ;
;     Processor 9            ;   0.1%      ;
;     Processor 10           ;   0.1%      ;
;     Processor 11           ;   0.1%      ;
;     Processor 12           ;   0.1%      ;
;     Processor 13           ;   0.1%      ;
;     Processor 14           ;   0.1%      ;
;     Processor 15           ;   0.1%      ;
;     Processor 16           ;   0.1%      ;
+----------------------------+-------------+


+--------------------------------------------------------------------------------------------------------------------------------------------------------------------------------------------------------------------------------+
; Analysis & Synthesis Source Files Read                                                                                                                                                                                         ;
+-----------------------------------------------------+-----------------+------------------------------+---------------------------------------------------------------------------------------------------------------+---------+
; File Name with User-Entered Path                    ; Used in Netlist ; File Type                    ; File Name with Absolute Path                                                                                  ; Library ;
+-----------------------------------------------------+-----------------+------------------------------+---------------------------------------------------------------------------------------------------------------+---------+
; ../rtl/preprocessing/fir_coeff_rom_dualmode.v       ; yes             ; User Verilog HDL File        ; /home/cidigital/Documents/PBL_14_agosto/model_sim_four_modes/rtl/preprocessing/fir_coeff_rom_dualmode.v       ;         ;
; ../rtl/pipeline/preprocess_lms_fft_four_modes.sv    ; yes             ; User SystemVerilog HDL File  ; /home/cidigital/Documents/PBL_14_agosto/model_sim_four_modes/rtl/pipeline/preprocess_lms_fft_four_modes.sv    ;         ;
; ../rtl/fft/fft_coeff_rom_64.v                       ; yes             ; User Verilog HDL File        ; /home/cidigital/Documents/PBL_14_agosto/model_sim_four_modes/rtl/fft/fft_coeff_rom_64.v                       ;         ;
; ../rtl/fft/dual_port_ram.v                          ; yes             ; User Verilog HDL File        ; /home/cidigital/Documents/PBL_14_agosto/model_sim_four_modes/rtl/fft/dual_port_ram.v                          ;         ;
; ../rtl/fft/fft_64_dualmode.v                        ; yes             ; User Verilog HDL File        ; /home/cidigital/Documents/PBL_14_agosto/model_sim_four_modes/rtl/fft/fft_64_dualmode.v                        ;         ;
; ../rtl/windowing/mean_remover_64_dualmode.v         ; yes             ; User Verilog HDL File        ; /home/cidigital/Documents/PBL_14_agosto/model_sim_four_modes/rtl/windowing/mean_remover_64_dualmode.v         ;         ;
; ../rtl/windowing/hann_window_64_dualmode.v          ; yes             ; User Verilog HDL File        ; /home/cidigital/Documents/PBL_14_agosto/model_sim_four_modes/rtl/windowing/hann_window_64_dualmode.v          ;         ;
; ../rtl/framing/sample_buffer_64_hop8_dualmode.v     ; yes             ; User Verilog HDL File        ; /home/cidigital/Documents/PBL_14_agosto/model_sim_four_modes/rtl/framing/sample_buffer_64_hop8_dualmode.v     ;         ;
; ../rtl/preprocessing/fir_decimator_stage_dualmode.v ; yes             ; User Verilog HDL File        ; /home/cidigital/Documents/PBL_14_agosto/model_sim_four_modes/rtl/preprocessing/fir_decimator_stage_dualmode.v ;         ;
; ../rtl/preprocessing/fir_decimator_32_dualmode.v    ; yes             ; User Verilog HDL File        ; /home/cidigital/Documents/PBL_14_agosto/model_sim_four_modes/rtl/preprocessing/fir_decimator_32_dualmode.v    ;         ;
; quartus_pipeline_q915_no_lms_top.sv                 ; yes             ; User SystemVerilog HDL File  ; /home/cidigital/Documents/PBL_14_agosto/model_sim_four_modes/quartus/quartus_pipeline_q915_no_lms_top.sv      ;         ;
+-----------------------------------------------------+-----------------+------------------------------+---------------------------------------------------------------------------------------------------------------+---------+


+---------------------------------------------------------+
; Analysis & Synthesis Resource Usage Summary             ;
+---------------------------------------------+-----------+
; Resource                                    ; Usage     ;
+---------------------------------------------+-----------+
; Estimate of Logic utilization (ALMs needed) ; 11178     ;
;                                             ;           ;
; Combinational ALUT usage for logic          ; 13490     ;
;     -- 7 input functions                    ; 875       ;
;     -- 6 input functions                    ; 7105      ;
;     -- 5 input functions                    ; 619       ;
;     -- 4 input functions                    ; 3213      ;
;     -- <=3 input functions                  ; 1678      ;
;                                             ;           ;
; Dedicated logic registers                   ; 11750     ;
;                                             ;           ;
; I/O pins                                    ; 93        ;
;                                             ;           ;
; Total DSP Blocks                            ; 8         ;
;                                             ;           ;
; Maximum fan-out node                        ; clk~input ;
; Maximum fan-out                             ; 11750     ;
; Total fan-out                               ; 102187    ;
; Average fan-out                             ; 4.02      ;
+---------------------------------------------+-----------+


+-------------------------------------------------------------------------------------------------------------------------------------------------------------------------------------------------------------------------------------------------------------------------------------------------------------------------------------------------------------------------------------------------------------------+
; Analysis & Synthesis Resource Utilization by Entity                                                                                                                                                                                                                                                                                                                                                               ;
+------------------------------------------------------+---------------------+---------------------------+-------------------+------------+------+--------------+-------------------------------------------------------------------------------------------------------------------------------------------------------------------------------------------------+----------------------------------+--------------+
; Compilation Hierarchy Node                           ; Combinational ALUTs ; Dedicated Logic Registers ; Block Memory Bits ; DSP Blocks ; Pins ; Virtual Pins ; Full Hierarchy Name                                                                                                                                                                             ; Entity Name                      ; Library Name ;
+------------------------------------------------------+---------------------+---------------------------+-------------------+------------+------+--------------+-------------------------------------------------------------------------------------------------------------------------------------------------------------------------------------------------+----------------------------------+--------------+
; |quartus_pipeline_q915_no_lms_top                    ; 13490 (64)          ; 11750 (0)                 ; 0                 ; 8          ; 93   ; 0            ; |quartus_pipeline_q915_no_lms_top                                                                                                                                                               ; quartus_pipeline_q915_no_lms_top ; work         ;
;    |preprocess_lms_fft_four_modes:pipeline|          ; 13426 (4)           ; 11750 (3)                 ; 0                 ; 8          ; 0    ; 0            ; |quartus_pipeline_q915_no_lms_top|preprocess_lms_fft_four_modes:pipeline                                                                                                                        ; preprocess_lms_fft_four_modes    ; work         ;
;       |fft_64_dualmode:fft_core|                     ; 8905 (580)          ; 3397 (229)                ; 0                 ; 4          ; 0    ; 0            ; |quartus_pipeline_q915_no_lms_top|preprocess_lms_fft_four_modes:pipeline|fft_64_dualmode:fft_core                                                                                               ; fft_64_dualmode                  ; work         ;
;          |dual_port_ram:imag_memory|                 ; 4080 (4080)         ; 1584 (1584)               ; 0                 ; 0          ; 0    ; 0            ; |quartus_pipeline_q915_no_lms_top|preprocess_lms_fft_four_modes:pipeline|fft_64_dualmode:fft_core|dual_port_ram:imag_memory                                                                     ; dual_port_ram                    ; work         ;
;          |dual_port_ram:real_memory|                 ; 4209 (4209)         ; 1584 (1584)               ; 0                 ; 0          ; 0    ; 0            ; |quartus_pipeline_q915_no_lms_top|preprocess_lms_fft_four_modes:pipeline|fft_64_dualmode:fft_core|dual_port_ram:real_memory                                                                     ; dual_port_ram                    ; work         ;
;          |fft_twiddle_rom_64:twiddle_rom|            ; 36 (36)             ; 0 (0)                     ; 0                 ; 0          ; 0    ; 0            ; |quartus_pipeline_q915_no_lms_top|preprocess_lms_fft_four_modes:pipeline|fft_64_dualmode:fft_core|fft_twiddle_rom_64:twiddle_rom                                                                ; fft_twiddle_rom_64               ; work         ;
;       |fir_decimator_32_dualmode:desired_decimator|  ; 2941 (0)            ; 5147 (0)                  ; 0                 ; 3          ; 0    ; 0            ; |quartus_pipeline_q915_no_lms_top|preprocess_lms_fft_four_modes:pipeline|fir_decimator_32_dualmode:desired_decimator                                                                            ; fir_decimator_32_dualmode        ; work         ;
;          |fir_decimator_stage_dualmode:stage1|       ; 828 (803)           ; 1265 (1247)               ; 0                 ; 1          ; 0    ; 0            ; |quartus_pipeline_q915_no_lms_top|preprocess_lms_fft_four_modes:pipeline|fir_decimator_32_dualmode:desired_decimator|fir_decimator_stage_dualmode:stage1                                        ; fir_decimator_stage_dualmode     ; work         ;
;             |fir_coeff_rom_dualmode:coefficient_rom| ; 25 (25)             ; 18 (18)                   ; 0                 ; 0          ; 0    ; 0            ; |quartus_pipeline_q915_no_lms_top|preprocess_lms_fft_four_modes:pipeline|fir_decimator_32_dualmode:desired_decimator|fir_decimator_stage_dualmode:stage1|fir_coeff_rom_dualmode:coefficient_rom ; fir_coeff_rom_dualmode           ; work         ;
;          |fir_decimator_stage_dualmode:stage2|       ; 997 (940)           ; 1749 (1731)               ; 0                 ; 1          ; 0    ; 0            ; |quartus_pipeline_q915_no_lms_top|preprocess_lms_fft_four_modes:pipeline|fir_decimator_32_dualmode:desired_decimator|fir_decimator_stage_dualmode:stage2                                        ; fir_decimator_stage_dualmode     ; work         ;
;             |fir_coeff_rom_dualmode:coefficient_rom| ; 57 (57)             ; 18 (18)                   ; 0                 ; 0          ; 0    ; 0            ; |quartus_pipeline_q915_no_lms_top|preprocess_lms_fft_four_modes:pipeline|fir_decimator_32_dualmode:desired_decimator|fir_decimator_stage_dualmode:stage2|fir_coeff_rom_dualmode:coefficient_rom ; fir_coeff_rom_dualmode           ; work         ;
;          |fir_decimator_stage_dualmode:stage3|       ; 1116 (1060)         ; 2133 (2114)               ; 0                 ; 1          ; 0    ; 0            ; |quartus_pipeline_q915_no_lms_top|preprocess_lms_fft_four_modes:pipeline|fir_decimator_32_dualmode:desired_decimator|fir_decimator_stage_dualmode:stage3                                        ; fir_decimator_stage_dualmode     ; work         ;
;             |fir_coeff_rom_dualmode:coefficient_rom| ; 56 (56)             ; 19 (19)                   ; 0                 ; 0          ; 0    ; 0            ; |quartus_pipeline_q915_no_lms_top|preprocess_lms_fft_four_modes:pipeline|fir_decimator_32_dualmode:desired_decimator|fir_decimator_stage_dualmode:stage3|fir_coeff_rom_dualmode:coefficient_rom ; fir_coeff_rom_dualmode           ; work         ;
;       |hann_window_64_dualmode:hann_window|          ; 140 (140)           ; 32 (32)                   ; 0                 ; 1          ; 0    ; 0            ; |quartus_pipeline_q915_no_lms_top|preprocess_lms_fft_four_modes:pipeline|hann_window_64_dualmode:hann_window                                                                                    ; hann_window_64_dualmode          ; work         ;
;       |mean_remover_64_dualmode:mean_remover|        ; 758 (758)           ; 1603 (1603)               ; 0                 ; 0          ; 0    ; 0            ; |quartus_pipeline_q915_no_lms_top|preprocess_lms_fft_four_modes:pipeline|mean_remover_64_dualmode:mean_remover                                                                                  ; mean_remover_64_dualmode         ; work         ;
;       |sample_buffer_64_hop_dualmode:frame_buffer|   ; 678 (678)           ; 1568 (1568)               ; 0                 ; 0          ; 0    ; 0            ; |quartus_pipeline_q915_no_lms_top|preprocess_lms_fft_four_modes:pipeline|sample_buffer_64_hop_dualmode:frame_buffer                                                                             ; sample_buffer_64_hop_dualmode    ; work         ;
+------------------------------------------------------+---------------------+---------------------------+-------------------+------------+------+--------------+-------------------------------------------------------------------------------------------------------------------------------------------------------------------------------------------------+----------------------------------+--------------+
Note: For table entries with two numbers listed, the numbers in parentheses indicate the number of resources of the given type used by the specific entity alone. The numbers listed outside of parentheses indicate the total resources of the given type used by the specific entity and all of its sub-entities in the hierarchy.


+--------------------------------------------------------+
; Analysis & Synthesis DSP Block Usage Summary           ;
+------------------------------------------+-------------+
; Statistic                                ; Number Used ;
+------------------------------------------+-------------+
; Independent 27x27                        ; 8           ;
; Total number of DSP blocks               ; 8           ;
;                                          ;             ;
; Fixed Point Signed Multiplier            ; 8           ;
; Fixed Point Dedicated Pre-Adder          ; 4           ;
; Fixed Point Dedicated Output Adder Chain ; 2           ;
+------------------------------------------+-------------+


Encoding Type:  One-Hot
+-------------------------------------------------------------------------------------------------------------+
; State Machine - |quartus_pipeline_q915_no_lms_top|preprocess_lms_fft_four_modes:pipeline|loader_state       ;
+---------------------------+--------------------------+--------------------------+---------------------------+
; Name                      ; loader_state.LOADER_LOAD ; loader_state.LOADER_WAIT ; loader_state.LOADER_START ;
+---------------------------+--------------------------+--------------------------+---------------------------+
; loader_state.LOADER_LOAD  ; 0                        ; 0                        ; 0                         ;
; loader_state.LOADER_START ; 1                        ; 0                        ; 1                         ;
; loader_state.LOADER_WAIT  ; 1                        ; 1                        ; 0                         ;
+---------------------------+--------------------------+--------------------------+---------------------------+


Encoding Type:  One-Hot
+-------------------------------------------------------------------------------------------------------------------------------------------------------+
; State Machine - |quartus_pipeline_q915_no_lms_top|preprocess_lms_fft_four_modes:pipeline|fft_64_dualmode:fft_core|state                               ;
+------------------+--------------+------------------+------------------+------------------+---------------+--------------+--------------+--------------+
; Name             ; state.S_DONE ; state.S_OUT_HOLD ; state.S_OUT_WAIT ; state.S_OUT_READ ; state.S_WRITE ; state.S_WAIT ; state.S_READ ; state.S_IDLE ;
+------------------+--------------+------------------+------------------+------------------+---------------+--------------+--------------+--------------+
; state.S_IDLE     ; 0            ; 0                ; 0                ; 0                ; 0             ; 0            ; 0            ; 0            ;
; state.S_READ     ; 0            ; 0                ; 0                ; 0                ; 0             ; 0            ; 1            ; 1            ;
; state.S_WAIT     ; 0            ; 0                ; 0                ; 0                ; 0             ; 1            ; 0            ; 1            ;
; state.S_WRITE    ; 0            ; 0                ; 0                ; 0                ; 1             ; 0            ; 0            ; 1            ;
; state.S_OUT_READ ; 0            ; 0                ; 0                ; 1                ; 0             ; 0            ; 0            ; 1            ;
; state.S_OUT_WAIT ; 0            ; 0                ; 1                ; 0                ; 0             ; 0            ; 0            ; 1            ;
; state.S_OUT_HOLD ; 0            ; 1                ; 0                ; 0                ; 0             ; 0            ; 0            ; 1            ;
; state.S_DONE     ; 1            ; 0                ; 0                ; 0                ; 0             ; 0            ; 0            ; 1            ;
+------------------+--------------+------------------+------------------+------------------+---------------+--------------+--------------+--------------+


Encoding Type:  One-Hot
+--------------------------------------------------------------------------------------------------------------------------------------------------------------------------------+
; State Machine - |quartus_pipeline_q915_no_lms_top|preprocess_lms_fft_four_modes:pipeline|fir_decimator_32_dualmode:desired_decimator|fir_decimator_stage_dualmode:stage3|state ;
+------------------------+--------------------+------------------------+-----------------------+---------------------------------------------------------------------------------+
; Name                   ; state.STATE_OUTPUT ; state.STATE_COEFF_WAIT ; state.STATE_COEFF_REQ ; state.STATE_IDLE                                                                ;
+------------------------+--------------------+------------------------+-----------------------+---------------------------------------------------------------------------------+
; state.STATE_IDLE       ; 0                  ; 0                      ; 0                     ; 0                                                                               ;
; state.STATE_COEFF_REQ  ; 0                  ; 0                      ; 1                     ; 1                                                                               ;
; state.STATE_COEFF_WAIT ; 0                  ; 1                      ; 0                     ; 1                                                                               ;
; state.STATE_OUTPUT     ; 1                  ; 0                      ; 0                     ; 1                                                                               ;
+------------------------+--------------------+------------------------+-----------------------+---------------------------------------------------------------------------------+


Encoding Type:  One-Hot
+--------------------------------------------------------------------------------------------------------------------------------------------------------------------------------+
; State Machine - |quartus_pipeline_q915_no_lms_top|preprocess_lms_fft_four_modes:pipeline|fir_decimator_32_dualmode:desired_decimator|fir_decimator_stage_dualmode:stage2|state ;
+------------------------+--------------------+------------------------+-----------------------+---------------------------------------------------------------------------------+
; Name                   ; state.STATE_OUTPUT ; state.STATE_COEFF_WAIT ; state.STATE_COEFF_REQ ; state.STATE_IDLE                                                                ;
+------------------------+--------------------+------------------------+-----------------------+---------------------------------------------------------------------------------+
; state.STATE_IDLE       ; 0                  ; 0                      ; 0                     ; 0                                                                               ;
; state.STATE_COEFF_REQ  ; 0                  ; 0                      ; 1                     ; 1                                                                               ;
; state.STATE_COEFF_WAIT ; 0                  ; 1                      ; 0                     ; 1                                                                               ;
; state.STATE_OUTPUT     ; 1                  ; 0                      ; 0                     ; 1                                                                               ;
+------------------------+--------------------+------------------------+-----------------------+---------------------------------------------------------------------------------+


Encoding Type:  One-Hot
+--------------------------------------------------------------------------------------------------------------------------------------------------------------------------------+
; State Machine - |quartus_pipeline_q915_no_lms_top|preprocess_lms_fft_four_modes:pipeline|fir_decimator_32_dualmode:desired_decimator|fir_decimator_stage_dualmode:stage1|state ;
+------------------------+--------------------+------------------------+-----------------------+---------------------------------------------------------------------------------+
; Name                   ; state.STATE_OUTPUT ; state.STATE_COEFF_WAIT ; state.STATE_COEFF_REQ ; state.STATE_IDLE                                                                ;
+------------------------+--------------------+------------------------+-----------------------+---------------------------------------------------------------------------------+
; state.STATE_IDLE       ; 0                  ; 0                      ; 0                     ; 0                                                                               ;
; state.STATE_COEFF_REQ  ; 0                  ; 0                      ; 1                     ; 1                                                                               ;
; state.STATE_COEFF_WAIT ; 0                  ; 1                      ; 0                     ; 1                                                                               ;
; state.STATE_OUTPUT     ; 1                  ; 0                      ; 0                     ; 1                                                                               ;
+------------------------+--------------------+------------------------+-----------------------+---------------------------------------------------------------------------------+


+--------------------------------------------------------------------------------------------------------------------------------------------------------------------------------------------------------------------------------------------------------------------------------------------------------------------------------------------------------------------------+
; Registers Removed During Synthesis                                                                                                                                                                                                                                                                                                                                       ;
+--------------------------------------------------------------------------------------------------------------------------------------------------------------------------------+-----------------------------------------------------------------------------------------------------------------------------------------------------------------------------------------+
; Register name                                                                                                                                                                  ; Reason for Removal                                                                                                                                                                      ;
+--------------------------------------------------------------------------------------------------------------------------------------------------------------------------------+-----------------------------------------------------------------------------------------------------------------------------------------------------------------------------------------+
; preprocess_lms_fft_four_modes:pipeline|fft_64_dualmode:fft_core|overflow_components[2]                                                                                         ; Stuck at GND due to stuck port data_in                                                                                                                                                  ;
; preprocess_lms_fft_four_modes:pipeline|fir_decimator_32_dualmode:desired_decimator|fir_decimator_stage_dualmode:stage3|valid_sample_count[6]                                   ; Merged with preprocess_lms_fft_four_modes:pipeline|fir_decimator_32_dualmode:desired_decimator|fir_decimator_stage_dualmode:stage3|active_valid_count[6]                                ;
; preprocess_lms_fft_four_modes:pipeline|fir_decimator_32_dualmode:desired_decimator|fir_decimator_stage_dualmode:stage3|valid_sample_count[5]                                   ; Merged with preprocess_lms_fft_four_modes:pipeline|fir_decimator_32_dualmode:desired_decimator|fir_decimator_stage_dualmode:stage3|active_valid_count[5]                                ;
; preprocess_lms_fft_four_modes:pipeline|fir_decimator_32_dualmode:desired_decimator|fir_decimator_stage_dualmode:stage3|valid_sample_count[4]                                   ; Merged with preprocess_lms_fft_four_modes:pipeline|fir_decimator_32_dualmode:desired_decimator|fir_decimator_stage_dualmode:stage3|active_valid_count[4]                                ;
; preprocess_lms_fft_four_modes:pipeline|fir_decimator_32_dualmode:desired_decimator|fir_decimator_stage_dualmode:stage3|valid_sample_count[3]                                   ; Merged with preprocess_lms_fft_four_modes:pipeline|fir_decimator_32_dualmode:desired_decimator|fir_decimator_stage_dualmode:stage3|active_valid_count[3]                                ;
; preprocess_lms_fft_four_modes:pipeline|fir_decimator_32_dualmode:desired_decimator|fir_decimator_stage_dualmode:stage3|valid_sample_count[2]                                   ; Merged with preprocess_lms_fft_four_modes:pipeline|fir_decimator_32_dualmode:desired_decimator|fir_decimator_stage_dualmode:stage3|active_valid_count[2]                                ;
; preprocess_lms_fft_four_modes:pipeline|fir_decimator_32_dualmode:desired_decimator|fir_decimator_stage_dualmode:stage3|valid_sample_count[1]                                   ; Merged with preprocess_lms_fft_four_modes:pipeline|fir_decimator_32_dualmode:desired_decimator|fir_decimator_stage_dualmode:stage3|active_valid_count[1]                                ;
; preprocess_lms_fft_four_modes:pipeline|fir_decimator_32_dualmode:desired_decimator|fir_decimator_stage_dualmode:stage3|valid_sample_count[0]                                   ; Merged with preprocess_lms_fft_four_modes:pipeline|fir_decimator_32_dualmode:desired_decimator|fir_decimator_stage_dualmode:stage3|active_valid_count[0]                                ;
; preprocess_lms_fft_four_modes:pipeline|fir_decimator_32_dualmode:desired_decimator|fir_decimator_stage_dualmode:stage2|valid_sample_count[6]                                   ; Merged with preprocess_lms_fft_four_modes:pipeline|fir_decimator_32_dualmode:desired_decimator|fir_decimator_stage_dualmode:stage2|active_valid_count[6]                                ;
; preprocess_lms_fft_four_modes:pipeline|fir_decimator_32_dualmode:desired_decimator|fir_decimator_stage_dualmode:stage2|valid_sample_count[5]                                   ; Merged with preprocess_lms_fft_four_modes:pipeline|fir_decimator_32_dualmode:desired_decimator|fir_decimator_stage_dualmode:stage2|active_valid_count[5]                                ;
; preprocess_lms_fft_four_modes:pipeline|fir_decimator_32_dualmode:desired_decimator|fir_decimator_stage_dualmode:stage2|valid_sample_count[4]                                   ; Merged with preprocess_lms_fft_four_modes:pipeline|fir_decimator_32_dualmode:desired_decimator|fir_decimator_stage_dualmode:stage2|active_valid_count[4]                                ;
; preprocess_lms_fft_four_modes:pipeline|fir_decimator_32_dualmode:desired_decimator|fir_decimator_stage_dualmode:stage2|valid_sample_count[3]                                   ; Merged with preprocess_lms_fft_four_modes:pipeline|fir_decimator_32_dualmode:desired_decimator|fir_decimator_stage_dualmode:stage2|active_valid_count[3]                                ;
; preprocess_lms_fft_four_modes:pipeline|fir_decimator_32_dualmode:desired_decimator|fir_decimator_stage_dualmode:stage2|valid_sample_count[2]                                   ; Merged with preprocess_lms_fft_four_modes:pipeline|fir_decimator_32_dualmode:desired_decimator|fir_decimator_stage_dualmode:stage2|active_valid_count[2]                                ;
; preprocess_lms_fft_four_modes:pipeline|fir_decimator_32_dualmode:desired_decimator|fir_decimator_stage_dualmode:stage2|valid_sample_count[1]                                   ; Merged with preprocess_lms_fft_four_modes:pipeline|fir_decimator_32_dualmode:desired_decimator|fir_decimator_stage_dualmode:stage2|active_valid_count[1]                                ;
; preprocess_lms_fft_four_modes:pipeline|fir_decimator_32_dualmode:desired_decimator|fir_decimator_stage_dualmode:stage2|valid_sample_count[0]                                   ; Merged with preprocess_lms_fft_four_modes:pipeline|fir_decimator_32_dualmode:desired_decimator|fir_decimator_stage_dualmode:stage2|active_valid_count[0]                                ;
; preprocess_lms_fft_four_modes:pipeline|fir_decimator_32_dualmode:desired_decimator|fir_decimator_stage_dualmode:stage1|valid_sample_count[5]                                   ; Merged with preprocess_lms_fft_four_modes:pipeline|fir_decimator_32_dualmode:desired_decimator|fir_decimator_stage_dualmode:stage1|active_valid_count[5]                                ;
; preprocess_lms_fft_four_modes:pipeline|fir_decimator_32_dualmode:desired_decimator|fir_decimator_stage_dualmode:stage1|valid_sample_count[4]                                   ; Merged with preprocess_lms_fft_four_modes:pipeline|fir_decimator_32_dualmode:desired_decimator|fir_decimator_stage_dualmode:stage1|active_valid_count[4]                                ;
; preprocess_lms_fft_four_modes:pipeline|fir_decimator_32_dualmode:desired_decimator|fir_decimator_stage_dualmode:stage1|valid_sample_count[3]                                   ; Merged with preprocess_lms_fft_four_modes:pipeline|fir_decimator_32_dualmode:desired_decimator|fir_decimator_stage_dualmode:stage1|active_valid_count[3]                                ;
; preprocess_lms_fft_four_modes:pipeline|fir_decimator_32_dualmode:desired_decimator|fir_decimator_stage_dualmode:stage1|valid_sample_count[2]                                   ; Merged with preprocess_lms_fft_four_modes:pipeline|fir_decimator_32_dualmode:desired_decimator|fir_decimator_stage_dualmode:stage1|active_valid_count[2]                                ;
; preprocess_lms_fft_four_modes:pipeline|fir_decimator_32_dualmode:desired_decimator|fir_decimator_stage_dualmode:stage1|valid_sample_count[1]                                   ; Merged with preprocess_lms_fft_four_modes:pipeline|fir_decimator_32_dualmode:desired_decimator|fir_decimator_stage_dualmode:stage1|active_valid_count[1]                                ;
; preprocess_lms_fft_four_modes:pipeline|fir_decimator_32_dualmode:desired_decimator|fir_decimator_stage_dualmode:stage1|valid_sample_count[0]                                   ; Merged with preprocess_lms_fft_four_modes:pipeline|fir_decimator_32_dualmode:desired_decimator|fir_decimator_stage_dualmode:stage1|active_valid_count[0]                                ;
; preprocess_lms_fft_four_modes:pipeline|fft_64_dualmode:fft_core|state~4                                                                                                        ; Lost fanout                                                                                                                                                                             ;
; preprocess_lms_fft_four_modes:pipeline|fft_64_dualmode:fft_core|state~5                                                                                                        ; Lost fanout                                                                                                                                                                             ;
; preprocess_lms_fft_four_modes:pipeline|fft_64_dualmode:fft_core|state~6                                                                                                        ; Lost fanout                                                                                                                                                                             ;
; preprocess_lms_fft_four_modes:pipeline|fir_decimator_32_dualmode:desired_decimator|fir_decimator_stage_dualmode:stage3|state~5                                                 ; Lost fanout                                                                                                                                                                             ;
; preprocess_lms_fft_four_modes:pipeline|fir_decimator_32_dualmode:desired_decimator|fir_decimator_stage_dualmode:stage3|state~6                                                 ; Lost fanout                                                                                                                                                                             ;
; preprocess_lms_fft_four_modes:pipeline|fir_decimator_32_dualmode:desired_decimator|fir_decimator_stage_dualmode:stage3|state~7                                                 ; Lost fanout                                                                                                                                                                             ;
; preprocess_lms_fft_four_modes:pipeline|fir_decimator_32_dualmode:desired_decimator|fir_decimator_stage_dualmode:stage2|state~5                                                 ; Lost fanout                                                                                                                                                                             ;
; preprocess_lms_fft_four_modes:pipeline|fir_decimator_32_dualmode:desired_decimator|fir_decimator_stage_dualmode:stage2|state~6                                                 ; Lost fanout                                                                                                                                                                             ;
; preprocess_lms_fft_four_modes:pipeline|fir_decimator_32_dualmode:desired_decimator|fir_decimator_stage_dualmode:stage2|state~7                                                 ; Lost fanout                                                                                                                                                                             ;
; preprocess_lms_fft_four_modes:pipeline|fir_decimator_32_dualmode:desired_decimator|fir_decimator_stage_dualmode:stage1|state~5                                                 ; Lost fanout                                                                                                                                                                             ;
; preprocess_lms_fft_four_modes:pipeline|fir_decimator_32_dualmode:desired_decimator|fir_decimator_stage_dualmode:stage1|state~6                                                 ; Lost fanout                                                                                                                                                                             ;
; preprocess_lms_fft_four_modes:pipeline|fir_decimator_32_dualmode:desired_decimator|fir_decimator_stage_dualmode:stage1|state~7                                                 ; Lost fanout                                                                                                                                                                             ;
; preprocess_lms_fft_four_modes:pipeline|fir_decimator_32_dualmode:desired_decimator|fir_decimator_stage_dualmode:stage3|fir_coeff_rom_dualmode:coefficient_rom|coeff_out[17]    ; Merged with preprocess_lms_fft_four_modes:pipeline|fir_decimator_32_dualmode:desired_decimator|fir_decimator_stage_dualmode:stage3|fir_coeff_rom_dualmode:coefficient_rom|coeff_out[16] ;
; preprocess_lms_fft_four_modes:pipeline|fir_decimator_32_dualmode:desired_decimator|fir_decimator_stage_dualmode:stage2|fir_coeff_rom_dualmode:coefficient_rom|coeff_out[16,17] ; Merged with preprocess_lms_fft_four_modes:pipeline|fir_decimator_32_dualmode:desired_decimator|fir_decimator_stage_dualmode:stage2|fir_coeff_rom_dualmode:coefficient_rom|coeff_out[15] ;
; preprocess_lms_fft_four_modes:pipeline|fir_decimator_32_dualmode:desired_decimator|fir_decimator_stage_dualmode:stage1|fir_coeff_rom_dualmode:coefficient_rom|coeff_out[16,17] ; Merged with preprocess_lms_fft_four_modes:pipeline|fir_decimator_32_dualmode:desired_decimator|fir_decimator_stage_dualmode:stage1|fir_coeff_rom_dualmode:coefficient_rom|coeff_out[15] ;
; Total Number of Removed Registers = 38                                                                                                                                         ;                                                                                                                                                                                         ;
+--------------------------------------------------------------------------------------------------------------------------------------------------------------------------------+-----------------------------------------------------------------------------------------------------------------------------------------------------------------------------------------+


+------------------------------------------------------+
; General Register Statistics                          ;
+----------------------------------------------+-------+
; Statistic                                    ; Value ;
+----------------------------------------------+-------+
; Total registers                              ; 11750 ;
; Number of registers using Synchronous Clear  ; 829   ;
; Number of registers using Synchronous Load   ; 0     ;
; Number of registers using Asynchronous Clear ; 0     ;
; Number of registers using Asynchronous Load  ; 0     ;
; Number of registers using Clock Enable       ; 8528  ;
; Number of registers using Preset             ; 0     ;
+----------------------------------------------+-------+


+-----------------------------------------------------------------------------------------------------------------------------------------------------------------------------------------------------------------------------------------------------------------------------------------------------------------------------+
; Multiplexer Restructuring Statistics (Restructuring Performed)                                                                                                                                                                                                                                                              ;
+--------------------+-----------+---------------+----------------------+------------------------+------------+---------------------------------------------------------------------------------------------------------------------------------------------------------------------------------------------------------------+
; Multiplexer Inputs ; Bus Width ; Baseline Area ; Area if Restructured ; Saving if Restructured ; Registered ; Example Multiplexer Output                                                                                                                                                                                    ;
+--------------------+-----------+---------------+----------------------+------------------------+------------+---------------------------------------------------------------------------------------------------------------------------------------------------------------------------------------------------------------+
; 3:1                ; 48 bits   ; 96 LEs        ; 0 LEs                ; 96 LEs                 ; Yes        ; |quartus_pipeline_q915_no_lms_top|preprocess_lms_fft_four_modes:pipeline|fft_64_dualmode:fft_core|addr_b_saved[0]                                                                                             ;
; 3:1                ; 96 bits   ; 192 LEs       ; 0 LEs                ; 192 LEs                ; Yes        ; |quartus_pipeline_q915_no_lms_top|preprocess_lms_fft_four_modes:pipeline|fft_64_dualmode:fft_core|operand_a_imag[12]                                                                                          ;
; 3:1                ; 54 bits   ; 108 LEs       ; 0 LEs                ; 108 LEs                ; Yes        ; |quartus_pipeline_q915_no_lms_top|preprocess_lms_fft_four_modes:pipeline|fft_64_dualmode:fft_core|fft_real_out[20]                                                                                            ;
; 3:1                ; 2 bits    ; 4 LEs         ; 4 LEs                ; 0 LEs                  ; Yes        ; |quartus_pipeline_q915_no_lms_top|preprocess_lms_fft_four_modes:pipeline|fir_decimator_32_dualmode:desired_decimator|fir_decimator_stage_dualmode:stage3|fir_coeff_rom_dualmode:coefficient_rom|coeff_valid   ;
; 3:1                ; 2 bits    ; 4 LEs         ; 2 LEs                ; 2 LEs                  ; Yes        ; |quartus_pipeline_q915_no_lms_top|preprocess_lms_fft_four_modes:pipeline|fir_decimator_32_dualmode:desired_decimator|fir_decimator_stage_dualmode:stage3|fir_coeff_rom_dualmode:coefficient_rom|coeff_out[17] ;
; 3:1                ; 2 bits    ; 4 LEs         ; 4 LEs                ; 0 LEs                  ; Yes        ; |quartus_pipeline_q915_no_lms_top|preprocess_lms_fft_four_modes:pipeline|fir_decimator_32_dualmode:desired_decimator|fir_decimator_stage_dualmode:stage2|fir_coeff_rom_dualmode:coefficient_rom|addr_error    ;
; 3:1                ; 3 bits    ; 6 LEs         ; 3 LEs                ; 3 LEs                  ; Yes        ; |quartus_pipeline_q915_no_lms_top|preprocess_lms_fft_four_modes:pipeline|fir_decimator_32_dualmode:desired_decimator|fir_decimator_stage_dualmode:stage2|fir_coeff_rom_dualmode:coefficient_rom|coeff_out[15] ;
; 3:1                ; 2 bits    ; 4 LEs         ; 4 LEs                ; 0 LEs                  ; Yes        ; |quartus_pipeline_q915_no_lms_top|preprocess_lms_fft_four_modes:pipeline|fir_decimator_32_dualmode:desired_decimator|fir_decimator_stage_dualmode:stage1|fir_coeff_rom_dualmode:coefficient_rom|coeff_valid   ;
; 3:1                ; 3 bits    ; 6 LEs         ; 3 LEs                ; 3 LEs                  ; Yes        ; |quartus_pipeline_q915_no_lms_top|preprocess_lms_fft_four_modes:pipeline|fir_decimator_32_dualmode:desired_decimator|fir_decimator_stage_dualmode:stage1|fir_coeff_rom_dualmode:coefficient_rom|coeff_out[15] ;
; 3:1                ; 7 bits    ; 14 LEs        ; 7 LEs                ; 7 LEs                  ; Yes        ; |quartus_pipeline_q915_no_lms_top|preprocess_lms_fft_four_modes:pipeline|hann_window_64_dualmode:hann_window|windowed_sample_index[4]                                                                         ;
; 3:1                ; 3 bits    ; 6 LEs         ; 3 LEs                ; 3 LEs                  ; Yes        ; |quartus_pipeline_q915_no_lms_top|preprocess_lms_fft_four_modes:pipeline|fft_64_dualmode:fft_core|overflow_stage[0]                                                                                           ;
; 3:1                ; 8 bits    ; 16 LEs        ; 0 LEs                ; 16 LEs                 ; Yes        ; |quartus_pipeline_q915_no_lms_top|preprocess_lms_fft_four_modes:pipeline|fir_decimator_32_dualmode:desired_decimator|fir_decimator_stage_dualmode:stage3|newest_pointer[5]                                    ;
; 3:1                ; 7 bits    ; 14 LEs        ; 7 LEs                ; 7 LEs                  ; Yes        ; |quartus_pipeline_q915_no_lms_top|preprocess_lms_fft_four_modes:pipeline|fir_decimator_32_dualmode:desired_decimator|fir_decimator_stage_dualmode:stage2|newest_pointer[6]                                    ;
; 3:1                ; 6 bits    ; 12 LEs        ; 6 LEs                ; 6 LEs                  ; Yes        ; |quartus_pipeline_q915_no_lms_top|preprocess_lms_fft_four_modes:pipeline|fir_decimator_32_dualmode:desired_decimator|fir_decimator_stage_dualmode:stage1|newest_pointer[4]                                    ;
; 3:1                ; 6 bits    ; 12 LEs        ; 6 LEs                ; 6 LEs                  ; Yes        ; |quartus_pipeline_q915_no_lms_top|preprocess_lms_fft_four_modes:pipeline|sample_buffer_64_hop_dualmode:frame_buffer|write_pointer[1]                                                                          ;
; 3:1                ; 7 bits    ; 14 LEs        ; 7 LEs                ; 7 LEs                  ; Yes        ; |quartus_pipeline_q915_no_lms_top|preprocess_lms_fft_four_modes:pipeline|sample_buffer_64_hop_dualmode:frame_buffer|valid_sample_count[6]                                                                     ;
; 3:1                ; 6 bits    ; 12 LEs        ; 6 LEs                ; 6 LEs                  ; Yes        ; |quartus_pipeline_q915_no_lms_top|preprocess_lms_fft_four_modes:pipeline|sample_buffer_64_hop_dualmode:frame_buffer|frame_start_pointer[0]                                                                    ;
; 3:1                ; 7 bits    ; 14 LEs        ; 7 LEs                ; 7 LEs                  ; Yes        ; |quartus_pipeline_q915_no_lms_top|preprocess_lms_fft_four_modes:pipeline|fir_decimator_32_dualmode:desired_decimator|fir_decimator_stage_dualmode:stage3|active_valid_count[6]                                ;
; 3:1                ; 7 bits    ; 14 LEs        ; 7 LEs                ; 7 LEs                  ; Yes        ; |quartus_pipeline_q915_no_lms_top|preprocess_lms_fft_four_modes:pipeline|fir_decimator_32_dualmode:desired_decimator|fir_decimator_stage_dualmode:stage2|active_valid_count[6]                                ;
; 3:1                ; 6 bits    ; 12 LEs        ; 6 LEs                ; 6 LEs                  ; Yes        ; |quartus_pipeline_q915_no_lms_top|preprocess_lms_fft_four_modes:pipeline|fir_decimator_32_dualmode:desired_decimator|fir_decimator_stage_dualmode:stage1|active_valid_count[0]                                ;
; 4:1                ; 2 bits    ; 4 LEs         ; 4 LEs                ; 0 LEs                  ; Yes        ; |quartus_pipeline_q915_no_lms_top|preprocess_lms_fft_four_modes:pipeline|fir_decimator_32_dualmode:desired_decimator|fir_decimator_stage_dualmode:stage2|decimation_counter[0]                                ;
; 4:1                ; 2 bits    ; 4 LEs         ; 4 LEs                ; 0 LEs                  ; Yes        ; |quartus_pipeline_q915_no_lms_top|preprocess_lms_fft_four_modes:pipeline|fir_decimator_32_dualmode:desired_decimator|fir_decimator_stage_dualmode:stage1|decimation_counter[1]                                ;
; 4:1                ; 36 bits   ; 72 LEs        ; 0 LEs                ; 72 LEs                 ; Yes        ; |quartus_pipeline_q915_no_lms_top|preprocess_lms_fft_four_modes:pipeline|mean_remover_64_dualmode:mean_remover|write_index[5]                                                                                 ;
; 4:1                ; 2 bits    ; 4 LEs         ; 4 LEs                ; 0 LEs                  ; Yes        ; |quartus_pipeline_q915_no_lms_top|preprocess_lms_fft_four_modes:pipeline|fft_64_dualmode:fft_core|overflow_components[1]                                                                                      ;
; 4:1                ; 16 bits   ; 32 LEs        ; 0 LEs                ; 32 LEs                 ; Yes        ; |quartus_pipeline_q915_no_lms_top|preprocess_lms_fft_four_modes:pipeline|fir_decimator_32_dualmode:desired_decimator|fir_decimator_stage_dualmode:stage3|fir_coeff_rom_dualmode:coefficient_rom|coeff_out[4]  ;
; 4:1                ; 15 bits   ; 30 LEs        ; 0 LEs                ; 30 LEs                 ; Yes        ; |quartus_pipeline_q915_no_lms_top|preprocess_lms_fft_four_modes:pipeline|fir_decimator_32_dualmode:desired_decimator|fir_decimator_stage_dualmode:stage2|fir_coeff_rom_dualmode:coefficient_rom|coeff_out[0]  ;
; 4:1                ; 15 bits   ; 30 LEs        ; 0 LEs                ; 30 LEs                 ; Yes        ; |quartus_pipeline_q915_no_lms_top|preprocess_lms_fft_four_modes:pipeline|fir_decimator_32_dualmode:desired_decimator|fir_decimator_stage_dualmode:stage1|fir_coeff_rom_dualmode:coefficient_rom|coeff_out[4]  ;
; 4:1                ; 7 bits    ; 14 LEs        ; 14 LEs               ; 0 LEs                  ; Yes        ; |quartus_pipeline_q915_no_lms_top|preprocess_lms_fft_four_modes:pipeline|fir_decimator_32_dualmode:desired_decimator|fir_decimator_stage_dualmode:stage3|write_pointer[2]                                     ;
; 4:1                ; 7 bits    ; 14 LEs        ; 14 LEs               ; 0 LEs                  ; Yes        ; |quartus_pipeline_q915_no_lms_top|preprocess_lms_fft_four_modes:pipeline|fir_decimator_32_dualmode:desired_decimator|fir_decimator_stage_dualmode:stage2|write_pointer[1]                                     ;
; 4:1                ; 6 bits    ; 12 LEs        ; 12 LEs               ; 0 LEs                  ; Yes        ; |quartus_pipeline_q915_no_lms_top|preprocess_lms_fft_four_modes:pipeline|fir_decimator_32_dualmode:desired_decimator|fir_decimator_stage_dualmode:stage1|write_pointer[0]                                     ;
; 4:1                ; 24 bits   ; 48 LEs        ; 24 LEs               ; 24 LEs                 ; Yes        ; |quartus_pipeline_q915_no_lms_top|preprocess_lms_fft_four_modes:pipeline|mean_remover_64_dualmode:mean_remover|mean_register[1]                                                                               ;
; 5:1                ; 6 bits    ; 18 LEs        ; 12 LEs               ; 6 LEs                  ; Yes        ; |quartus_pipeline_q915_no_lms_top|preprocess_lms_fft_four_modes:pipeline|sample_buffer_64_hop_dualmode:frame_buffer|read_offset[2]                                                                            ;
; 5:1                ; 6 bits    ; 18 LEs        ; 12 LEs               ; 6 LEs                  ; Yes        ; |quartus_pipeline_q915_no_lms_top|preprocess_lms_fft_four_modes:pipeline|mean_remover_64_dualmode:mean_remover|read_index[5]                                                                                  ;
; 6:1                ; 6 bits    ; 24 LEs        ; 12 LEs               ; 12 LEs                 ; Yes        ; |quartus_pipeline_q915_no_lms_top|preprocess_lms_fft_four_modes:pipeline|sample_buffer_64_hop_dualmode:frame_buffer|hop_counter[2]                                                                            ;
; 6:1                ; 23 bits   ; 92 LEs        ; 46 LEs               ; 46 LEs                 ; Yes        ; |quartus_pipeline_q915_no_lms_top|preprocess_lms_fft_four_modes:pipeline|hann_window_64_dualmode:hann_window|windowed_sample_out[12]                                                                          ;
; 6:1                ; 5 bits    ; 20 LEs        ; 10 LEs               ; 10 LEs                 ; Yes        ; |quartus_pipeline_q915_no_lms_top|preprocess_lms_fft_four_modes:pipeline|fft_64_dualmode:fft_core|butterfly_count[0]                                                                                          ;
; 6:1                ; 3 bits    ; 12 LEs        ; 6 LEs                ; 6 LEs                  ; Yes        ; |quartus_pipeline_q915_no_lms_top|preprocess_lms_fft_four_modes:pipeline|fft_64_dualmode:fft_core|stage_count[0]                                                                                              ;
; 6:1                ; 6 bits    ; 24 LEs        ; 12 LEs               ; 12 LEs                 ; Yes        ; |quartus_pipeline_q915_no_lms_top|preprocess_lms_fft_four_modes:pipeline|fft_64_dualmode:fft_core|output_count[1]                                                                                             ;
; 6:1                ; 71 bits   ; 284 LEs       ; 0 LEs                ; 284 LEs                ; Yes        ; |quartus_pipeline_q915_no_lms_top|preprocess_lms_fft_four_modes:pipeline|fir_decimator_32_dualmode:desired_decimator|fir_decimator_stage_dualmode:stage3|accumulator[26]                                      ;
; 6:1                ; 71 bits   ; 284 LEs       ; 0 LEs                ; 284 LEs                ; Yes        ; |quartus_pipeline_q915_no_lms_top|preprocess_lms_fft_four_modes:pipeline|fir_decimator_32_dualmode:desired_decimator|fir_decimator_stage_dualmode:stage2|accumulator[58]                                      ;
; 6:1                ; 70 bits   ; 280 LEs       ; 0 LEs                ; 280 LEs                ; Yes        ; |quartus_pipeline_q915_no_lms_top|preprocess_lms_fft_four_modes:pipeline|fir_decimator_32_dualmode:desired_decimator|fir_decimator_stage_dualmode:stage1|tap_index[1]                                         ;
; 8:1                ; 23 bits   ; 115 LEs       ; 46 LEs               ; 69 LEs                 ; Yes        ; |quartus_pipeline_q915_no_lms_top|preprocess_lms_fft_four_modes:pipeline|fir_decimator_32_dualmode:desired_decimator|fir_decimator_stage_dualmode:stage3|sample_out[22]                                       ;
; 8:1                ; 23 bits   ; 115 LEs       ; 46 LEs               ; 69 LEs                 ; Yes        ; |quartus_pipeline_q915_no_lms_top|preprocess_lms_fft_four_modes:pipeline|fir_decimator_32_dualmode:desired_decimator|fir_decimator_stage_dualmode:stage2|sample_out[21]                                       ;
; 8:1                ; 23 bits   ; 115 LEs       ; 46 LEs               ; 69 LEs                 ; Yes        ; |quartus_pipeline_q915_no_lms_top|preprocess_lms_fft_four_modes:pipeline|fir_decimator_32_dualmode:desired_decimator|fir_decimator_stage_dualmode:stage1|sample_out[1]                                        ;
; 3:1                ; 2 bits    ; 4 LEs         ; 4 LEs                ; 0 LEs                  ; No         ; |quartus_pipeline_q915_no_lms_top|preprocess_lms_fft_four_modes:pipeline|fft_64_dualmode:fft_core|dual_port_ram:real_memory|ram                                                                               ;
; 4:1                ; 2 bits    ; 4 LEs         ; 4 LEs                ; 0 LEs                  ; No         ; |quartus_pipeline_q915_no_lms_top|preprocess_lms_fft_four_modes:pipeline|fft_64_dualmode:fft_core|Mux3                                                                                                        ;
; 4:1                ; 2 bits    ; 4 LEs         ; 4 LEs                ; 0 LEs                  ; No         ; |quartus_pipeline_q915_no_lms_top|preprocess_lms_fft_four_modes:pipeline|fft_64_dualmode:fft_core|Mux1                                                                                                        ;
; 4:1                ; 2 bits    ; 4 LEs         ; 4 LEs                ; 0 LEs                  ; No         ; |quartus_pipeline_q915_no_lms_top|preprocess_lms_fft_four_modes:pipeline|fft_64_dualmode:fft_core|Mux6                                                                                                        ;
; 4:1                ; 2 bits    ; 4 LEs         ; 4 LEs                ; 0 LEs                  ; No         ; |quartus_pipeline_q915_no_lms_top|preprocess_lms_fft_four_modes:pipeline|fft_64_dualmode:fft_core|Mux4                                                                                                        ;
; 4:1                ; 24 bits   ; 48 LEs        ; 48 LEs               ; 0 LEs                  ; No         ; |quartus_pipeline_q915_no_lms_top|preprocess_lms_fft_four_modes:pipeline|fft_64_dualmode:fft_core|mem_real_in_a[11]                                                                                           ;
; 4:1                ; 24 bits   ; 48 LEs        ; 48 LEs               ; 0 LEs                  ; No         ; |quartus_pipeline_q915_no_lms_top|preprocess_lms_fft_four_modes:pipeline|fft_64_dualmode:fft_core|mem_imag_in_a[7]                                                                                            ;
; 6:1                ; 23 bits   ; 92 LEs        ; 92 LEs               ; 0 LEs                  ; No         ; |quartus_pipeline_q915_no_lms_top|preprocess_lms_fft_four_modes:pipeline|fft_64_dualmode:fft_core|mem_real_in_b[9]                                                                                            ;
; 6:1                ; 23 bits   ; 92 LEs        ; 92 LEs               ; 0 LEs                  ; No         ; |quartus_pipeline_q915_no_lms_top|preprocess_lms_fft_four_modes:pipeline|fft_64_dualmode:fft_core|mem_imag_in_b[11]                                                                                           ;
; 5:1                ; 6 bits    ; 18 LEs        ; 18 LEs               ; 0 LEs                  ; No         ; |quartus_pipeline_q915_no_lms_top|preprocess_lms_fft_four_modes:pipeline|fft_64_dualmode:fft_core|mem_addr_a[5]                                                                                               ;
; 64:1               ; 24 bits   ; 1008 LEs      ; 1008 LEs             ; 0 LEs                  ; No         ; |quartus_pipeline_q915_no_lms_top|preprocess_lms_fft_four_modes:pipeline|mean_remover_64_dualmode:mean_remover|Mux14                                                                                          ;
; 9:1                ; 2 bits    ; 12 LEs        ; 8 LEs                ; 4 LEs                  ; No         ; |quartus_pipeline_q915_no_lms_top|preprocess_lms_fft_four_modes:pipeline|fir_decimator_32_dualmode:desired_decimator|fir_decimator_stage_dualmode:stage2|state                                                ;
; 9:1                ; 2 bits    ; 12 LEs        ; 8 LEs                ; 4 LEs                  ; No         ; |quartus_pipeline_q915_no_lms_top|preprocess_lms_fft_four_modes:pipeline|fir_decimator_32_dualmode:desired_decimator|fir_decimator_stage_dualmode:stage2|state                                                ;
; 9:1                ; 2 bits    ; 12 LEs        ; 8 LEs                ; 4 LEs                  ; No         ; |quartus_pipeline_q915_no_lms_top|preprocess_lms_fft_four_modes:pipeline|fir_decimator_32_dualmode:desired_decimator|fir_decimator_stage_dualmode:stage1|state                                                ;
; 9:1                ; 2 bits    ; 12 LEs        ; 8 LEs                ; 4 LEs                  ; No         ; |quartus_pipeline_q915_no_lms_top|preprocess_lms_fft_four_modes:pipeline|fir_decimator_32_dualmode:desired_decimator|fir_decimator_stage_dualmode:stage1|state                                                ;
; 9:1                ; 2 bits    ; 12 LEs        ; 8 LEs                ; 4 LEs                  ; No         ; |quartus_pipeline_q915_no_lms_top|preprocess_lms_fft_four_modes:pipeline|fir_decimator_32_dualmode:desired_decimator|fir_decimator_stage_dualmode:stage3|state                                                ;
; 9:1                ; 2 bits    ; 12 LEs        ; 8 LEs                ; 4 LEs                  ; No         ; |quartus_pipeline_q915_no_lms_top|preprocess_lms_fft_four_modes:pipeline|fir_decimator_32_dualmode:desired_decimator|fir_decimator_stage_dualmode:stage3|state                                                ;
+--------------------+-----------+---------------+----------------------+------------------------+------------+---------------------------------------------------------------------------------------------------------------------------------------------------------------------------------------------------------------+


+-------------------------------------------------------------------------------------+
; Parameter Settings for User Entity Instance: preprocess_lms_fft_four_modes:pipeline ;
+-----------------+--------------------------------------------+----------------------+
; Parameter Name  ; Value                                      ; Type                 ;
+-----------------+--------------------------------------------+----------------------+
; DATA_WIDTH      ; 24                                         ; Signed Integer       ;
; FRAC_BITS       ; 15                                         ; Signed Integer       ;
; NORMALIZE       ; 1                                          ; Signed Integer       ;
; USE_LMS         ; 0                                          ; Signed Integer       ;
; MU_SHIFT        ; 16                                         ; Signed Integer       ;
; HOP_SIZE        ; 64                                         ; Signed Integer       ;
; FIR_STAGE1_FILE ; ../coefficients/fir/stage1_decim4_q117.hex ; String               ;
; FIR_STAGE2_FILE ; ../coefficients/fir/stage2_decim4_q117.hex ; String               ;
; FIR_STAGE3_FILE ; ../coefficients/fir/stage3_decim2_q117.hex ; String               ;
; HANN_FILE       ; ../coefficients/windowing/hann_64_q117.hex ; String               ;
+-----------------+--------------------------------------------+----------------------+
Note: In order to hide this table in the UI and the text report file, please set the "Show Parameter Settings in Synthesis Report" option in "Analysis and Synthesis Settings -> More Settings" to "Off".


+---------------------------------------------------------------------------------------------------------------------------------+
; Parameter Settings for User Entity Instance: preprocess_lms_fft_four_modes:pipeline|fir_decimator_32_dualmode:desired_decimator ;
+------------------+--------------------------------------------+-----------------------------------------------------------------+
; Parameter Name   ; Value                                      ; Type                                                            ;
+------------------+--------------------------------------------+-----------------------------------------------------------------+
; SAMPLE_WIDTH     ; 24                                         ; Signed Integer                                                  ;
; COEFF_WIDTH      ; 18                                         ; Signed Integer                                                  ;
; ACC_WIDTH        ; 64                                         ; Signed Integer                                                  ;
; COEFF_FRAC_BITS  ; 17                                         ; Signed Integer                                                  ;
; STAGE1_INIT_FILE ; ../coefficients/fir/stage1_decim4_q117.hex ; String                                                          ;
; STAGE2_INIT_FILE ; ../coefficients/fir/stage2_decim4_q117.hex ; String                                                          ;
; STAGE3_INIT_FILE ; ../coefficients/fir/stage3_decim2_q117.hex ; String                                                          ;
+------------------+--------------------------------------------+-----------------------------------------------------------------+
Note: In order to hide this table in the UI and the text report file, please set the "Show Parameter Settings in Synthesis Report" option in "Analysis and Synthesis Settings -> More Settings" to "Off".


+---------------------------------------------------------------------------------------------------------------------------------------------------------------------+
; Parameter Settings for User Entity Instance: preprocess_lms_fft_four_modes:pipeline|fir_decimator_32_dualmode:desired_decimator|fir_decimator_stage_dualmode:stage1 ;
+------------------+--------------------------------------------+-----------------------------------------------------------------------------------------------------+
; Parameter Name   ; Value                                      ; Type                                                                                                ;
+------------------+--------------------------------------------+-----------------------------------------------------------------------------------------------------+
; SAMPLE_WIDTH     ; 24                                         ; Signed Integer                                                                                      ;
; COEFF_WIDTH      ; 18                                         ; Signed Integer                                                                                      ;
; ACC_WIDTH        ; 64                                         ; Signed Integer                                                                                      ;
; COEFF_FRAC_BITS  ; 17                                         ; Signed Integer                                                                                      ;
; NUM_TAPS         ; 47                                         ; Signed Integer                                                                                      ;
; DECIMATION       ; 4                                          ; Signed Integer                                                                                      ;
; COEFF_ADDR_WIDTH ; 7                                          ; Signed Integer                                                                                      ;
; INIT_FILE        ; ../coefficients/fir/stage1_decim4_q117.hex ; String                                                                                              ;
+------------------+--------------------------------------------+-----------------------------------------------------------------------------------------------------+
Note: In order to hide this table in the UI and the text report file, please set the "Show Parameter Settings in Synthesis Report" option in "Analysis and Synthesis Settings -> More Settings" to "Off".


+------------------------------------------------------------------------------------------------------------------------------------------------------------------------------------------------------------+
; Parameter Settings for User Entity Instance: preprocess_lms_fft_four_modes:pipeline|fir_decimator_32_dualmode:desired_decimator|fir_decimator_stage_dualmode:stage1|fir_coeff_rom_dualmode:coefficient_rom ;
+----------------+--------------------------------------------+----------------------------------------------------------------------------------------------------------------------------------------------+
; Parameter Name ; Value                                      ; Type                                                                                                                                         ;
+----------------+--------------------------------------------+----------------------------------------------------------------------------------------------------------------------------------------------+
; COEFF_WIDTH    ; 18                                         ; Signed Integer                                                                                                                               ;
; ADDR_WIDTH     ; 7                                          ; Signed Integer                                                                                                                               ;
; NUM_TAPS       ; 47                                         ; Signed Integer                                                                                                                               ;
; INIT_FILE      ; ../coefficients/fir/stage1_decim4_q117.hex ; String                                                                                                                                       ;
+----------------+--------------------------------------------+----------------------------------------------------------------------------------------------------------------------------------------------+
Note: In order to hide this table in the UI and the text report file, please set the "Show Parameter Settings in Synthesis Report" option in "Analysis and Synthesis Settings -> More Settings" to "Off".


+---------------------------------------------------------------------------------------------------------------------------------------------------------------------+
; Parameter Settings for User Entity Instance: preprocess_lms_fft_four_modes:pipeline|fir_decimator_32_dualmode:desired_decimator|fir_decimator_stage_dualmode:stage2 ;
+------------------+--------------------------------------------+-----------------------------------------------------------------------------------------------------+
; Parameter Name   ; Value                                      ; Type                                                                                                ;
+------------------+--------------------------------------------+-----------------------------------------------------------------------------------------------------+
; SAMPLE_WIDTH     ; 24                                         ; Signed Integer                                                                                      ;
; COEFF_WIDTH      ; 18                                         ; Signed Integer                                                                                      ;
; ACC_WIDTH        ; 64                                         ; Signed Integer                                                                                      ;
; COEFF_FRAC_BITS  ; 17                                         ; Signed Integer                                                                                      ;
; NUM_TAPS         ; 67                                         ; Signed Integer                                                                                      ;
; DECIMATION       ; 4                                          ; Signed Integer                                                                                      ;
; COEFF_ADDR_WIDTH ; 7                                          ; Signed Integer                                                                                      ;
; INIT_FILE        ; ../coefficients/fir/stage2_decim4_q117.hex ; String                                                                                              ;
+------------------+--------------------------------------------+-----------------------------------------------------------------------------------------------------+
Note: In order to hide this table in the UI and the text report file, please set the "Show Parameter Settings in Synthesis Report" option in "Analysis and Synthesis Settings -> More Settings" to "Off".


+------------------------------------------------------------------------------------------------------------------------------------------------------------------------------------------------------------+
; Parameter Settings for User Entity Instance: preprocess_lms_fft_four_modes:pipeline|fir_decimator_32_dualmode:desired_decimator|fir_decimator_stage_dualmode:stage2|fir_coeff_rom_dualmode:coefficient_rom ;
+----------------+--------------------------------------------+----------------------------------------------------------------------------------------------------------------------------------------------+
; Parameter Name ; Value                                      ; Type                                                                                                                                         ;
+----------------+--------------------------------------------+----------------------------------------------------------------------------------------------------------------------------------------------+
; COEFF_WIDTH    ; 18                                         ; Signed Integer                                                                                                                               ;
; ADDR_WIDTH     ; 7                                          ; Signed Integer                                                                                                                               ;
; NUM_TAPS       ; 67                                         ; Signed Integer                                                                                                                               ;
; INIT_FILE      ; ../coefficients/fir/stage2_decim4_q117.hex ; String                                                                                                                                       ;
+----------------+--------------------------------------------+----------------------------------------------------------------------------------------------------------------------------------------------+
Note: In order to hide this table in the UI and the text report file, please set the "Show Parameter Settings in Synthesis Report" option in "Analysis and Synthesis Settings -> More Settings" to "Off".


+---------------------------------------------------------------------------------------------------------------------------------------------------------------------+
; Parameter Settings for User Entity Instance: preprocess_lms_fft_four_modes:pipeline|fir_decimator_32_dualmode:desired_decimator|fir_decimator_stage_dualmode:stage3 ;
+------------------+--------------------------------------------+-----------------------------------------------------------------------------------------------------+
; Parameter Name   ; Value                                      ; Type                                                                                                ;
+------------------+--------------------------------------------+-----------------------------------------------------------------------------------------------------+
; SAMPLE_WIDTH     ; 24                                         ; Signed Integer                                                                                      ;
; COEFF_WIDTH      ; 18                                         ; Signed Integer                                                                                      ;
; ACC_WIDTH        ; 64                                         ; Signed Integer                                                                                      ;
; COEFF_FRAC_BITS  ; 17                                         ; Signed Integer                                                                                      ;
; NUM_TAPS         ; 83                                         ; Signed Integer                                                                                      ;
; DECIMATION       ; 2                                          ; Signed Integer                                                                                      ;
; COEFF_ADDR_WIDTH ; 7                                          ; Signed Integer                                                                                      ;
; INIT_FILE        ; ../coefficients/fir/stage3_decim2_q117.hex ; String                                                                                              ;
+------------------+--------------------------------------------+-----------------------------------------------------------------------------------------------------+
Note: In order to hide this table in the UI and the text report file, please set the "Show Parameter Settings in Synthesis Report" option in "Analysis and Synthesis Settings -> More Settings" to "Off".


+------------------------------------------------------------------------------------------------------------------------------------------------------------------------------------------------------------+
; Parameter Settings for User Entity Instance: preprocess_lms_fft_four_modes:pipeline|fir_decimator_32_dualmode:desired_decimator|fir_decimator_stage_dualmode:stage3|fir_coeff_rom_dualmode:coefficient_rom ;
+----------------+--------------------------------------------+----------------------------------------------------------------------------------------------------------------------------------------------+
; Parameter Name ; Value                                      ; Type                                                                                                                                         ;
+----------------+--------------------------------------------+----------------------------------------------------------------------------------------------------------------------------------------------+
; COEFF_WIDTH    ; 18                                         ; Signed Integer                                                                                                                               ;
; ADDR_WIDTH     ; 7                                          ; Signed Integer                                                                                                                               ;
; NUM_TAPS       ; 83                                         ; Signed Integer                                                                                                                               ;
; INIT_FILE      ; ../coefficients/fir/stage3_decim2_q117.hex ; String                                                                                                                                       ;
+----------------+--------------------------------------------+----------------------------------------------------------------------------------------------------------------------------------------------+
Note: In order to hide this table in the UI and the text report file, please set the "Show Parameter Settings in Synthesis Report" option in "Analysis and Synthesis Settings -> More Settings" to "Off".


+--------------------------------------------------------------------------------------------------------------------------------+
; Parameter Settings for User Entity Instance: preprocess_lms_fft_four_modes:pipeline|sample_buffer_64_hop_dualmode:frame_buffer ;
+----------------+-------+-------------------------------------------------------------------------------------------------------+
; Parameter Name ; Value ; Type                                                                                                  ;
+----------------+-------+-------------------------------------------------------------------------------------------------------+
; SAMPLE_WIDTH   ; 24    ; Signed Integer                                                                                        ;
; HOP_SIZE       ; 64    ; Signed Integer                                                                                        ;
+----------------+-------+-------------------------------------------------------------------------------------------------------+
Note: In order to hide this table in the UI and the text report file, please set the "Show Parameter Settings in Synthesis Report" option in "Analysis and Synthesis Settings -> More Settings" to "Off".


+---------------------------------------------------------------------------------------------------------------------------+
; Parameter Settings for User Entity Instance: preprocess_lms_fft_four_modes:pipeline|mean_remover_64_dualmode:mean_remover ;
+----------------+-------+--------------------------------------------------------------------------------------------------+
; Parameter Name ; Value ; Type                                                                                             ;
+----------------+-------+--------------------------------------------------------------------------------------------------+
; SAMPLE_WIDTH   ; 24    ; Signed Integer                                                                                   ;
+----------------+-------+--------------------------------------------------------------------------------------------------+
Note: In order to hide this table in the UI and the text report file, please set the "Show Parameter Settings in Synthesis Report" option in "Analysis and Synthesis Settings -> More Settings" to "Off".


+-------------------------------------------------------------------------------------------------------------------------+
; Parameter Settings for User Entity Instance: preprocess_lms_fft_four_modes:pipeline|hann_window_64_dualmode:hann_window ;
+-----------------+--------------------------------------------+----------------------------------------------------------+
; Parameter Name  ; Value                                      ; Type                                                     ;
+-----------------+--------------------------------------------+----------------------------------------------------------+
; INPUT_WIDTH     ; 25                                         ; Signed Integer                                           ;
; COEFF_WIDTH     ; 18                                         ; Signed Integer                                           ;
; OUTPUT_WIDTH    ; 24                                         ; Signed Integer                                           ;
; COEFF_FRAC_BITS ; 17                                         ; Signed Integer                                           ;
; INIT_FILE       ; ../coefficients/windowing/hann_64_q117.hex ; String                                                   ;
+-----------------+--------------------------------------------+----------------------------------------------------------+
Note: In order to hide this table in the UI and the text report file, please set the "Show Parameter Settings in Synthesis Report" option in "Analysis and Synthesis Settings -> More Settings" to "Off".


+--------------------------------------------------------------------------------------------------------------+
; Parameter Settings for User Entity Instance: preprocess_lms_fft_four_modes:pipeline|fft_64_dualmode:fft_core ;
+-------------------+-------+----------------------------------------------------------------------------------+
; Parameter Name    ; Value ; Type                                                                             ;
+-------------------+-------+----------------------------------------------------------------------------------+
; INPUT_WIDTH       ; 24    ; Signed Integer                                                                   ;
; FFT_WIDTH         ; 24    ; Signed Integer                                                                   ;
; COEFF_WIDTH       ; 18    ; Signed Integer                                                                   ;
; TWIDDLE_FRAC_BITS ; 17    ; Signed Integer                                                                   ;
; NORMALIZE         ; 1     ; Signed Integer                                                                   ;
+-------------------+-------+----------------------------------------------------------------------------------+
Note: In order to hide this table in the UI and the text report file, please set the "Show Parameter Settings in Synthesis Report" option in "Analysis and Synthesis Settings -> More Settings" to "Off".


+----------------------------------------------------------------------------------------------------------------------------------------+
; Parameter Settings for User Entity Instance: preprocess_lms_fft_four_modes:pipeline|fft_64_dualmode:fft_core|dual_port_ram:real_memory ;
+----------------+-------+---------------------------------------------------------------------------------------------------------------+
; Parameter Name ; Value ; Type                                                                                                          ;
+----------------+-------+---------------------------------------------------------------------------------------------------------------+
; DATA_WIDTH     ; 24    ; Signed Integer                                                                                                ;
; ADDR_WIDTH     ; 6     ; Signed Integer                                                                                                ;
; DEPTH          ; 64    ; Signed Integer                                                                                                ;
; INIT_FILE      ; NONE  ; String                                                                                                        ;
+----------------+-------+---------------------------------------------------------------------------------------------------------------+
Note: In order to hide this table in the UI and the text report file, please set the "Show Parameter Settings in Synthesis Report" option in "Analysis and Synthesis Settings -> More Settings" to "Off".


+----------------------------------------------------------------------------------------------------------------------------------------+
; Parameter Settings for User Entity Instance: preprocess_lms_fft_four_modes:pipeline|fft_64_dualmode:fft_core|dual_port_ram:imag_memory ;
+----------------+-------+---------------------------------------------------------------------------------------------------------------+
; Parameter Name ; Value ; Type                                                                                                          ;
+----------------+-------+---------------------------------------------------------------------------------------------------------------+
; DATA_WIDTH     ; 24    ; Signed Integer                                                                                                ;
; ADDR_WIDTH     ; 6     ; Signed Integer                                                                                                ;
; DEPTH          ; 64    ; Signed Integer                                                                                                ;
; INIT_FILE      ; NONE  ; String                                                                                                        ;
+----------------+-------+---------------------------------------------------------------------------------------------------------------+
Note: In order to hide this table in the UI and the text report file, please set the "Show Parameter Settings in Synthesis Report" option in "Analysis and Synthesis Settings -> More Settings" to "Off".


+---------------------------------------------------------------------------------------------+
; Port Connectivity Checks: "preprocess_lms_fft_four_modes:pipeline|fft_64_dualmode:fft_core" ;
+---------------------------+--------+----------+---------------------------------------------+
; Port                      ; Type   ; Severity ; Details                                     ;
+---------------------------+--------+----------+---------------------------------------------+
; overflow_total_components ; Output ; Info     ; Explicitly unconnected                      ;
; probe_event               ; Output ; Info     ; Explicitly unconnected                      ;
; probe_stage               ; Output ; Info     ; Explicitly unconnected                      ;
; probe_top_real            ; Output ; Info     ; Explicitly unconnected                      ;
; probe_top_imag            ; Output ; Info     ; Explicitly unconnected                      ;
; probe_bottom_real         ; Output ; Info     ; Explicitly unconnected                      ;
; probe_bottom_imag         ; Output ; Info     ; Explicitly unconnected                      ;
+---------------------------+--------+----------+---------------------------------------------+


+---------------------------------------------------------------------------------------------------------------------------------+
; Port Connectivity Checks: "preprocess_lms_fft_four_modes:pipeline|hann_window_64_dualmode:hann_window"                          ;
+-----------------------+--------+----------+-------------------------------------------------------------------------------------+
; Port                  ; Type   ; Severity ; Details                                                                             ;
+-----------------------+--------+----------+-------------------------------------------------------------------------------------+
; windowed_sample_first ; Output ; Info     ; Connected to dangling logic. Logic that only feeds a dangling port will be removed. ;
+-----------------------+--------+----------+-------------------------------------------------------------------------------------+


+----------------------------------------------------------------------------------------------------------+
; Port Connectivity Checks: "preprocess_lms_fft_four_modes:pipeline|mean_remover_64_dualmode:mean_remover" ;
+------------------+--------+----------+-------------------------------------------------------------------+
; Port             ; Type   ; Severity ; Details                                                           ;
+------------------+--------+----------+-------------------------------------------------------------------+
; frame_mean       ; Output ; Info     ; Explicitly unconnected                                            ;
; frame_mean_valid ; Output ; Info     ; Explicitly unconnected                                            ;
+------------------+--------+----------+-------------------------------------------------------------------+


+------------------------------------------------------------------------------------------------------------------------------+
; Port Connectivity Checks: "preprocess_lms_fft_four_modes:pipeline|sample_buffer_64_hop_dualmode:frame_buffer"                ;
+--------------------+--------+----------+-------------------------------------------------------------------------------------+
; Port               ; Type   ; Severity ; Details                                                                             ;
+--------------------+--------+----------+-------------------------------------------------------------------------------------+
; frame_sample_index ; Output ; Info     ; Connected to dangling logic. Logic that only feeds a dangling port will be removed. ;
; frame_sample_first ; Output ; Info     ; Connected to dangling logic. Logic that only feeds a dangling port will be removed. ;
; frame_sample_last  ; Output ; Info     ; Connected to dangling logic. Logic that only feeds a dangling port will be removed. ;
; buffer_full        ; Output ; Info     ; Explicitly unconnected                                                              ;
+--------------------+--------+----------+-------------------------------------------------------------------------------------+


+-------------------------------------------------------------------------------------------------------------------------------------------------------------------------------------------+
; Port Connectivity Checks: "preprocess_lms_fft_four_modes:pipeline|fir_decimator_32_dualmode:desired_decimator|fir_decimator_stage_dualmode:stage1|fir_coeff_rom_dualmode:coefficient_rom" ;
+---------------+-------+----------+--------------------------------------------------------------------------------------------------------------------------------------------------------+
; Port          ; Type  ; Severity ; Details                                                                                                                                                ;
+---------------+-------+----------+--------------------------------------------------------------------------------------------------------------------------------------------------------+
; coeff_addr[6] ; Input ; Info     ; Stuck at GND                                                                                                                                           ;
+---------------+-------+----------+--------------------------------------------------------------------------------------------------------------------------------------------------------+


+------------------------------------------------------------------------------------+
; Port Connectivity Checks: "preprocess_lms_fft_four_modes:pipeline"                 ;
+---------------------------------------+--------+----------+------------------------+
; Port                                  ; Type   ; Severity ; Details                ;
+---------------------------------------+--------+----------+------------------------+
; reference_sample                      ; Input  ; Info     ; Stuck at GND           ;
; reference_valid                       ; Input  ; Info     ; Stuck at GND           ;
; reference_ready                       ; Output ; Info     ; Explicitly unconnected ;
; adapt_enable                          ; Input  ; Info     ; Stuck at GND           ;
; clear_coefficients                    ; Input  ; Info     ; Stuck at GND           ;
; desired_decimated_event               ; Output ; Info     ; Explicitly unconnected ;
; reference_decimated_event             ; Output ; Info     ; Explicitly unconnected ;
; lms_input_event                       ; Output ; Info     ; Explicitly unconnected ;
; lms_output_event                      ; Output ; Info     ; Explicitly unconnected ;
; desired_fir_stage1_saturation_event   ; Output ; Info     ; Explicitly unconnected ;
; desired_fir_stage2_saturation_event   ; Output ; Info     ; Explicitly unconnected ;
; desired_fir_stage3_saturation_event   ; Output ; Info     ; Explicitly unconnected ;
; reference_fir_stage1_saturation_event ; Output ; Info     ; Explicitly unconnected ;
; reference_fir_stage2_saturation_event ; Output ; Info     ; Explicitly unconnected ;
; reference_fir_stage3_saturation_event ; Output ; Info     ; Explicitly unconnected ;
; lms_error_saturated                   ; Output ; Info     ; Explicitly unconnected ;
; lms_estimate_saturated                ; Output ; Info     ; Explicitly unconnected ;
; lms_coefficient_saturated             ; Output ; Info     ; Explicitly unconnected ;
; hann_saturation_event                 ; Output ; Info     ; Explicitly unconnected ;
+---------------------------------------+--------+----------+------------------------+


+-----------------------------------------------------+
; Post-Synthesis Netlist Statistics for Top Partition ;
+-----------------------+-----------------------------+
; Type                  ; Count                       ;
+-----------------------+-----------------------------+
; arriav_ff             ; 11750                       ;
;     ENA               ; 7829                        ;
;     ENA SCLR          ; 699                         ;
;     SCLR              ; 130                         ;
;     plain             ; 3092                        ;
; arriav_lcell_comb     ; 13492                       ;
;     arith             ; 1169                        ;
;         0 data inputs ; 4                           ;
;         1 data inputs ; 792                         ;
;         2 data inputs ; 373                         ;
;     extend            ; 875                         ;
;         7 data inputs ; 875                         ;
;     normal            ; 11403                       ;
;         0 data inputs ; 1                           ;
;         1 data inputs ; 8                           ;
;         2 data inputs ; 115                         ;
;         3 data inputs ; 342                         ;
;         4 data inputs ; 3213                        ;
;         5 data inputs ; 619                         ;
;         6 data inputs ; 7105                        ;
;     shared            ; 45                          ;
;         2 data inputs ; 45                          ;
; arriav_mac            ; 8                           ;
; boundary_port         ; 93                          ;
;                       ;                             ;
; Max LUT depth         ; 11.10                       ;
; Average LUT depth     ; 5.92                        ;
+-----------------------+-----------------------------+


+-------------------------------+
; Elapsed Time Per Partition    ;
+----------------+--------------+
; Partition Name ; Elapsed Time ;
+----------------+--------------+
; Top            ; 00:00:21     ;
+----------------+--------------+


+-------------------------------+
; Analysis & Synthesis Messages ;
+-------------------------------+
Info: *******************************************************************
Info: Running Quartus Prime Analysis & Synthesis
    Info: Version 25.1std.0 Build 1129 10/21/2025 SC Lite Edition
    Info: Processing started: Fri Aug 14 16:37:07 2026
Info: Command: quartus_map --read_settings_files=on --write_settings_files=off FFT -c FFT
Warning (18236): Number of processors has not been specified which may cause overloading on shared machines.  Set the global assignment NUM_PARALLEL_PROCESSORS in your QSF to an appropriate value for best performance.
Info (20030): Parallel compilation is enabled and will use 16 of the 16 processors detected
Info (12021): Found 1 design units, including 1 entities, in source file /home/cidigital/Documents/PBL_14_agosto/model_sim_four_modes/rtl/preprocessing/fir_coeff_rom_dualmode.v
    Info (12023): Found entity 1: fir_coeff_rom_dualmode File: /home/cidigital/Documents/PBL_14_agosto/model_sim_four_modes/rtl/preprocessing/fir_coeff_rom_dualmode.v Line: 5
Info (12021): Found 1 design units, including 1 entities, in source file /home/cidigital/Documents/PBL_14_agosto/model_sim_four_modes/rtl/pipeline/preprocess_lms_fft_four_modes.sv
    Info (12023): Found entity 1: preprocess_lms_fft_four_modes File: /home/cidigital/Documents/PBL_14_agosto/model_sim_four_modes/rtl/pipeline/preprocess_lms_fft_four_modes.sv Line: 5
Info (12021): Found 2 design units, including 2 entities, in source file /home/cidigital/Documents/PBL_14_agosto/model_sim_four_modes/rtl/fft/fft_coeff_rom_64.v
    Info (12023): Found entity 1: fft_twiddle_rom_64 File: /home/cidigital/Documents/PBL_14_agosto/model_sim_four_modes/rtl/fft/fft_coeff_rom_64.v Line: 11
    Info (12023): Found entity 2: hann_rom_64 File: /home/cidigital/Documents/PBL_14_agosto/model_sim_four_modes/rtl/fft/fft_coeff_rom_64.v Line: 63
Info (12021): Found 1 design units, including 1 entities, in source file /home/cidigital/Documents/PBL_14_agosto/model_sim_four_modes/rtl/fft/dual_port_ram.v
    Info (12023): Found entity 1: dual_port_ram File: /home/cidigital/Documents/PBL_14_agosto/model_sim_four_modes/rtl/fft/dual_port_ram.v Line: 13
Info (12021): Found 1 design units, including 1 entities, in source file /home/cidigital/Documents/PBL_14_agosto/model_sim_four_modes/rtl/fft/fft_64_dualmode.v
    Info (12023): Found entity 1: fft_64_dualmode File: /home/cidigital/Documents/PBL_14_agosto/model_sim_four_modes/rtl/fft/fft_64_dualmode.v Line: 8
Info (12021): Found 1 design units, including 1 entities, in source file /home/cidigital/Documents/PBL_14_agosto/model_sim_four_modes/rtl/windowing/mean_remover_64_dualmode.v
    Info (12023): Found entity 1: mean_remover_64_dualmode File: /home/cidigital/Documents/PBL_14_agosto/model_sim_four_modes/rtl/windowing/mean_remover_64_dualmode.v Line: 7
Info (12021): Found 1 design units, including 1 entities, in source file /home/cidigital/Documents/PBL_14_agosto/model_sim_four_modes/rtl/windowing/hann_window_64_dualmode.v
    Info (12023): Found entity 1: hann_window_64_dualmode File: /home/cidigital/Documents/PBL_14_agosto/model_sim_four_modes/rtl/windowing/hann_window_64_dualmode.v Line: 6
Info (12021): Found 1 design units, including 1 entities, in source file /home/cidigital/Documents/PBL_14_agosto/model_sim_four_modes/rtl/lms/lms_filter_8tap_dualmode.v
    Info (12023): Found entity 1: lms_filter_8tap_dualmode File: /home/cidigital/Documents/PBL_14_agosto/model_sim_four_modes/rtl/lms/lms_filter_8tap_dualmode.v Line: 31
Info (12021): Found 1 design units, including 1 entities, in source file /home/cidigital/Documents/PBL_14_agosto/model_sim_four_modes/rtl/framing/sample_buffer_64_hop8_dualmode.v
    Info (12023): Found entity 1: sample_buffer_64_hop_dualmode File: /home/cidigital/Documents/PBL_14_agosto/model_sim_four_modes/rtl/framing/sample_buffer_64_hop8_dualmode.v Line: 5
Info (12021): Found 1 design units, including 1 entities, in source file /home/cidigital/Documents/PBL_14_agosto/model_sim_four_modes/rtl/preprocessing/fir_decimator_stage_dualmode.v
    Info (12023): Found entity 1: fir_decimator_stage_dualmode File: /home/cidigital/Documents/PBL_14_agosto/model_sim_four_modes/rtl/preprocessing/fir_decimator_stage_dualmode.v Line: 6
Info (12021): Found 1 design units, including 1 entities, in source file /home/cidigital/Documents/PBL_14_agosto/model_sim_four_modes/rtl/preprocessing/fir_decimator_32_dualmode.v
    Info (12023): Found entity 1: fir_decimator_32_dualmode File: /home/cidigital/Documents/PBL_14_agosto/model_sim_four_modes/rtl/preprocessing/fir_decimator_32_dualmode.v Line: 7
Info (12021): Found 1 design units, including 1 entities, in source file quartus_pipeline_q915_no_lms_top.sv
    Info (12023): Found entity 1: quartus_pipeline_q915_no_lms_top File: /home/cidigital/Documents/PBL_14_agosto/model_sim_four_modes/quartus/quartus_pipeline_q915_no_lms_top.sv Line: 1
Info (12127): Elaborating entity "quartus_pipeline_q915_no_lms_top" for the top level hierarchy
Info (12128): Elaborating entity "preprocess_lms_fft_four_modes" for hierarchy "preprocess_lms_fft_four_modes:pipeline" File: /home/cidigital/Documents/PBL_14_agosto/model_sim_four_modes/quartus/quartus_pipeline_q915_no_lms_top.sv Line: 73
Info (12128): Elaborating entity "fir_decimator_32_dualmode" for hierarchy "preprocess_lms_fft_four_modes:pipeline|fir_decimator_32_dualmode:desired_decimator" File: /home/cidigital/Documents/PBL_14_agosto/model_sim_four_modes/rtl/pipeline/preprocess_lms_fft_four_modes.sv Line: 91
Info (12128): Elaborating entity "fir_decimator_stage_dualmode" for hierarchy "preprocess_lms_fft_four_modes:pipeline|fir_decimator_32_dualmode:desired_decimator|fir_decimator_stage_dualmode:stage1" File: /home/cidigital/Documents/PBL_14_agosto/model_sim_four_modes/rtl/preprocessing/fir_decimator_32_dualmode.v Line: 65
Info (12128): Elaborating entity "fir_coeff_rom_dualmode" for hierarchy "preprocess_lms_fft_four_modes:pipeline|fir_decimator_32_dualmode:desired_decimator|fir_decimator_stage_dualmode:stage1|fir_coeff_rom_dualmode:coefficient_rom" File: /home/cidigital/Documents/PBL_14_agosto/model_sim_four_modes/rtl/preprocessing/fir_decimator_stage_dualmode.v Line: 81
Warning (10230): Verilog HDL assignment warning at stage1_decim4_q117.hex(1): truncated value with size 20 to match size of target (18) File: /home/cidigital/Documents/PBL_14_agosto/model_sim_four_modes/coefficients/fir/stage1_decim4_q117.hex Line: 1
Warning (10230): Verilog HDL assignment warning at stage1_decim4_q117.hex(2): truncated value with size 20 to match size of target (18) File: /home/cidigital/Documents/PBL_14_agosto/model_sim_four_modes/coefficients/fir/stage1_decim4_q117.hex Line: 2
Warning (10230): Verilog HDL assignment warning at stage1_decim4_q117.hex(3): truncated value with size 20 to match size of target (18) File: /home/cidigital/Documents/PBL_14_agosto/model_sim_four_modes/coefficients/fir/stage1_decim4_q117.hex Line: 3
Warning (10230): Verilog HDL assignment warning at stage1_decim4_q117.hex(4): truncated value with size 20 to match size of target (18) File: /home/cidigital/Documents/PBL_14_agosto/model_sim_four_modes/coefficients/fir/stage1_decim4_q117.hex Line: 4
Warning (10230): Verilog HDL assignment warning at stage1_decim4_q117.hex(5): truncated value with size 20 to match size of target (18) File: /home/cidigital/Documents/PBL_14_agosto/model_sim_four_modes/coefficients/fir/stage1_decim4_q117.hex Line: 5
Warning (10230): Verilog HDL assignment warning at stage1_decim4_q117.hex(6): truncated value with size 20 to match size of target (18) File: /home/cidigital/Documents/PBL_14_agosto/model_sim_four_modes/coefficients/fir/stage1_decim4_q117.hex Line: 6
Warning (10230): Verilog HDL assignment warning at stage1_decim4_q117.hex(7): truncated value with size 20 to match size of target (18) File: /home/cidigital/Documents/PBL_14_agosto/model_sim_four_modes/coefficients/fir/stage1_decim4_q117.hex Line: 7
Warning (10230): Verilog HDL assignment warning at stage1_decim4_q117.hex(8): truncated value with size 20 to match size of target (18) File: /home/cidigital/Documents/PBL_14_agosto/model_sim_four_modes/coefficients/fir/stage1_decim4_q117.hex Line: 8
Warning (10230): Verilog HDL assignment warning at stage1_decim4_q117.hex(9): truncated value with size 20 to match size of target (18) File: /home/cidigital/Documents/PBL_14_agosto/model_sim_four_modes/coefficients/fir/stage1_decim4_q117.hex Line: 9
Warning (10230): Verilog HDL assignment warning at stage1_decim4_q117.hex(10): truncated value with size 20 to match size of target (18) File: /home/cidigital/Documents/PBL_14_agosto/model_sim_four_modes/coefficients/fir/stage1_decim4_q117.hex Line: 10
Warning (10230): Verilog HDL assignment warning at stage1_decim4_q117.hex(11): truncated value with size 20 to match size of target (18) File: /home/cidigital/Documents/PBL_14_agosto/model_sim_four_modes/coefficients/fir/stage1_decim4_q117.hex Line: 11
Warning (10230): Verilog HDL assignment warning at stage1_decim4_q117.hex(12): truncated value with size 20 to match size of target (18) File: /home/cidigital/Documents/PBL_14_agosto/model_sim_four_modes/coefficients/fir/stage1_decim4_q117.hex Line: 12
Warning (10230): Verilog HDL assignment warning at stage1_decim4_q117.hex(13): truncated value with size 20 to match size of target (18) File: /home/cidigital/Documents/PBL_14_agosto/model_sim_four_modes/coefficients/fir/stage1_decim4_q117.hex Line: 13
Warning (10230): Verilog HDL assignment warning at stage1_decim4_q117.hex(14): truncated value with size 20 to match size of target (18) File: /home/cidigital/Documents/PBL_14_agosto/model_sim_four_modes/coefficients/fir/stage1_decim4_q117.hex Line: 14
Warning (10230): Verilog HDL assignment warning at stage1_decim4_q117.hex(15): truncated value with size 20 to match size of target (18) File: /home/cidigital/Documents/PBL_14_agosto/model_sim_four_modes/coefficients/fir/stage1_decim4_q117.hex Line: 15
Warning (10230): Verilog HDL assignment warning at stage1_decim4_q117.hex(16): truncated value with size 20 to match size of target (18) File: /home/cidigital/Documents/PBL_14_agosto/model_sim_four_modes/coefficients/fir/stage1_decim4_q117.hex Line: 16
Warning (10230): Verilog HDL assignment warning at stage1_decim4_q117.hex(17): truncated value with size 20 to match size of target (18) File: /home/cidigital/Documents/PBL_14_agosto/model_sim_four_modes/coefficients/fir/stage1_decim4_q117.hex Line: 17
Warning (10230): Verilog HDL assignment warning at stage1_decim4_q117.hex(18): truncated value with size 20 to match size of target (18) File: /home/cidigital/Documents/PBL_14_agosto/model_sim_four_modes/coefficients/fir/stage1_decim4_q117.hex Line: 18
Warning (10230): Verilog HDL assignment warning at stage1_decim4_q117.hex(19): truncated value with size 20 to match size of target (18) File: /home/cidigital/Documents/PBL_14_agosto/model_sim_four_modes/coefficients/fir/stage1_decim4_q117.hex Line: 19
Warning (10230): Verilog HDL assignment warning at stage1_decim4_q117.hex(20): truncated value with size 20 to match size of target (18) File: /home/cidigital/Documents/PBL_14_agosto/model_sim_four_modes/coefficients/fir/stage1_decim4_q117.hex Line: 20
Warning (10230): Verilog HDL assignment warning at stage1_decim4_q117.hex(21): truncated value with size 20 to match size of target (18) File: /home/cidigital/Documents/PBL_14_agosto/model_sim_four_modes/coefficients/fir/stage1_decim4_q117.hex Line: 21
Warning (10230): Verilog HDL assignment warning at stage1_decim4_q117.hex(22): truncated value with size 20 to match size of target (18) File: /home/cidigital/Documents/PBL_14_agosto/model_sim_four_modes/coefficients/fir/stage1_decim4_q117.hex Line: 22
Warning (10230): Verilog HDL assignment warning at stage1_decim4_q117.hex(23): truncated value with size 20 to match size of target (18) File: /home/cidigital/Documents/PBL_14_agosto/model_sim_four_modes/coefficients/fir/stage1_decim4_q117.hex Line: 23
Warning (10230): Verilog HDL assignment warning at stage1_decim4_q117.hex(24): truncated value with size 20 to match size of target (18) File: /home/cidigital/Documents/PBL_14_agosto/model_sim_four_modes/coefficients/fir/stage1_decim4_q117.hex Line: 24
Warning (10230): Verilog HDL assignment warning at stage1_decim4_q117.hex(25): truncated value with size 20 to match size of target (18) File: /home/cidigital/Documents/PBL_14_agosto/model_sim_four_modes/coefficients/fir/stage1_decim4_q117.hex Line: 25
Warning (10230): Verilog HDL assignment warning at stage1_decim4_q117.hex(26): truncated value with size 20 to match size of target (18) File: /home/cidigital/Documents/PBL_14_agosto/model_sim_four_modes/coefficients/fir/stage1_decim4_q117.hex Line: 26
Warning (10230): Verilog HDL assignment warning at stage1_decim4_q117.hex(27): truncated value with size 20 to match size of target (18) File: /home/cidigital/Documents/PBL_14_agosto/model_sim_four_modes/coefficients/fir/stage1_decim4_q117.hex Line: 27
Warning (10230): Verilog HDL assignment warning at stage1_decim4_q117.hex(28): truncated value with size 20 to match size of target (18) File: /home/cidigital/Documents/PBL_14_agosto/model_sim_four_modes/coefficients/fir/stage1_decim4_q117.hex Line: 28
Warning (10230): Verilog HDL assignment warning at stage1_decim4_q117.hex(29): truncated value with size 20 to match size of target (18) File: /home/cidigital/Documents/PBL_14_agosto/model_sim_four_modes/coefficients/fir/stage1_decim4_q117.hex Line: 29
Warning (10230): Verilog HDL assignment warning at stage1_decim4_q117.hex(30): truncated value with size 20 to match size of target (18) File: /home/cidigital/Documents/PBL_14_agosto/model_sim_four_modes/coefficients/fir/stage1_decim4_q117.hex Line: 30
Warning (10230): Verilog HDL assignment warning at stage1_decim4_q117.hex(31): truncated value with size 20 to match size of target (18) File: /home/cidigital/Documents/PBL_14_agosto/model_sim_four_modes/coefficients/fir/stage1_decim4_q117.hex Line: 31
Warning (10230): Verilog HDL assignment warning at stage1_decim4_q117.hex(32): truncated value with size 20 to match size of target (18) File: /home/cidigital/Documents/PBL_14_agosto/model_sim_four_modes/coefficients/fir/stage1_decim4_q117.hex Line: 32
Warning (10230): Verilog HDL assignment warning at stage1_decim4_q117.hex(33): truncated value with size 20 to match size of target (18) File: /home/cidigital/Documents/PBL_14_agosto/model_sim_four_modes/coefficients/fir/stage1_decim4_q117.hex Line: 33
Warning (10230): Verilog HDL assignment warning at stage1_decim4_q117.hex(34): truncated value with size 20 to match size of target (18) File: /home/cidigital/Documents/PBL_14_agosto/model_sim_four_modes/coefficients/fir/stage1_decim4_q117.hex Line: 34
Warning (10230): Verilog HDL assignment warning at stage1_decim4_q117.hex(35): truncated value with size 20 to match size of target (18) File: /home/cidigital/Documents/PBL_14_agosto/model_sim_four_modes/coefficients/fir/stage1_decim4_q117.hex Line: 35
Warning (10230): Verilog HDL assignment warning at stage1_decim4_q117.hex(36): truncated value with size 20 to match size of target (18) File: /home/cidigital/Documents/PBL_14_agosto/model_sim_four_modes/coefficients/fir/stage1_decim4_q117.hex Line: 36
Warning (10230): Verilog HDL assignment warning at stage1_decim4_q117.hex(37): truncated value with size 20 to match size of target (18) File: /home/cidigital/Documents/PBL_14_agosto/model_sim_four_modes/coefficients/fir/stage1_decim4_q117.hex Line: 37
Warning (10230): Verilog HDL assignment warning at stage1_decim4_q117.hex(38): truncated value with size 20 to match size of target (18) File: /home/cidigital/Documents/PBL_14_agosto/model_sim_four_modes/coefficients/fir/stage1_decim4_q117.hex Line: 38
Warning (10230): Verilog HDL assignment warning at stage1_decim4_q117.hex(39): truncated value with size 20 to match size of target (18) File: /home/cidigital/Documents/PBL_14_agosto/model_sim_four_modes/coefficients/fir/stage1_decim4_q117.hex Line: 39
Warning (10230): Verilog HDL assignment warning at stage1_decim4_q117.hex(40): truncated value with size 20 to match size of target (18) File: /home/cidigital/Documents/PBL_14_agosto/model_sim_four_modes/coefficients/fir/stage1_decim4_q117.hex Line: 40
Warning (10230): Verilog HDL assignment warning at stage1_decim4_q117.hex(41): truncated value with size 20 to match size of target (18) File: /home/cidigital/Documents/PBL_14_agosto/model_sim_four_modes/coefficients/fir/stage1_decim4_q117.hex Line: 41
Warning (10230): Verilog HDL assignment warning at stage1_decim4_q117.hex(42): truncated value with size 20 to match size of target (18) File: /home/cidigital/Documents/PBL_14_agosto/model_sim_four_modes/coefficients/fir/stage1_decim4_q117.hex Line: 42
Warning (10230): Verilog HDL assignment warning at stage1_decim4_q117.hex(43): truncated value with size 20 to match size of target (18) File: /home/cidigital/Documents/PBL_14_agosto/model_sim_four_modes/coefficients/fir/stage1_decim4_q117.hex Line: 43
Warning (10230): Verilog HDL assignment warning at stage1_decim4_q117.hex(44): truncated value with size 20 to match size of target (18) File: /home/cidigital/Documents/PBL_14_agosto/model_sim_four_modes/coefficients/fir/stage1_decim4_q117.hex Line: 44
Warning (10230): Verilog HDL assignment warning at stage1_decim4_q117.hex(45): truncated value with size 20 to match size of target (18) File: /home/cidigital/Documents/PBL_14_agosto/model_sim_four_modes/coefficients/fir/stage1_decim4_q117.hex Line: 45
Warning (10230): Verilog HDL assignment warning at stage1_decim4_q117.hex(46): truncated value with size 20 to match size of target (18) File: /home/cidigital/Documents/PBL_14_agosto/model_sim_four_modes/coefficients/fir/stage1_decim4_q117.hex Line: 46
Warning (10230): Verilog HDL assignment warning at stage1_decim4_q117.hex(47): truncated value with size 20 to match size of target (18) File: /home/cidigital/Documents/PBL_14_agosto/model_sim_four_modes/coefficients/fir/stage1_decim4_q117.hex Line: 47
Warning (10030): Net "coeff_mem.data_a" at fir_coeff_rom_dualmode.v(21) has no driver or initial value, using a default initial value '0' File: /home/cidigital/Documents/PBL_14_agosto/model_sim_four_modes/rtl/preprocessing/fir_coeff_rom_dualmode.v Line: 21
Warning (10030): Net "coeff_mem.waddr_a" at fir_coeff_rom_dualmode.v(21) has no driver or initial value, using a default initial value '0' File: /home/cidigital/Documents/PBL_14_agosto/model_sim_four_modes/rtl/preprocessing/fir_coeff_rom_dualmode.v Line: 21
Warning (10030): Net "coeff_mem.we_a" at fir_coeff_rom_dualmode.v(21) has no driver or initial value, using a default initial value '0' File: /home/cidigital/Documents/PBL_14_agosto/model_sim_four_modes/rtl/preprocessing/fir_coeff_rom_dualmode.v Line: 21
Info (12128): Elaborating entity "fir_decimator_stage_dualmode" for hierarchy "preprocess_lms_fft_four_modes:pipeline|fir_decimator_32_dualmode:desired_decimator|fir_decimator_stage_dualmode:stage2" File: /home/cidigital/Documents/PBL_14_agosto/model_sim_four_modes/rtl/preprocessing/fir_decimator_32_dualmode.v Line: 86
Info (12128): Elaborating entity "fir_coeff_rom_dualmode" for hierarchy "preprocess_lms_fft_four_modes:pipeline|fir_decimator_32_dualmode:desired_decimator|fir_decimator_stage_dualmode:stage2|fir_coeff_rom_dualmode:coefficient_rom" File: /home/cidigital/Documents/PBL_14_agosto/model_sim_four_modes/rtl/preprocessing/fir_decimator_stage_dualmode.v Line: 81
Warning (10230): Verilog HDL assignment warning at stage2_decim4_q117.hex(1): truncated value with size 20 to match size of target (18) File: /home/cidigital/Documents/PBL_14_agosto/model_sim_four_modes/coefficients/fir/stage2_decim4_q117.hex Line: 1
Warning (10230): Verilog HDL assignment warning at stage2_decim4_q117.hex(2): truncated value with size 20 to match size of target (18) File: /home/cidigital/Documents/PBL_14_agosto/model_sim_four_modes/coefficients/fir/stage2_decim4_q117.hex Line: 2
Warning (10230): Verilog HDL assignment warning at stage2_decim4_q117.hex(3): truncated value with size 20 to match size of target (18) File: /home/cidigital/Documents/PBL_14_agosto/model_sim_four_modes/coefficients/fir/stage2_decim4_q117.hex Line: 3
Warning (10230): Verilog HDL assignment warning at stage2_decim4_q117.hex(4): truncated value with size 20 to match size of target (18) File: /home/cidigital/Documents/PBL_14_agosto/model_sim_four_modes/coefficients/fir/stage2_decim4_q117.hex Line: 4
Warning (10230): Verilog HDL assignment warning at stage2_decim4_q117.hex(5): truncated value with size 20 to match size of target (18) File: /home/cidigital/Documents/PBL_14_agosto/model_sim_four_modes/coefficients/fir/stage2_decim4_q117.hex Line: 5
Warning (10230): Verilog HDL assignment warning at stage2_decim4_q117.hex(6): truncated value with size 20 to match size of target (18) File: /home/cidigital/Documents/PBL_14_agosto/model_sim_four_modes/coefficients/fir/stage2_decim4_q117.hex Line: 6
Warning (10230): Verilog HDL assignment warning at stage2_decim4_q117.hex(7): truncated value with size 20 to match size of target (18) File: /home/cidigital/Documents/PBL_14_agosto/model_sim_four_modes/coefficients/fir/stage2_decim4_q117.hex Line: 7
Warning (10230): Verilog HDL assignment warning at stage2_decim4_q117.hex(8): truncated value with size 20 to match size of target (18) File: /home/cidigital/Documents/PBL_14_agosto/model_sim_four_modes/coefficients/fir/stage2_decim4_q117.hex Line: 8
Warning (10230): Verilog HDL assignment warning at stage2_decim4_q117.hex(9): truncated value with size 20 to match size of target (18) File: /home/cidigital/Documents/PBL_14_agosto/model_sim_four_modes/coefficients/fir/stage2_decim4_q117.hex Line: 9
Warning (10230): Verilog HDL assignment warning at stage2_decim4_q117.hex(10): truncated value with size 20 to match size of target (18) File: /home/cidigital/Documents/PBL_14_agosto/model_sim_four_modes/coefficients/fir/stage2_decim4_q117.hex Line: 10
Warning (10230): Verilog HDL assignment warning at stage2_decim4_q117.hex(11): truncated value with size 20 to match size of target (18) File: /home/cidigital/Documents/PBL_14_agosto/model_sim_four_modes/coefficients/fir/stage2_decim4_q117.hex Line: 11
Warning (10230): Verilog HDL assignment warning at stage2_decim4_q117.hex(12): truncated value with size 20 to match size of target (18) File: /home/cidigital/Documents/PBL_14_agosto/model_sim_four_modes/coefficients/fir/stage2_decim4_q117.hex Line: 12
Warning (10230): Verilog HDL assignment warning at stage2_decim4_q117.hex(13): truncated value with size 20 to match size of target (18) File: /home/cidigital/Documents/PBL_14_agosto/model_sim_four_modes/coefficients/fir/stage2_decim4_q117.hex Line: 13
Warning (10230): Verilog HDL assignment warning at stage2_decim4_q117.hex(14): truncated value with size 20 to match size of target (18) File: /home/cidigital/Documents/PBL_14_agosto/model_sim_four_modes/coefficients/fir/stage2_decim4_q117.hex Line: 14
Warning (10230): Verilog HDL assignment warning at stage2_decim4_q117.hex(15): truncated value with size 20 to match size of target (18) File: /home/cidigital/Documents/PBL_14_agosto/model_sim_four_modes/coefficients/fir/stage2_decim4_q117.hex Line: 15
Warning (10230): Verilog HDL assignment warning at stage2_decim4_q117.hex(16): truncated value with size 20 to match size of target (18) File: /home/cidigital/Documents/PBL_14_agosto/model_sim_four_modes/coefficients/fir/stage2_decim4_q117.hex Line: 16
Warning (10230): Verilog HDL assignment warning at stage2_decim4_q117.hex(17): truncated value with size 20 to match size of target (18) File: /home/cidigital/Documents/PBL_14_agosto/model_sim_four_modes/coefficients/fir/stage2_decim4_q117.hex Line: 17
Warning (10230): Verilog HDL assignment warning at stage2_decim4_q117.hex(18): truncated value with size 20 to match size of target (18) File: /home/cidigital/Documents/PBL_14_agosto/model_sim_four_modes/coefficients/fir/stage2_decim4_q117.hex Line: 18
Warning (10230): Verilog HDL assignment warning at stage2_decim4_q117.hex(19): truncated value with size 20 to match size of target (18) File: /home/cidigital/Documents/PBL_14_agosto/model_sim_four_modes/coefficients/fir/stage2_decim4_q117.hex Line: 19
Warning (10230): Verilog HDL assignment warning at stage2_decim4_q117.hex(20): truncated value with size 20 to match size of target (18) File: /home/cidigital/Documents/PBL_14_agosto/model_sim_four_modes/coefficients/fir/stage2_decim4_q117.hex Line: 20
Warning (10230): Verilog HDL assignment warning at stage2_decim4_q117.hex(21): truncated value with size 20 to match size of target (18) File: /home/cidigital/Documents/PBL_14_agosto/model_sim_four_modes/coefficients/fir/stage2_decim4_q117.hex Line: 21
Warning (10230): Verilog HDL assignment warning at stage2_decim4_q117.hex(22): truncated value with size 20 to match size of target (18) File: /home/cidigital/Documents/PBL_14_agosto/model_sim_four_modes/coefficients/fir/stage2_decim4_q117.hex Line: 22
Warning (10230): Verilog HDL assignment warning at stage2_decim4_q117.hex(23): truncated value with size 20 to match size of target (18) File: /home/cidigital/Documents/PBL_14_agosto/model_sim_four_modes/coefficients/fir/stage2_decim4_q117.hex Line: 23
Warning (10230): Verilog HDL assignment warning at stage2_decim4_q117.hex(24): truncated value with size 20 to match size of target (18) File: /home/cidigital/Documents/PBL_14_agosto/model_sim_four_modes/coefficients/fir/stage2_decim4_q117.hex Line: 24
Warning (10230): Verilog HDL assignment warning at stage2_decim4_q117.hex(25): truncated value with size 20 to match size of target (18) File: /home/cidigital/Documents/PBL_14_agosto/model_sim_four_modes/coefficients/fir/stage2_decim4_q117.hex Line: 25
Warning (10230): Verilog HDL assignment warning at stage2_decim4_q117.hex(26): truncated value with size 20 to match size of target (18) File: /home/cidigital/Documents/PBL_14_agosto/model_sim_four_modes/coefficients/fir/stage2_decim4_q117.hex Line: 26
Warning (10230): Verilog HDL assignment warning at stage2_decim4_q117.hex(27): truncated value with size 20 to match size of target (18) File: /home/cidigital/Documents/PBL_14_agosto/model_sim_four_modes/coefficients/fir/stage2_decim4_q117.hex Line: 27
Warning (10230): Verilog HDL assignment warning at stage2_decim4_q117.hex(28): truncated value with size 20 to match size of target (18) File: /home/cidigital/Documents/PBL_14_agosto/model_sim_four_modes/coefficients/fir/stage2_decim4_q117.hex Line: 28
Warning (10230): Verilog HDL assignment warning at stage2_decim4_q117.hex(29): truncated value with size 20 to match size of target (18) File: /home/cidigital/Documents/PBL_14_agosto/model_sim_four_modes/coefficients/fir/stage2_decim4_q117.hex Line: 29
Warning (10230): Verilog HDL assignment warning at stage2_decim4_q117.hex(30): truncated value with size 20 to match size of target (18) File: /home/cidigital/Documents/PBL_14_agosto/model_sim_four_modes/coefficients/fir/stage2_decim4_q117.hex Line: 30
Warning (10230): Verilog HDL assignment warning at stage2_decim4_q117.hex(31): truncated value with size 20 to match size of target (18) File: /home/cidigital/Documents/PBL_14_agosto/model_sim_four_modes/coefficients/fir/stage2_decim4_q117.hex Line: 31
Warning (10230): Verilog HDL assignment warning at stage2_decim4_q117.hex(32): truncated value with size 20 to match size of target (18) File: /home/cidigital/Documents/PBL_14_agosto/model_sim_four_modes/coefficients/fir/stage2_decim4_q117.hex Line: 32
Warning (10230): Verilog HDL assignment warning at stage2_decim4_q117.hex(33): truncated value with size 20 to match size of target (18) File: /home/cidigital/Documents/PBL_14_agosto/model_sim_four_modes/coefficients/fir/stage2_decim4_q117.hex Line: 33
Warning (10230): Verilog HDL assignment warning at stage2_decim4_q117.hex(34): truncated value with size 20 to match size of target (18) File: /home/cidigital/Documents/PBL_14_agosto/model_sim_four_modes/coefficients/fir/stage2_decim4_q117.hex Line: 34
Warning (10230): Verilog HDL assignment warning at stage2_decim4_q117.hex(35): truncated value with size 20 to match size of target (18) File: /home/cidigital/Documents/PBL_14_agosto/model_sim_four_modes/coefficients/fir/stage2_decim4_q117.hex Line: 35
Warning (10230): Verilog HDL assignment warning at stage2_decim4_q117.hex(36): truncated value with size 20 to match size of target (18) File: /home/cidigital/Documents/PBL_14_agosto/model_sim_four_modes/coefficients/fir/stage2_decim4_q117.hex Line: 36
Warning (10230): Verilog HDL assignment warning at stage2_decim4_q117.hex(37): truncated value with size 20 to match size of target (18) File: /home/cidigital/Documents/PBL_14_agosto/model_sim_four_modes/coefficients/fir/stage2_decim4_q117.hex Line: 37
Warning (10230): Verilog HDL assignment warning at stage2_decim4_q117.hex(38): truncated value with size 20 to match size of target (18) File: /home/cidigital/Documents/PBL_14_agosto/model_sim_four_modes/coefficients/fir/stage2_decim4_q117.hex Line: 38
Warning (10230): Verilog HDL assignment warning at stage2_decim4_q117.hex(39): truncated value with size 20 to match size of target (18) File: /home/cidigital/Documents/PBL_14_agosto/model_sim_four_modes/coefficients/fir/stage2_decim4_q117.hex Line: 39
Warning (10230): Verilog HDL assignment warning at stage2_decim4_q117.hex(40): truncated value with size 20 to match size of target (18) File: /home/cidigital/Documents/PBL_14_agosto/model_sim_four_modes/coefficients/fir/stage2_decim4_q117.hex Line: 40
Warning (10230): Verilog HDL assignment warning at stage2_decim4_q117.hex(41): truncated value with size 20 to match size of target (18) File: /home/cidigital/Documents/PBL_14_agosto/model_sim_four_modes/coefficients/fir/stage2_decim4_q117.hex Line: 41
Warning (10230): Verilog HDL assignment warning at stage2_decim4_q117.hex(42): truncated value with size 20 to match size of target (18) File: /home/cidigital/Documents/PBL_14_agosto/model_sim_four_modes/coefficients/fir/stage2_decim4_q117.hex Line: 42
Warning (10230): Verilog HDL assignment warning at stage2_decim4_q117.hex(43): truncated value with size 20 to match size of target (18) File: /home/cidigital/Documents/PBL_14_agosto/model_sim_four_modes/coefficients/fir/stage2_decim4_q117.hex Line: 43
Warning (10230): Verilog HDL assignment warning at stage2_decim4_q117.hex(44): truncated value with size 20 to match size of target (18) File: /home/cidigital/Documents/PBL_14_agosto/model_sim_four_modes/coefficients/fir/stage2_decim4_q117.hex Line: 44
Warning (10230): Verilog HDL assignment warning at stage2_decim4_q117.hex(45): truncated value with size 20 to match size of target (18) File: /home/cidigital/Documents/PBL_14_agosto/model_sim_four_modes/coefficients/fir/stage2_decim4_q117.hex Line: 45
Warning (10230): Verilog HDL assignment warning at stage2_decim4_q117.hex(46): truncated value with size 20 to match size of target (18) File: /home/cidigital/Documents/PBL_14_agosto/model_sim_four_modes/coefficients/fir/stage2_decim4_q117.hex Line: 46
Warning (10230): Verilog HDL assignment warning at stage2_decim4_q117.hex(47): truncated value with size 20 to match size of target (18) File: /home/cidigital/Documents/PBL_14_agosto/model_sim_four_modes/coefficients/fir/stage2_decim4_q117.hex Line: 47
Warning (10230): Verilog HDL assignment warning at stage2_decim4_q117.hex(48): truncated value with size 20 to match size of target (18) File: /home/cidigital/Documents/PBL_14_agosto/model_sim_four_modes/coefficients/fir/stage2_decim4_q117.hex Line: 48
Warning (10230): Verilog HDL assignment warning at stage2_decim4_q117.hex(49): truncated value with size 20 to match size of target (18) File: /home/cidigital/Documents/PBL_14_agosto/model_sim_four_modes/coefficients/fir/stage2_decim4_q117.hex Line: 49
Warning (10230): Verilog HDL assignment warning at stage2_decim4_q117.hex(50): truncated value with size 20 to match size of target (18) File: /home/cidigital/Documents/PBL_14_agosto/model_sim_four_modes/coefficients/fir/stage2_decim4_q117.hex Line: 50
Warning (10230): Verilog HDL assignment warning at stage2_decim4_q117.hex(51): truncated value with size 20 to match size of target (18) File: /home/cidigital/Documents/PBL_14_agosto/model_sim_four_modes/coefficients/fir/stage2_decim4_q117.hex Line: 51
Warning (10230): Verilog HDL assignment warning at stage2_decim4_q117.hex(52): truncated value with size 20 to match size of target (18) File: /home/cidigital/Documents/PBL_14_agosto/model_sim_four_modes/coefficients/fir/stage2_decim4_q117.hex Line: 52
Warning (10230): Verilog HDL assignment warning at stage2_decim4_q117.hex(53): truncated value with size 20 to match size of target (18) File: /home/cidigital/Documents/PBL_14_agosto/model_sim_four_modes/coefficients/fir/stage2_decim4_q117.hex Line: 53
Warning (10230): Verilog HDL assignment warning at stage2_decim4_q117.hex(54): truncated value with size 20 to match size of target (18) File: /home/cidigital/Documents/PBL_14_agosto/model_sim_four_modes/coefficients/fir/stage2_decim4_q117.hex Line: 54
Warning (10230): Verilog HDL assignment warning at stage2_decim4_q117.hex(55): truncated value with size 20 to match size of target (18) File: /home/cidigital/Documents/PBL_14_agosto/model_sim_four_modes/coefficients/fir/stage2_decim4_q117.hex Line: 55
Warning (10230): Verilog HDL assignment warning at stage2_decim4_q117.hex(56): truncated value with size 20 to match size of target (18) File: /home/cidigital/Documents/PBL_14_agosto/model_sim_four_modes/coefficients/fir/stage2_decim4_q117.hex Line: 56
Warning (10230): Verilog HDL assignment warning at stage2_decim4_q117.hex(57): truncated value with size 20 to match size of target (18) File: /home/cidigital/Documents/PBL_14_agosto/model_sim_four_modes/coefficients/fir/stage2_decim4_q117.hex Line: 57
Warning (10230): Verilog HDL assignment warning at stage2_decim4_q117.hex(58): truncated value with size 20 to match size of target (18) File: /home/cidigital/Documents/PBL_14_agosto/model_sim_four_modes/coefficients/fir/stage2_decim4_q117.hex Line: 58
Warning (10230): Verilog HDL assignment warning at stage2_decim4_q117.hex(59): truncated value with size 20 to match size of target (18) File: /home/cidigital/Documents/PBL_14_agosto/model_sim_four_modes/coefficients/fir/stage2_decim4_q117.hex Line: 59
Warning (10230): Verilog HDL assignment warning at stage2_decim4_q117.hex(60): truncated value with size 20 to match size of target (18) File: /home/cidigital/Documents/PBL_14_agosto/model_sim_four_modes/coefficients/fir/stage2_decim4_q117.hex Line: 60
Warning (10230): Verilog HDL assignment warning at stage2_decim4_q117.hex(61): truncated value with size 20 to match size of target (18) File: /home/cidigital/Documents/PBL_14_agosto/model_sim_four_modes/coefficients/fir/stage2_decim4_q117.hex Line: 61
Warning (10230): Verilog HDL assignment warning at stage2_decim4_q117.hex(62): truncated value with size 20 to match size of target (18) File: /home/cidigital/Documents/PBL_14_agosto/model_sim_four_modes/coefficients/fir/stage2_decim4_q117.hex Line: 62
Warning (10230): Verilog HDL assignment warning at stage2_decim4_q117.hex(63): truncated value with size 20 to match size of target (18) File: /home/cidigital/Documents/PBL_14_agosto/model_sim_four_modes/coefficients/fir/stage2_decim4_q117.hex Line: 63
Warning (10230): Verilog HDL assignment warning at stage2_decim4_q117.hex(64): truncated value with size 20 to match size of target (18) File: /home/cidigital/Documents/PBL_14_agosto/model_sim_four_modes/coefficients/fir/stage2_decim4_q117.hex Line: 64
Warning (10230): Verilog HDL assignment warning at stage2_decim4_q117.hex(65): truncated value with size 20 to match size of target (18) File: /home/cidigital/Documents/PBL_14_agosto/model_sim_four_modes/coefficients/fir/stage2_decim4_q117.hex Line: 65
Warning (10230): Verilog HDL assignment warning at stage2_decim4_q117.hex(66): truncated value with size 20 to match size of target (18) File: /home/cidigital/Documents/PBL_14_agosto/model_sim_four_modes/coefficients/fir/stage2_decim4_q117.hex Line: 66
Warning (10230): Verilog HDL assignment warning at stage2_decim4_q117.hex(67): truncated value with size 20 to match size of target (18) File: /home/cidigital/Documents/PBL_14_agosto/model_sim_four_modes/coefficients/fir/stage2_decim4_q117.hex Line: 67
Warning (10030): Net "coeff_mem.data_a" at fir_coeff_rom_dualmode.v(21) has no driver or initial value, using a default initial value '0' File: /home/cidigital/Documents/PBL_14_agosto/model_sim_four_modes/rtl/preprocessing/fir_coeff_rom_dualmode.v Line: 21
Warning (10030): Net "coeff_mem.waddr_a" at fir_coeff_rom_dualmode.v(21) has no driver or initial value, using a default initial value '0' File: /home/cidigital/Documents/PBL_14_agosto/model_sim_four_modes/rtl/preprocessing/fir_coeff_rom_dualmode.v Line: 21
Warning (10030): Net "coeff_mem.we_a" at fir_coeff_rom_dualmode.v(21) has no driver or initial value, using a default initial value '0' File: /home/cidigital/Documents/PBL_14_agosto/model_sim_four_modes/rtl/preprocessing/fir_coeff_rom_dualmode.v Line: 21
Info (12128): Elaborating entity "fir_decimator_stage_dualmode" for hierarchy "preprocess_lms_fft_four_modes:pipeline|fir_decimator_32_dualmode:desired_decimator|fir_decimator_stage_dualmode:stage3" File: /home/cidigital/Documents/PBL_14_agosto/model_sim_four_modes/rtl/preprocessing/fir_decimator_32_dualmode.v Line: 107
Info (12128): Elaborating entity "fir_coeff_rom_dualmode" for hierarchy "preprocess_lms_fft_four_modes:pipeline|fir_decimator_32_dualmode:desired_decimator|fir_decimator_stage_dualmode:stage3|fir_coeff_rom_dualmode:coefficient_rom" File: /home/cidigital/Documents/PBL_14_agosto/model_sim_four_modes/rtl/preprocessing/fir_decimator_stage_dualmode.v Line: 81
Warning (10230): Verilog HDL assignment warning at stage3_decim2_q117.hex(1): truncated value with size 20 to match size of target (18) File: /home/cidigital/Documents/PBL_14_agosto/model_sim_four_modes/coefficients/fir/stage3_decim2_q117.hex Line: 1
Warning (10230): Verilog HDL assignment warning at stage3_decim2_q117.hex(2): truncated value with size 20 to match size of target (18) File: /home/cidigital/Documents/PBL_14_agosto/model_sim_four_modes/coefficients/fir/stage3_decim2_q117.hex Line: 2
Warning (10230): Verilog HDL assignment warning at stage3_decim2_q117.hex(3): truncated value with size 20 to match size of target (18) File: /home/cidigital/Documents/PBL_14_agosto/model_sim_four_modes/coefficients/fir/stage3_decim2_q117.hex Line: 3
Warning (10230): Verilog HDL assignment warning at stage3_decim2_q117.hex(4): truncated value with size 20 to match size of target (18) File: /home/cidigital/Documents/PBL_14_agosto/model_sim_four_modes/coefficients/fir/stage3_decim2_q117.hex Line: 4
Warning (10230): Verilog HDL assignment warning at stage3_decim2_q117.hex(5): truncated value with size 20 to match size of target (18) File: /home/cidigital/Documents/PBL_14_agosto/model_sim_four_modes/coefficients/fir/stage3_decim2_q117.hex Line: 5
Warning (10230): Verilog HDL assignment warning at stage3_decim2_q117.hex(6): truncated value with size 20 to match size of target (18) File: /home/cidigital/Documents/PBL_14_agosto/model_sim_four_modes/coefficients/fir/stage3_decim2_q117.hex Line: 6
Warning (10230): Verilog HDL assignment warning at stage3_decim2_q117.hex(7): truncated value with size 20 to match size of target (18) File: /home/cidigital/Documents/PBL_14_agosto/model_sim_four_modes/coefficients/fir/stage3_decim2_q117.hex Line: 7
Warning (10230): Verilog HDL assignment warning at stage3_decim2_q117.hex(8): truncated value with size 20 to match size of target (18) File: /home/cidigital/Documents/PBL_14_agosto/model_sim_four_modes/coefficients/fir/stage3_decim2_q117.hex Line: 8
Warning (10230): Verilog HDL assignment warning at stage3_decim2_q117.hex(9): truncated value with size 20 to match size of target (18) File: /home/cidigital/Documents/PBL_14_agosto/model_sim_four_modes/coefficients/fir/stage3_decim2_q117.hex Line: 9
Warning (10230): Verilog HDL assignment warning at stage3_decim2_q117.hex(10): truncated value with size 20 to match size of target (18) File: /home/cidigital/Documents/PBL_14_agosto/model_sim_four_modes/coefficients/fir/stage3_decim2_q117.hex Line: 10
Warning (10230): Verilog HDL assignment warning at stage3_decim2_q117.hex(11): truncated value with size 20 to match size of target (18) File: /home/cidigital/Documents/PBL_14_agosto/model_sim_four_modes/coefficients/fir/stage3_decim2_q117.hex Line: 11
Warning (10230): Verilog HDL assignment warning at stage3_decim2_q117.hex(12): truncated value with size 20 to match size of target (18) File: /home/cidigital/Documents/PBL_14_agosto/model_sim_four_modes/coefficients/fir/stage3_decim2_q117.hex Line: 12
Warning (10230): Verilog HDL assignment warning at stage3_decim2_q117.hex(13): truncated value with size 20 to match size of target (18) File: /home/cidigital/Documents/PBL_14_agosto/model_sim_four_modes/coefficients/fir/stage3_decim2_q117.hex Line: 13
Warning (10230): Verilog HDL assignment warning at stage3_decim2_q117.hex(14): truncated value with size 20 to match size of target (18) File: /home/cidigital/Documents/PBL_14_agosto/model_sim_four_modes/coefficients/fir/stage3_decim2_q117.hex Line: 14
Warning (10230): Verilog HDL assignment warning at stage3_decim2_q117.hex(15): truncated value with size 20 to match size of target (18) File: /home/cidigital/Documents/PBL_14_agosto/model_sim_four_modes/coefficients/fir/stage3_decim2_q117.hex Line: 15
Warning (10230): Verilog HDL assignment warning at stage3_decim2_q117.hex(16): truncated value with size 20 to match size of target (18) File: /home/cidigital/Documents/PBL_14_agosto/model_sim_four_modes/coefficients/fir/stage3_decim2_q117.hex Line: 16
Warning (10230): Verilog HDL assignment warning at stage3_decim2_q117.hex(17): truncated value with size 20 to match size of target (18) File: /home/cidigital/Documents/PBL_14_agosto/model_sim_four_modes/coefficients/fir/stage3_decim2_q117.hex Line: 17
Warning (10230): Verilog HDL assignment warning at stage3_decim2_q117.hex(18): truncated value with size 20 to match size of target (18) File: /home/cidigital/Documents/PBL_14_agosto/model_sim_four_modes/coefficients/fir/stage3_decim2_q117.hex Line: 18
Warning (10230): Verilog HDL assignment warning at stage3_decim2_q117.hex(19): truncated value with size 20 to match size of target (18) File: /home/cidigital/Documents/PBL_14_agosto/model_sim_four_modes/coefficients/fir/stage3_decim2_q117.hex Line: 19
Warning (10230): Verilog HDL assignment warning at stage3_decim2_q117.hex(20): truncated value with size 20 to match size of target (18) File: /home/cidigital/Documents/PBL_14_agosto/model_sim_four_modes/coefficients/fir/stage3_decim2_q117.hex Line: 20
Warning (10230): Verilog HDL assignment warning at stage3_decim2_q117.hex(21): truncated value with size 20 to match size of target (18) File: /home/cidigital/Documents/PBL_14_agosto/model_sim_four_modes/coefficients/fir/stage3_decim2_q117.hex Line: 21
Warning (10230): Verilog HDL assignment warning at stage3_decim2_q117.hex(22): truncated value with size 20 to match size of target (18) File: /home/cidigital/Documents/PBL_14_agosto/model_sim_four_modes/coefficients/fir/stage3_decim2_q117.hex Line: 22
Warning (10230): Verilog HDL assignment warning at stage3_decim2_q117.hex(23): truncated value with size 20 to match size of target (18) File: /home/cidigital/Documents/PBL_14_agosto/model_sim_four_modes/coefficients/fir/stage3_decim2_q117.hex Line: 23
Warning (10230): Verilog HDL assignment warning at stage3_decim2_q117.hex(24): truncated value with size 20 to match size of target (18) File: /home/cidigital/Documents/PBL_14_agosto/model_sim_four_modes/coefficients/fir/stage3_decim2_q117.hex Line: 24
Warning (10230): Verilog HDL assignment warning at stage3_decim2_q117.hex(25): truncated value with size 20 to match size of target (18) File: /home/cidigital/Documents/PBL_14_agosto/model_sim_four_modes/coefficients/fir/stage3_decim2_q117.hex Line: 25
Warning (10230): Verilog HDL assignment warning at stage3_decim2_q117.hex(26): truncated value with size 20 to match size of target (18) File: /home/cidigital/Documents/PBL_14_agosto/model_sim_four_modes/coefficients/fir/stage3_decim2_q117.hex Line: 26
Warning (10230): Verilog HDL assignment warning at stage3_decim2_q117.hex(27): truncated value with size 20 to match size of target (18) File: /home/cidigital/Documents/PBL_14_agosto/model_sim_four_modes/coefficients/fir/stage3_decim2_q117.hex Line: 27
Warning (10230): Verilog HDL assignment warning at stage3_decim2_q117.hex(28): truncated value with size 20 to match size of target (18) File: /home/cidigital/Documents/PBL_14_agosto/model_sim_four_modes/coefficients/fir/stage3_decim2_q117.hex Line: 28
Warning (10230): Verilog HDL assignment warning at stage3_decim2_q117.hex(29): truncated value with size 20 to match size of target (18) File: /home/cidigital/Documents/PBL_14_agosto/model_sim_four_modes/coefficients/fir/stage3_decim2_q117.hex Line: 29
Warning (10230): Verilog HDL assignment warning at stage3_decim2_q117.hex(30): truncated value with size 20 to match size of target (18) File: /home/cidigital/Documents/PBL_14_agosto/model_sim_four_modes/coefficients/fir/stage3_decim2_q117.hex Line: 30
Warning (10230): Verilog HDL assignment warning at stage3_decim2_q117.hex(31): truncated value with size 20 to match size of target (18) File: /home/cidigital/Documents/PBL_14_agosto/model_sim_four_modes/coefficients/fir/stage3_decim2_q117.hex Line: 31
Warning (10230): Verilog HDL assignment warning at stage3_decim2_q117.hex(32): truncated value with size 20 to match size of target (18) File: /home/cidigital/Documents/PBL_14_agosto/model_sim_four_modes/coefficients/fir/stage3_decim2_q117.hex Line: 32
Warning (10230): Verilog HDL assignment warning at stage3_decim2_q117.hex(33): truncated value with size 20 to match size of target (18) File: /home/cidigital/Documents/PBL_14_agosto/model_sim_four_modes/coefficients/fir/stage3_decim2_q117.hex Line: 33
Warning (10230): Verilog HDL assignment warning at stage3_decim2_q117.hex(34): truncated value with size 20 to match size of target (18) File: /home/cidigital/Documents/PBL_14_agosto/model_sim_four_modes/coefficients/fir/stage3_decim2_q117.hex Line: 34
Warning (10230): Verilog HDL assignment warning at stage3_decim2_q117.hex(35): truncated value with size 20 to match size of target (18) File: /home/cidigital/Documents/PBL_14_agosto/model_sim_four_modes/coefficients/fir/stage3_decim2_q117.hex Line: 35
Warning (10230): Verilog HDL assignment warning at stage3_decim2_q117.hex(36): truncated value with size 20 to match size of target (18) File: /home/cidigital/Documents/PBL_14_agosto/model_sim_four_modes/coefficients/fir/stage3_decim2_q117.hex Line: 36
Warning (10230): Verilog HDL assignment warning at stage3_decim2_q117.hex(37): truncated value with size 20 to match size of target (18) File: /home/cidigital/Documents/PBL_14_agosto/model_sim_four_modes/coefficients/fir/stage3_decim2_q117.hex Line: 37
Warning (10230): Verilog HDL assignment warning at stage3_decim2_q117.hex(38): truncated value with size 20 to match size of target (18) File: /home/cidigital/Documents/PBL_14_agosto/model_sim_four_modes/coefficients/fir/stage3_decim2_q117.hex Line: 38
Warning (10230): Verilog HDL assignment warning at stage3_decim2_q117.hex(39): truncated value with size 20 to match size of target (18) File: /home/cidigital/Documents/PBL_14_agosto/model_sim_four_modes/coefficients/fir/stage3_decim2_q117.hex Line: 39
Warning (10230): Verilog HDL assignment warning at stage3_decim2_q117.hex(40): truncated value with size 20 to match size of target (18) File: /home/cidigital/Documents/PBL_14_agosto/model_sim_four_modes/coefficients/fir/stage3_decim2_q117.hex Line: 40
Warning (10230): Verilog HDL assignment warning at stage3_decim2_q117.hex(41): truncated value with size 20 to match size of target (18) File: /home/cidigital/Documents/PBL_14_agosto/model_sim_four_modes/coefficients/fir/stage3_decim2_q117.hex Line: 41
Warning (10230): Verilog HDL assignment warning at stage3_decim2_q117.hex(42): truncated value with size 20 to match size of target (18) File: /home/cidigital/Documents/PBL_14_agosto/model_sim_four_modes/coefficients/fir/stage3_decim2_q117.hex Line: 42
Warning (10230): Verilog HDL assignment warning at stage3_decim2_q117.hex(43): truncated value with size 20 to match size of target (18) File: /home/cidigital/Documents/PBL_14_agosto/model_sim_four_modes/coefficients/fir/stage3_decim2_q117.hex Line: 43
Warning (10230): Verilog HDL assignment warning at stage3_decim2_q117.hex(44): truncated value with size 20 to match size of target (18) File: /home/cidigital/Documents/PBL_14_agosto/model_sim_four_modes/coefficients/fir/stage3_decim2_q117.hex Line: 44
Warning (10230): Verilog HDL assignment warning at stage3_decim2_q117.hex(45): truncated value with size 20 to match size of target (18) File: /home/cidigital/Documents/PBL_14_agosto/model_sim_four_modes/coefficients/fir/stage3_decim2_q117.hex Line: 45
Warning (10230): Verilog HDL assignment warning at stage3_decim2_q117.hex(46): truncated value with size 20 to match size of target (18) File: /home/cidigital/Documents/PBL_14_agosto/model_sim_four_modes/coefficients/fir/stage3_decim2_q117.hex Line: 46
Warning (10230): Verilog HDL assignment warning at stage3_decim2_q117.hex(47): truncated value with size 20 to match size of target (18) File: /home/cidigital/Documents/PBL_14_agosto/model_sim_four_modes/coefficients/fir/stage3_decim2_q117.hex Line: 47
Warning (10230): Verilog HDL assignment warning at stage3_decim2_q117.hex(48): truncated value with size 20 to match size of target (18) File: /home/cidigital/Documents/PBL_14_agosto/model_sim_four_modes/coefficients/fir/stage3_decim2_q117.hex Line: 48
Warning (10230): Verilog HDL assignment warning at stage3_decim2_q117.hex(49): truncated value with size 20 to match size of target (18) File: /home/cidigital/Documents/PBL_14_agosto/model_sim_four_modes/coefficients/fir/stage3_decim2_q117.hex Line: 49
Warning (10230): Verilog HDL assignment warning at stage3_decim2_q117.hex(50): truncated value with size 20 to match size of target (18) File: /home/cidigital/Documents/PBL_14_agosto/model_sim_four_modes/coefficients/fir/stage3_decim2_q117.hex Line: 50
Warning (10230): Verilog HDL assignment warning at stage3_decim2_q117.hex(51): truncated value with size 20 to match size of target (18) File: /home/cidigital/Documents/PBL_14_agosto/model_sim_four_modes/coefficients/fir/stage3_decim2_q117.hex Line: 51
Warning (10230): Verilog HDL assignment warning at stage3_decim2_q117.hex(52): truncated value with size 20 to match size of target (18) File: /home/cidigital/Documents/PBL_14_agosto/model_sim_four_modes/coefficients/fir/stage3_decim2_q117.hex Line: 52
Warning (10230): Verilog HDL assignment warning at stage3_decim2_q117.hex(53): truncated value with size 20 to match size of target (18) File: /home/cidigital/Documents/PBL_14_agosto/model_sim_four_modes/coefficients/fir/stage3_decim2_q117.hex Line: 53
Warning (10230): Verilog HDL assignment warning at stage3_decim2_q117.hex(54): truncated value with size 20 to match size of target (18) File: /home/cidigital/Documents/PBL_14_agosto/model_sim_four_modes/coefficients/fir/stage3_decim2_q117.hex Line: 54
Warning (10230): Verilog HDL assignment warning at stage3_decim2_q117.hex(55): truncated value with size 20 to match size of target (18) File: /home/cidigital/Documents/PBL_14_agosto/model_sim_four_modes/coefficients/fir/stage3_decim2_q117.hex Line: 55
Warning (10230): Verilog HDL assignment warning at stage3_decim2_q117.hex(56): truncated value with size 20 to match size of target (18) File: /home/cidigital/Documents/PBL_14_agosto/model_sim_four_modes/coefficients/fir/stage3_decim2_q117.hex Line: 56
Warning (10230): Verilog HDL assignment warning at stage3_decim2_q117.hex(57): truncated value with size 20 to match size of target (18) File: /home/cidigital/Documents/PBL_14_agosto/model_sim_four_modes/coefficients/fir/stage3_decim2_q117.hex Line: 57
Warning (10230): Verilog HDL assignment warning at stage3_decim2_q117.hex(58): truncated value with size 20 to match size of target (18) File: /home/cidigital/Documents/PBL_14_agosto/model_sim_four_modes/coefficients/fir/stage3_decim2_q117.hex Line: 58
Warning (10230): Verilog HDL assignment warning at stage3_decim2_q117.hex(59): truncated value with size 20 to match size of target (18) File: /home/cidigital/Documents/PBL_14_agosto/model_sim_four_modes/coefficients/fir/stage3_decim2_q117.hex Line: 59
Warning (10230): Verilog HDL assignment warning at stage3_decim2_q117.hex(60): truncated value with size 20 to match size of target (18) File: /home/cidigital/Documents/PBL_14_agosto/model_sim_four_modes/coefficients/fir/stage3_decim2_q117.hex Line: 60
Warning (10230): Verilog HDL assignment warning at stage3_decim2_q117.hex(61): truncated value with size 20 to match size of target (18) File: /home/cidigital/Documents/PBL_14_agosto/model_sim_four_modes/coefficients/fir/stage3_decim2_q117.hex Line: 61
Warning (10230): Verilog HDL assignment warning at stage3_decim2_q117.hex(62): truncated value with size 20 to match size of target (18) File: /home/cidigital/Documents/PBL_14_agosto/model_sim_four_modes/coefficients/fir/stage3_decim2_q117.hex Line: 62
Warning (10230): Verilog HDL assignment warning at stage3_decim2_q117.hex(63): truncated value with size 20 to match size of target (18) File: /home/cidigital/Documents/PBL_14_agosto/model_sim_four_modes/coefficients/fir/stage3_decim2_q117.hex Line: 63
Warning (10230): Verilog HDL assignment warning at stage3_decim2_q117.hex(64): truncated value with size 20 to match size of target (18) File: /home/cidigital/Documents/PBL_14_agosto/model_sim_four_modes/coefficients/fir/stage3_decim2_q117.hex Line: 64
Warning (10230): Verilog HDL assignment warning at stage3_decim2_q117.hex(65): truncated value with size 20 to match size of target (18) File: /home/cidigital/Documents/PBL_14_agosto/model_sim_four_modes/coefficients/fir/stage3_decim2_q117.hex Line: 65
Warning (10230): Verilog HDL assignment warning at stage3_decim2_q117.hex(66): truncated value with size 20 to match size of target (18) File: /home/cidigital/Documents/PBL_14_agosto/model_sim_four_modes/coefficients/fir/stage3_decim2_q117.hex Line: 66
Warning (10230): Verilog HDL assignment warning at stage3_decim2_q117.hex(67): truncated value with size 20 to match size of target (18) File: /home/cidigital/Documents/PBL_14_agosto/model_sim_four_modes/coefficients/fir/stage3_decim2_q117.hex Line: 67
Warning (10230): Verilog HDL assignment warning at stage3_decim2_q117.hex(68): truncated value with size 20 to match size of target (18) File: /home/cidigital/Documents/PBL_14_agosto/model_sim_four_modes/coefficients/fir/stage3_decim2_q117.hex Line: 68
Warning (10230): Verilog HDL assignment warning at stage3_decim2_q117.hex(69): truncated value with size 20 to match size of target (18) File: /home/cidigital/Documents/PBL_14_agosto/model_sim_four_modes/coefficients/fir/stage3_decim2_q117.hex Line: 69
Warning (10230): Verilog HDL assignment warning at stage3_decim2_q117.hex(70): truncated value with size 20 to match size of target (18) File: /home/cidigital/Documents/PBL_14_agosto/model_sim_four_modes/coefficients/fir/stage3_decim2_q117.hex Line: 70
Warning (10230): Verilog HDL assignment warning at stage3_decim2_q117.hex(71): truncated value with size 20 to match size of target (18) File: /home/cidigital/Documents/PBL_14_agosto/model_sim_four_modes/coefficients/fir/stage3_decim2_q117.hex Line: 71
Warning (10230): Verilog HDL assignment warning at stage3_decim2_q117.hex(72): truncated value with size 20 to match size of target (18) File: /home/cidigital/Documents/PBL_14_agosto/model_sim_four_modes/coefficients/fir/stage3_decim2_q117.hex Line: 72
Warning (10230): Verilog HDL assignment warning at stage3_decim2_q117.hex(73): truncated value with size 20 to match size of target (18) File: /home/cidigital/Documents/PBL_14_agosto/model_sim_four_modes/coefficients/fir/stage3_decim2_q117.hex Line: 73
Warning (10230): Verilog HDL assignment warning at stage3_decim2_q117.hex(74): truncated value with size 20 to match size of target (18) File: /home/cidigital/Documents/PBL_14_agosto/model_sim_four_modes/coefficients/fir/stage3_decim2_q117.hex Line: 74
Warning (10230): Verilog HDL assignment warning at stage3_decim2_q117.hex(75): truncated value with size 20 to match size of target (18) File: /home/cidigital/Documents/PBL_14_agosto/model_sim_four_modes/coefficients/fir/stage3_decim2_q117.hex Line: 75
Warning (10230): Verilog HDL assignment warning at stage3_decim2_q117.hex(76): truncated value with size 20 to match size of target (18) File: /home/cidigital/Documents/PBL_14_agosto/model_sim_four_modes/coefficients/fir/stage3_decim2_q117.hex Line: 76
Warning (10230): Verilog HDL assignment warning at stage3_decim2_q117.hex(77): truncated value with size 20 to match size of target (18) File: /home/cidigital/Documents/PBL_14_agosto/model_sim_four_modes/coefficients/fir/stage3_decim2_q117.hex Line: 77
Warning (10230): Verilog HDL assignment warning at stage3_decim2_q117.hex(78): truncated value with size 20 to match size of target (18) File: /home/cidigital/Documents/PBL_14_agosto/model_sim_four_modes/coefficients/fir/stage3_decim2_q117.hex Line: 78
Warning (10230): Verilog HDL assignment warning at stage3_decim2_q117.hex(79): truncated value with size 20 to match size of target (18) File: /home/cidigital/Documents/PBL_14_agosto/model_sim_four_modes/coefficients/fir/stage3_decim2_q117.hex Line: 79
Warning (10230): Verilog HDL assignment warning at stage3_decim2_q117.hex(80): truncated value with size 20 to match size of target (18) File: /home/cidigital/Documents/PBL_14_agosto/model_sim_four_modes/coefficients/fir/stage3_decim2_q117.hex Line: 80
Warning (10230): Verilog HDL assignment warning at stage3_decim2_q117.hex(81): truncated value with size 20 to match size of target (18) File: /home/cidigital/Documents/PBL_14_agosto/model_sim_four_modes/coefficients/fir/stage3_decim2_q117.hex Line: 81
Warning (10230): Verilog HDL assignment warning at stage3_decim2_q117.hex(82): truncated value with size 20 to match size of target (18) File: /home/cidigital/Documents/PBL_14_agosto/model_sim_four_modes/coefficients/fir/stage3_decim2_q117.hex Line: 82
Warning (10230): Verilog HDL assignment warning at stage3_decim2_q117.hex(83): truncated value with size 20 to match size of target (18) File: /home/cidigital/Documents/PBL_14_agosto/model_sim_four_modes/coefficients/fir/stage3_decim2_q117.hex Line: 83
Warning (10030): Net "coeff_mem.data_a" at fir_coeff_rom_dualmode.v(21) has no driver or initial value, using a default initial value '0' File: /home/cidigital/Documents/PBL_14_agosto/model_sim_four_modes/rtl/preprocessing/fir_coeff_rom_dualmode.v Line: 21
Warning (10030): Net "coeff_mem.waddr_a" at fir_coeff_rom_dualmode.v(21) has no driver or initial value, using a default initial value '0' File: /home/cidigital/Documents/PBL_14_agosto/model_sim_four_modes/rtl/preprocessing/fir_coeff_rom_dualmode.v Line: 21
Warning (10030): Net "coeff_mem.we_a" at fir_coeff_rom_dualmode.v(21) has no driver or initial value, using a default initial value '0' File: /home/cidigital/Documents/PBL_14_agosto/model_sim_four_modes/rtl/preprocessing/fir_coeff_rom_dualmode.v Line: 21
Info (12128): Elaborating entity "sample_buffer_64_hop_dualmode" for hierarchy "preprocess_lms_fft_four_modes:pipeline|sample_buffer_64_hop_dualmode:frame_buffer" File: /home/cidigital/Documents/PBL_14_agosto/model_sim_four_modes/rtl/pipeline/preprocess_lms_fft_four_modes.sv Line: 239
Info (12128): Elaborating entity "mean_remover_64_dualmode" for hierarchy "preprocess_lms_fft_four_modes:pipeline|mean_remover_64_dualmode:mean_remover" File: /home/cidigital/Documents/PBL_14_agosto/model_sim_four_modes/rtl/pipeline/preprocess_lms_fft_four_modes.sv Line: 266
Info (12128): Elaborating entity "hann_window_64_dualmode" for hierarchy "preprocess_lms_fft_four_modes:pipeline|hann_window_64_dualmode:hann_window" File: /home/cidigital/Documents/PBL_14_agosto/model_sim_four_modes/rtl/pipeline/preprocess_lms_fft_four_modes.sv Line: 298
Warning (10230): Verilog HDL assignment warning at hann_64_q117.hex(1): truncated value with size 20 to match size of target (18) File: /home/cidigital/Documents/PBL_14_agosto/model_sim_four_modes/coefficients/windowing/hann_64_q117.hex Line: 1
Warning (10230): Verilog HDL assignment warning at hann_64_q117.hex(2): truncated value with size 20 to match size of target (18) File: /home/cidigital/Documents/PBL_14_agosto/model_sim_four_modes/coefficients/windowing/hann_64_q117.hex Line: 2
Warning (10230): Verilog HDL assignment warning at hann_64_q117.hex(3): truncated value with size 20 to match size of target (18) File: /home/cidigital/Documents/PBL_14_agosto/model_sim_four_modes/coefficients/windowing/hann_64_q117.hex Line: 3
Warning (10230): Verilog HDL assignment warning at hann_64_q117.hex(4): truncated value with size 20 to match size of target (18) File: /home/cidigital/Documents/PBL_14_agosto/model_sim_four_modes/coefficients/windowing/hann_64_q117.hex Line: 4
Warning (10230): Verilog HDL assignment warning at hann_64_q117.hex(5): truncated value with size 20 to match size of target (18) File: /home/cidigital/Documents/PBL_14_agosto/model_sim_four_modes/coefficients/windowing/hann_64_q117.hex Line: 5
Warning (10230): Verilog HDL assignment warning at hann_64_q117.hex(6): truncated value with size 20 to match size of target (18) File: /home/cidigital/Documents/PBL_14_agosto/model_sim_four_modes/coefficients/windowing/hann_64_q117.hex Line: 6
Warning (10230): Verilog HDL assignment warning at hann_64_q117.hex(7): truncated value with size 20 to match size of target (18) File: /home/cidigital/Documents/PBL_14_agosto/model_sim_four_modes/coefficients/windowing/hann_64_q117.hex Line: 7
Warning (10230): Verilog HDL assignment warning at hann_64_q117.hex(8): truncated value with size 20 to match size of target (18) File: /home/cidigital/Documents/PBL_14_agosto/model_sim_four_modes/coefficients/windowing/hann_64_q117.hex Line: 8
Warning (10230): Verilog HDL assignment warning at hann_64_q117.hex(9): truncated value with size 20 to match size of target (18) File: /home/cidigital/Documents/PBL_14_agosto/model_sim_four_modes/coefficients/windowing/hann_64_q117.hex Line: 9
Warning (10230): Verilog HDL assignment warning at hann_64_q117.hex(10): truncated value with size 20 to match size of target (18) File: /home/cidigital/Documents/PBL_14_agosto/model_sim_four_modes/coefficients/windowing/hann_64_q117.hex Line: 10
Warning (10230): Verilog HDL assignment warning at hann_64_q117.hex(11): truncated value with size 20 to match size of target (18) File: /home/cidigital/Documents/PBL_14_agosto/model_sim_four_modes/coefficients/windowing/hann_64_q117.hex Line: 11
Warning (10230): Verilog HDL assignment warning at hann_64_q117.hex(12): truncated value with size 20 to match size of target (18) File: /home/cidigital/Documents/PBL_14_agosto/model_sim_four_modes/coefficients/windowing/hann_64_q117.hex Line: 12
Warning (10230): Verilog HDL assignment warning at hann_64_q117.hex(13): truncated value with size 20 to match size of target (18) File: /home/cidigital/Documents/PBL_14_agosto/model_sim_four_modes/coefficients/windowing/hann_64_q117.hex Line: 13
Warning (10230): Verilog HDL assignment warning at hann_64_q117.hex(14): truncated value with size 20 to match size of target (18) File: /home/cidigital/Documents/PBL_14_agosto/model_sim_four_modes/coefficients/windowing/hann_64_q117.hex Line: 14
Warning (10230): Verilog HDL assignment warning at hann_64_q117.hex(15): truncated value with size 20 to match size of target (18) File: /home/cidigital/Documents/PBL_14_agosto/model_sim_four_modes/coefficients/windowing/hann_64_q117.hex Line: 15
Warning (10230): Verilog HDL assignment warning at hann_64_q117.hex(16): truncated value with size 20 to match size of target (18) File: /home/cidigital/Documents/PBL_14_agosto/model_sim_four_modes/coefficients/windowing/hann_64_q117.hex Line: 16
Warning (10230): Verilog HDL assignment warning at hann_64_q117.hex(17): truncated value with size 20 to match size of target (18) File: /home/cidigital/Documents/PBL_14_agosto/model_sim_four_modes/coefficients/windowing/hann_64_q117.hex Line: 17
Warning (10230): Verilog HDL assignment warning at hann_64_q117.hex(18): truncated value with size 20 to match size of target (18) File: /home/cidigital/Documents/PBL_14_agosto/model_sim_four_modes/coefficients/windowing/hann_64_q117.hex Line: 18
Warning (10230): Verilog HDL assignment warning at hann_64_q117.hex(19): truncated value with size 20 to match size of target (18) File: /home/cidigital/Documents/PBL_14_agosto/model_sim_four_modes/coefficients/windowing/hann_64_q117.hex Line: 19
Warning (10230): Verilog HDL assignment warning at hann_64_q117.hex(20): truncated value with size 20 to match size of target (18) File: /home/cidigital/Documents/PBL_14_agosto/model_sim_four_modes/coefficients/windowing/hann_64_q117.hex Line: 20
Warning (10230): Verilog HDL assignment warning at hann_64_q117.hex(21): truncated value with size 20 to match size of target (18) File: /home/cidigital/Documents/PBL_14_agosto/model_sim_four_modes/coefficients/windowing/hann_64_q117.hex Line: 21
Warning (10230): Verilog HDL assignment warning at hann_64_q117.hex(22): truncated value with size 20 to match size of target (18) File: /home/cidigital/Documents/PBL_14_agosto/model_sim_four_modes/coefficients/windowing/hann_64_q117.hex Line: 22
Warning (10230): Verilog HDL assignment warning at hann_64_q117.hex(23): truncated value with size 20 to match size of target (18) File: /home/cidigital/Documents/PBL_14_agosto/model_sim_four_modes/coefficients/windowing/hann_64_q117.hex Line: 23
Warning (10230): Verilog HDL assignment warning at hann_64_q117.hex(24): truncated value with size 20 to match size of target (18) File: /home/cidigital/Documents/PBL_14_agosto/model_sim_four_modes/coefficients/windowing/hann_64_q117.hex Line: 24
Warning (10230): Verilog HDL assignment warning at hann_64_q117.hex(25): truncated value with size 20 to match size of target (18) File: /home/cidigital/Documents/PBL_14_agosto/model_sim_four_modes/coefficients/windowing/hann_64_q117.hex Line: 25
Warning (10230): Verilog HDL assignment warning at hann_64_q117.hex(26): truncated value with size 20 to match size of target (18) File: /home/cidigital/Documents/PBL_14_agosto/model_sim_four_modes/coefficients/windowing/hann_64_q117.hex Line: 26
Warning (10230): Verilog HDL assignment warning at hann_64_q117.hex(27): truncated value with size 20 to match size of target (18) File: /home/cidigital/Documents/PBL_14_agosto/model_sim_four_modes/coefficients/windowing/hann_64_q117.hex Line: 27
Warning (10230): Verilog HDL assignment warning at hann_64_q117.hex(28): truncated value with size 20 to match size of target (18) File: /home/cidigital/Documents/PBL_14_agosto/model_sim_four_modes/coefficients/windowing/hann_64_q117.hex Line: 28
Warning (10230): Verilog HDL assignment warning at hann_64_q117.hex(29): truncated value with size 20 to match size of target (18) File: /home/cidigital/Documents/PBL_14_agosto/model_sim_four_modes/coefficients/windowing/hann_64_q117.hex Line: 29
Warning (10230): Verilog HDL assignment warning at hann_64_q117.hex(30): truncated value with size 20 to match size of target (18) File: /home/cidigital/Documents/PBL_14_agosto/model_sim_four_modes/coefficients/windowing/hann_64_q117.hex Line: 30
Warning (10230): Verilog HDL assignment warning at hann_64_q117.hex(31): truncated value with size 20 to match size of target (18) File: /home/cidigital/Documents/PBL_14_agosto/model_sim_four_modes/coefficients/windowing/hann_64_q117.hex Line: 31
Warning (10230): Verilog HDL assignment warning at hann_64_q117.hex(32): truncated value with size 20 to match size of target (18) File: /home/cidigital/Documents/PBL_14_agosto/model_sim_four_modes/coefficients/windowing/hann_64_q117.hex Line: 32
Warning (10230): Verilog HDL assignment warning at hann_64_q117.hex(33): truncated value with size 20 to match size of target (18) File: /home/cidigital/Documents/PBL_14_agosto/model_sim_four_modes/coefficients/windowing/hann_64_q117.hex Line: 33
Warning (10230): Verilog HDL assignment warning at hann_64_q117.hex(34): truncated value with size 20 to match size of target (18) File: /home/cidigital/Documents/PBL_14_agosto/model_sim_four_modes/coefficients/windowing/hann_64_q117.hex Line: 34
Warning (10230): Verilog HDL assignment warning at hann_64_q117.hex(35): truncated value with size 20 to match size of target (18) File: /home/cidigital/Documents/PBL_14_agosto/model_sim_four_modes/coefficients/windowing/hann_64_q117.hex Line: 35
Warning (10230): Verilog HDL assignment warning at hann_64_q117.hex(36): truncated value with size 20 to match size of target (18) File: /home/cidigital/Documents/PBL_14_agosto/model_sim_four_modes/coefficients/windowing/hann_64_q117.hex Line: 36
Warning (10230): Verilog HDL assignment warning at hann_64_q117.hex(37): truncated value with size 20 to match size of target (18) File: /home/cidigital/Documents/PBL_14_agosto/model_sim_four_modes/coefficients/windowing/hann_64_q117.hex Line: 37
Warning (10230): Verilog HDL assignment warning at hann_64_q117.hex(38): truncated value with size 20 to match size of target (18) File: /home/cidigital/Documents/PBL_14_agosto/model_sim_four_modes/coefficients/windowing/hann_64_q117.hex Line: 38
Warning (10230): Verilog HDL assignment warning at hann_64_q117.hex(39): truncated value with size 20 to match size of target (18) File: /home/cidigital/Documents/PBL_14_agosto/model_sim_four_modes/coefficients/windowing/hann_64_q117.hex Line: 39
Warning (10230): Verilog HDL assignment warning at hann_64_q117.hex(40): truncated value with size 20 to match size of target (18) File: /home/cidigital/Documents/PBL_14_agosto/model_sim_four_modes/coefficients/windowing/hann_64_q117.hex Line: 40
Warning (10230): Verilog HDL assignment warning at hann_64_q117.hex(41): truncated value with size 20 to match size of target (18) File: /home/cidigital/Documents/PBL_14_agosto/model_sim_four_modes/coefficients/windowing/hann_64_q117.hex Line: 41
Warning (10230): Verilog HDL assignment warning at hann_64_q117.hex(42): truncated value with size 20 to match size of target (18) File: /home/cidigital/Documents/PBL_14_agosto/model_sim_four_modes/coefficients/windowing/hann_64_q117.hex Line: 42
Warning (10230): Verilog HDL assignment warning at hann_64_q117.hex(43): truncated value with size 20 to match size of target (18) File: /home/cidigital/Documents/PBL_14_agosto/model_sim_four_modes/coefficients/windowing/hann_64_q117.hex Line: 43
Warning (10230): Verilog HDL assignment warning at hann_64_q117.hex(44): truncated value with size 20 to match size of target (18) File: /home/cidigital/Documents/PBL_14_agosto/model_sim_four_modes/coefficients/windowing/hann_64_q117.hex Line: 44
Warning (10230): Verilog HDL assignment warning at hann_64_q117.hex(45): truncated value with size 20 to match size of target (18) File: /home/cidigital/Documents/PBL_14_agosto/model_sim_four_modes/coefficients/windowing/hann_64_q117.hex Line: 45
Warning (10230): Verilog HDL assignment warning at hann_64_q117.hex(46): truncated value with size 20 to match size of target (18) File: /home/cidigital/Documents/PBL_14_agosto/model_sim_four_modes/coefficients/windowing/hann_64_q117.hex Line: 46
Warning (10230): Verilog HDL assignment warning at hann_64_q117.hex(47): truncated value with size 20 to match size of target (18) File: /home/cidigital/Documents/PBL_14_agosto/model_sim_four_modes/coefficients/windowing/hann_64_q117.hex Line: 47
Warning (10230): Verilog HDL assignment warning at hann_64_q117.hex(48): truncated value with size 20 to match size of target (18) File: /home/cidigital/Documents/PBL_14_agosto/model_sim_four_modes/coefficients/windowing/hann_64_q117.hex Line: 48
Warning (10230): Verilog HDL assignment warning at hann_64_q117.hex(49): truncated value with size 20 to match size of target (18) File: /home/cidigital/Documents/PBL_14_agosto/model_sim_four_modes/coefficients/windowing/hann_64_q117.hex Line: 49
Warning (10230): Verilog HDL assignment warning at hann_64_q117.hex(50): truncated value with size 20 to match size of target (18) File: /home/cidigital/Documents/PBL_14_agosto/model_sim_four_modes/coefficients/windowing/hann_64_q117.hex Line: 50
Warning (10230): Verilog HDL assignment warning at hann_64_q117.hex(51): truncated value with size 20 to match size of target (18) File: /home/cidigital/Documents/PBL_14_agosto/model_sim_four_modes/coefficients/windowing/hann_64_q117.hex Line: 51
Warning (10230): Verilog HDL assignment warning at hann_64_q117.hex(52): truncated value with size 20 to match size of target (18) File: /home/cidigital/Documents/PBL_14_agosto/model_sim_four_modes/coefficients/windowing/hann_64_q117.hex Line: 52
Warning (10230): Verilog HDL assignment warning at hann_64_q117.hex(53): truncated value with size 20 to match size of target (18) File: /home/cidigital/Documents/PBL_14_agosto/model_sim_four_modes/coefficients/windowing/hann_64_q117.hex Line: 53
Warning (10230): Verilog HDL assignment warning at hann_64_q117.hex(54): truncated value with size 20 to match size of target (18) File: /home/cidigital/Documents/PBL_14_agosto/model_sim_four_modes/coefficients/windowing/hann_64_q117.hex Line: 54
Warning (10230): Verilog HDL assignment warning at hann_64_q117.hex(55): truncated value with size 20 to match size of target (18) File: /home/cidigital/Documents/PBL_14_agosto/model_sim_four_modes/coefficients/windowing/hann_64_q117.hex Line: 55
Warning (10230): Verilog HDL assignment warning at hann_64_q117.hex(56): truncated value with size 20 to match size of target (18) File: /home/cidigital/Documents/PBL_14_agosto/model_sim_four_modes/coefficients/windowing/hann_64_q117.hex Line: 56
Warning (10230): Verilog HDL assignment warning at hann_64_q117.hex(57): truncated value with size 20 to match size of target (18) File: /home/cidigital/Documents/PBL_14_agosto/model_sim_four_modes/coefficients/windowing/hann_64_q117.hex Line: 57
Warning (10230): Verilog HDL assignment warning at hann_64_q117.hex(58): truncated value with size 20 to match size of target (18) File: /home/cidigital/Documents/PBL_14_agosto/model_sim_four_modes/coefficients/windowing/hann_64_q117.hex Line: 58
Warning (10230): Verilog HDL assignment warning at hann_64_q117.hex(59): truncated value with size 20 to match size of target (18) File: /home/cidigital/Documents/PBL_14_agosto/model_sim_four_modes/coefficients/windowing/hann_64_q117.hex Line: 59
Warning (10230): Verilog HDL assignment warning at hann_64_q117.hex(60): truncated value with size 20 to match size of target (18) File: /home/cidigital/Documents/PBL_14_agosto/model_sim_four_modes/coefficients/windowing/hann_64_q117.hex Line: 60
Warning (10230): Verilog HDL assignment warning at hann_64_q117.hex(61): truncated value with size 20 to match size of target (18) File: /home/cidigital/Documents/PBL_14_agosto/model_sim_four_modes/coefficients/windowing/hann_64_q117.hex Line: 61
Warning (10230): Verilog HDL assignment warning at hann_64_q117.hex(62): truncated value with size 20 to match size of target (18) File: /home/cidigital/Documents/PBL_14_agosto/model_sim_four_modes/coefficients/windowing/hann_64_q117.hex Line: 62
Warning (10230): Verilog HDL assignment warning at hann_64_q117.hex(63): truncated value with size 20 to match size of target (18) File: /home/cidigital/Documents/PBL_14_agosto/model_sim_four_modes/coefficients/windowing/hann_64_q117.hex Line: 63
Warning (10230): Verilog HDL assignment warning at hann_64_q117.hex(64): truncated value with size 20 to match size of target (18) File: /home/cidigital/Documents/PBL_14_agosto/model_sim_four_modes/coefficients/windowing/hann_64_q117.hex Line: 64
Warning (10030): Net "hann_coefficients.data_a" at hann_window_64_dualmode.v(33) has no driver or initial value, using a default initial value '0' File: /home/cidigital/Documents/PBL_14_agosto/model_sim_four_modes/rtl/windowing/hann_window_64_dualmode.v Line: 33
Warning (10030): Net "hann_coefficients.waddr_a" at hann_window_64_dualmode.v(33) has no driver or initial value, using a default initial value '0' File: /home/cidigital/Documents/PBL_14_agosto/model_sim_four_modes/rtl/windowing/hann_window_64_dualmode.v Line: 33
Warning (10030): Net "hann_coefficients.we_a" at hann_window_64_dualmode.v(33) has no driver or initial value, using a default initial value '0' File: /home/cidigital/Documents/PBL_14_agosto/model_sim_four_modes/rtl/windowing/hann_window_64_dualmode.v Line: 33
Info (12128): Elaborating entity "fft_64_dualmode" for hierarchy "preprocess_lms_fft_four_modes:pipeline|fft_64_dualmode:fft_core" File: /home/cidigital/Documents/PBL_14_agosto/model_sim_four_modes/rtl/pipeline/preprocess_lms_fft_four_modes.sv Line: 365
Warning (10776): Verilog HDL warning at fft_64_dualmode.v(159): variable magnitude in static task or function round_product_full may have unintended latch behavior File: /home/cidigital/Documents/PBL_14_agosto/model_sim_four_modes/rtl/fft/fft_64_dualmode.v Line: 159
Warning (10230): Verilog HDL assignment warning at fft_64_dualmode.v(220): truncated value with size 26 to match size of target (24) File: /home/cidigital/Documents/PBL_14_agosto/model_sim_four_modes/rtl/fft/fft_64_dualmode.v Line: 220
Warning (10230): Verilog HDL assignment warning at fft_64_dualmode.v(222): truncated value with size 26 to match size of target (24) File: /home/cidigital/Documents/PBL_14_agosto/model_sim_four_modes/rtl/fft/fft_64_dualmode.v Line: 222
Warning (10776): Verilog HDL warning at fft_64_dualmode.v(215): variable magnitude in static task or function round_half_sum may have unintended latch behavior File: /home/cidigital/Documents/PBL_14_agosto/model_sim_four_modes/rtl/fft/fft_64_dualmode.v Line: 215
Info (10264): Verilog HDL Case Statement information at fft_64_dualmode.v(334): all case item expressions in this case statement are onehot File: /home/cidigital/Documents/PBL_14_agosto/model_sim_four_modes/rtl/fft/fft_64_dualmode.v Line: 334
Info (12128): Elaborating entity "fft_twiddle_rom_64" for hierarchy "preprocess_lms_fft_four_modes:pipeline|fft_64_dualmode:fft_core|fft_twiddle_rom_64:twiddle_rom" File: /home/cidigital/Documents/PBL_14_agosto/model_sim_four_modes/rtl/fft/fft_64_dualmode.v Line: 117
Info (12128): Elaborating entity "dual_port_ram" for hierarchy "preprocess_lms_fft_four_modes:pipeline|fft_64_dualmode:fft_core|dual_port_ram:real_memory" File: /home/cidigital/Documents/PBL_14_agosto/model_sim_four_modes/rtl/fft/fft_64_dualmode.v Line: 367
Info (276014): Found 12 instances of uninferred RAM logic
    Info (276007): RAM logic "preprocess_lms_fft_four_modes:pipeline|fft_64_dualmode:fft_core|dual_port_ram:imag_memory|ram" is uninferred due to asynchronous read logic File: /home/cidigital/Documents/PBL_14_agosto/model_sim_four_modes/rtl/fft/dual_port_ram.v Line: 34
    Info (276007): RAM logic "preprocess_lms_fft_four_modes:pipeline|fft_64_dualmode:fft_core|dual_port_ram:real_memory|ram" is uninferred due to asynchronous read logic File: /home/cidigital/Documents/PBL_14_agosto/model_sim_four_modes/rtl/fft/dual_port_ram.v Line: 34
    Info (276004): RAM logic "preprocess_lms_fft_four_modes:pipeline|fft_64_dualmode:fft_core|fft_twiddle_rom_64:twiddle_rom|Ram0" is uninferred due to inappropriate RAM size File: /home/cidigital/Documents/PBL_14_agosto/model_sim_four_modes/rtl/fft/fft_coeff_rom_64.v Line: 20
    Info (276004): RAM logic "preprocess_lms_fft_four_modes:pipeline|fft_64_dualmode:fft_core|fft_twiddle_rom_64:twiddle_rom|Ram1" is uninferred due to inappropriate RAM size File: /home/cidigital/Documents/PBL_14_agosto/model_sim_four_modes/rtl/fft/fft_coeff_rom_64.v Line: 20
    Info (276004): RAM logic "preprocess_lms_fft_four_modes:pipeline|hann_window_64_dualmode:hann_window|hann_coefficients" is uninferred due to inappropriate RAM size File: /home/cidigital/Documents/PBL_14_agosto/model_sim_four_modes/rtl/windowing/hann_window_64_dualmode.v Line: 33
    Info (276007): RAM logic "preprocess_lms_fft_four_modes:pipeline|sample_buffer_64_hop_dualmode:frame_buffer|sample_memory" is uninferred due to asynchronous read logic File: /home/cidigital/Documents/PBL_14_agosto/model_sim_four_modes/rtl/framing/sample_buffer_64_hop8_dualmode.v Line: 28
    Info (276007): RAM logic "preprocess_lms_fft_four_modes:pipeline|fir_decimator_32_dualmode:desired_decimator|fir_decimator_stage_dualmode:stage3|sample_history" is uninferred due to asynchronous read logic File: /home/cidigital/Documents/PBL_14_agosto/model_sim_four_modes/rtl/preprocessing/fir_decimator_stage_dualmode.v Line: 42
    Info (276004): RAM logic "preprocess_lms_fft_four_modes:pipeline|fir_decimator_32_dualmode:desired_decimator|fir_decimator_stage_dualmode:stage3|fir_coeff_rom_dualmode:coefficient_rom|coeff_mem" is uninferred due to inappropriate RAM size File: /home/cidigital/Documents/PBL_14_agosto/model_sim_four_modes/rtl/preprocessing/fir_coeff_rom_dualmode.v Line: 21
    Info (276007): RAM logic "preprocess_lms_fft_four_modes:pipeline|fir_decimator_32_dualmode:desired_decimator|fir_decimator_stage_dualmode:stage2|sample_history" is uninferred due to asynchronous read logic File: /home/cidigital/Documents/PBL_14_agosto/model_sim_four_modes/rtl/preprocessing/fir_decimator_stage_dualmode.v Line: 42
    Info (276004): RAM logic "preprocess_lms_fft_four_modes:pipeline|fir_decimator_32_dualmode:desired_decimator|fir_decimator_stage_dualmode:stage2|fir_coeff_rom_dualmode:coefficient_rom|coeff_mem" is uninferred due to inappropriate RAM size File: /home/cidigital/Documents/PBL_14_agosto/model_sim_four_modes/rtl/preprocessing/fir_coeff_rom_dualmode.v Line: 21
    Info (276007): RAM logic "preprocess_lms_fft_four_modes:pipeline|fir_decimator_32_dualmode:desired_decimator|fir_decimator_stage_dualmode:stage1|sample_history" is uninferred due to asynchronous read logic File: /home/cidigital/Documents/PBL_14_agosto/model_sim_four_modes/rtl/preprocessing/fir_decimator_stage_dualmode.v Line: 42
    Info (276004): RAM logic "preprocess_lms_fft_four_modes:pipeline|fir_decimator_32_dualmode:desired_decimator|fir_decimator_stage_dualmode:stage1|fir_coeff_rom_dualmode:coefficient_rom|coeff_mem" is uninferred due to inappropriate RAM size File: /home/cidigital/Documents/PBL_14_agosto/model_sim_four_modes/rtl/preprocessing/fir_coeff_rom_dualmode.v Line: 21
Critical Warning (127005): Memory depth (128) in the design file differs from memory depth (83) in the Memory Initialization File "/home/cidigital/Documents/PBL_14_agosto/model_sim_four_modes/quartus/db/FFT.ram0_fir_coeff_rom_dualmode_4180a020.hdl.mif" -- setting initial value for remaining addresses to 0
Critical Warning (127005): Memory depth (128) in the design file differs from memory depth (67) in the Memory Initialization File "/home/cidigital/Documents/PBL_14_agosto/model_sim_four_modes/quartus/db/FFT.ram0_fir_coeff_rom_dualmode_54018b2a.hdl.mif" -- setting initial value for remaining addresses to 0
Critical Warning (127005): Memory depth (64) in the design file differs from memory depth (47) in the Memory Initialization File "/home/cidigital/Documents/PBL_14_agosto/model_sim_four_modes/quartus/db/FFT.ram0_fir_coeff_rom_dualmode_38ecd9eb.hdl.mif" -- setting initial value for remaining addresses to 0
Warning (13024): Output pins are stuck at VCC or GND
    Warning (13410): Pin "fft_overflow_components[2]" is stuck at GND File: /home/cidigital/Documents/PBL_14_agosto/model_sim_four_modes/quartus/quartus_pipeline_q915_no_lms_top.sv Line: 20
Info (286030): Timing-Driven Synthesis is running
Info (17049): 12 registers lost all their fanouts during netlist optimizations.
Info (16010): Generating hard_block partition "hard_block:auto_generated_inst"
    Info (16011): Adding 0 node(s), including 0 DDIO, 0 PLL, 0 transceiver and 0 LCELL
Info (21057): Implemented 21821 device resources after synthesis - the final resource count might be different
    Info (21058): Implemented 28 input pins
    Info (21059): Implemented 65 output pins
    Info (21061): Implemented 21720 logic cells
    Info (21062): Implemented 8 DSP elements
Info: Quartus Prime Analysis & Synthesis was successful. 0 errors, 283 warnings
    Info: Peak virtual memory: 936 megabytes
    Info: Processing ended: Fri Aug 14 16:37:41 2026
    Info: Elapsed time: 00:00:34
    Info: Total CPU time (on all processors): 00:00:38


